{"type": "FeatureCollection", "features": [{"type": "Feature", "id": 1, "geometry": {"type": "Polygon", "coordinates": [[[10.722899905331733, 59.96848348011931], [10.72225791134559, 59.96820898024112], [10.722050257298257, 59.96806700168792], [10.721917933228006, 59.96792504047846], [10.721880176670194, 59.967653609887634], [10.7217984165577, 59.96702584342876], [10.7217291812825, 59.96605400574354], [10.721779352534995, 59.96477285927645], [10.721773084748778, 59.96400915857734], [10.721817099220502, 59.96321714818653], [10.721880043172368, 59.96280062216334], [10.721886418832954, 59.96248188925337], [10.721804648357585, 59.962238882148334], [10.721634730302938, 59.962036892349644], [10.721401867386883, 59.961869635228034], [10.72109349405185, 59.96144986173767], [10.721087271390344, 59.96109960793717], [10.721137588717257, 59.960803072282204], [10.720936939297637, 59.96083629952351], [10.720608938203224, 59.96078095615391], [10.720274696763518, 59.96068368673459], [10.719952577808206, 59.9604593064167], [10.719702751703796, 59.960244467983685], [10.719111254092182, 59.95979013274398], [10.718853275195539, 59.95955659387843], [10.718519917079941, 59.95933885820106], [10.718091007865842, 59.95901415883735], [10.718001571208083, 59.95893338308642], [10.717929986877314, 59.9588615492741], [10.717858409741421, 59.95880769865082], [10.717727171231653, 59.958729879333], [10.717582430968154, 59.95866358086294], [10.71735576322255, 59.95861934515094], [10.717242656648395, 59.958594087912104], [10.717122981509704, 59.958553061318284], [10.716940497769565, 59.95851520683131], [10.716732818642441, 59.95844892888132], [10.716531380011252, 59.95837323153869], [10.716456062174725, 59.95829426226307], [10.716355318522197, 59.95821221707231], [10.716160306158635, 59.95809239833867], [10.71607221243677, 59.958038730169555], [10.71598414569904, 59.95797238355027], [10.715883509988616, 59.95790616799678], [10.715800220022468, 59.9578472594464], [10.715713646518749, 59.9577957088337], [10.715603359162577, 59.95771263309131], [10.715493496794336, 59.95762210890907], [10.715380218057073, 59.95765367271483], [10.715229017296629, 59.957691466672394], [10.715052938394091, 59.95774832336699], [10.714901904701785, 59.95778621176892], [10.71476966259508, 59.957827139350066], [10.714461351530186, 59.95791233432884], [10.714084027425837, 59.95768830002865], [10.713838523520408, 59.95756521622595], [10.713731736424139, 59.95751471456189], [10.71349256387942, 59.95741062872059], [10.7132785716476, 59.95732534660823], [10.713159052735277, 59.9572748795858], [10.7129578069342, 59.95719918248583], [10.712756348809839, 59.95712653610263], [10.71252362950089, 59.95703497814654], [10.712315892142543, 59.95694989713595], [10.71211454812731, 59.95685837047746], [10.711969957512805, 59.9567952165014], [10.711906932240232, 59.95676681891657], [10.711677412271378, 59.95665612011676], [10.711549755392975, 59.95671149072541], [10.711510657358668, 59.956814075081304], [10.711460141885054, 59.95686773000385], [10.7114286300431, 59.95697820391099], [10.711365817305186, 59.95703820373441], [10.711334158606295, 59.957079165013106], [10.711271421315274, 59.957123340523104], [10.711164740048272, 59.957128860013334], [10.711021548075001, 59.957101987555255], [10.710967674864323, 59.95711093371183], [10.710914164911056, 59.957155859680746], [10.710860323954032, 59.957218579212864], [10.71084239286132, 59.95725459238633], [10.710824234867733, 59.957335287854846], [10.710761502657855, 59.95739466033045], [10.71072365581666, 59.95746401438709], [10.710788455822735, 59.957568721733196], [10.71080659295906, 59.95764052839721], [10.71084222077097, 59.9577212665168], [10.710842244672804, 59.95779311224538], [10.71079898568693, 59.95791534303793], [10.710761315952274, 59.957984702882705], [10.710692081991851, 59.95801949511952], [10.71070455149535, 59.95806998627242], [10.710616563202732, 59.95812359048969], [10.710537752935569, 59.95817002982049], [10.710459048496501, 59.958230860286875], [10.710412457576862, 59.95827771981992], [10.710440202282735, 59.95832241402856], [10.71034077377582, 59.95840343002904], [10.71028927239651, 59.95848960420167], [10.710233431948842, 59.95854695248341], [10.710179565407886, 59.958627834038765], [10.710150500323623, 59.95870412799819], [10.710161602468192, 59.95876239766772], [10.710150734868535, 59.9588587966445], [10.710236453921793, 59.95891688864474], [10.710301556417036, 59.958970801176136], [10.710433669725274, 59.95904173311719], [10.710515407506367, 59.959111204683], [10.710608979837554, 59.959247151549256], [10.71067258878671, 59.95935415834244], [10.710716282623752, 59.959426617124365], [10.710855132661509, 59.95945523567248], [10.710930703534679, 59.95957513081168], [10.711056484242624, 59.95960359349459], [10.711145811609368, 59.95960614169676], [10.711245364096547, 59.9596225114985], [10.711271263615936, 59.95968701710616], [10.711220073233287, 59.9597707734197], [10.711217355762718, 59.95984855451233], [10.711201086270222, 59.95989388403616], [10.711295519409965, 59.95990963671947], [10.711342665253362, 59.96002887551776], [10.71132673083112, 59.96010209038641], [10.711352133065535, 59.960139963849656], [10.711358298686982, 59.960180987766904], [10.711339490415806, 59.9602251548201], [10.71146786297346, 59.96027932935354], [10.711539409962793, 59.96033336159177], [10.711646785315795, 59.960431990989235], [10.711682668731102, 59.960467867504], [10.711646660028569, 59.96053962019822], [10.711534576503295, 59.96056600440431], [10.711446399931788, 59.96059748339158], [10.711307894727351, 59.96063541607938], [10.711119061333934, 59.96067009170534], [10.711043495952886, 59.960685885373], [10.711005855697346, 59.96076468780812], [10.710949108966698, 59.96081517380721], [10.710936610679559, 59.9608909279793], [10.710769603920118, 59.961024325568204], [10.710628055152531, 59.961102352728865], [10.710609132449376, 59.961130780496504], [10.71045811012417, 59.961178106419524], [10.710401573113222, 59.96123804048174], [10.710376187963954, 59.961305282085995], [10.710181328157864, 59.96139892758375], [10.710168664658598, 59.961496706871166], [10.710313369141211, 59.96155357183986], [10.71047078785347, 59.96167981862243], [10.710011310148305, 59.96195430688582], [10.710089090532389, 59.96208344526051], [10.710250195908475, 59.9624055664027], [10.710432657614195, 59.96266112219436], [10.710697425260005, 59.96295415584985], [10.710873032536057, 59.963298687947194], [10.71097368849523, 59.96354483592215], [10.71015805603695, 59.963632119033676], [10.709607986364391, 59.963696124320066], [10.708412317041422, 59.963506657829704], [10.706140675258139, 59.96298907165648], [10.705750465159793, 59.96287546432715], [10.705434878741372, 59.96273821187131], [10.705064815866969, 59.96258821220959], [10.704665282025383, 59.962343284538186], [10.703863174655561, 59.96186870350527], [10.703430569452944, 59.96158025108323], [10.703315959908297, 59.961483626979], [10.703198142597632, 59.961418638579154], [10.703064185741436, 59.96131634801049], [10.70299503536449, 59.961256364375465], [10.702900541194733, 59.961199599753385], [10.702806208671603, 59.9611333101148], [10.702732761099831, 59.96109539584908], [10.702643445483139, 59.96104158822636], [10.702589735456911, 59.96099667425046], [10.702485579028801, 59.96094391123712], [10.702339128143754, 59.960897861249215], [10.702114425533978, 59.960795665379784], [10.701931879208486, 59.960729284373706], [10.701784373858228, 59.960673397601596], [10.701641169768124, 59.9606106375019], [10.701551695260658, 59.960592611777045], [10.701365768840834, 59.96059652614512], [10.701170515425773, 59.96060598070625], [10.700978958281755, 59.96061043055564], [10.700874733883966, 59.96062177651816], [10.700711145970743, 59.96062489008155], [10.700656722004041, 59.960718158980356], [10.70060409219413, 59.9607920644232], [10.700559854069388, 59.96087730295699], [10.700531307191952, 59.960906584316106], [10.700490470504525, 59.9609877077688], [10.700334242459407, 59.96099627733558], [10.700209067454109, 59.96099632841884], [10.699994244315862, 59.96101422430194], [10.699761395105135, 59.96102316957051], [10.699489897345627, 59.96102869456823], [10.699408130640396, 59.961050753083995], [10.69922432301269, 59.96111291218966], [10.699036589260219, 59.961161094615605], [10.698923215279168, 59.96118625777363], [10.698728577049277, 59.96072553863153], [10.69867186247122, 59.96083914373104], [10.698596169165851, 59.96096220072185], [10.698542621643872, 59.96105693662373], [10.698533307704215, 59.96110105222958], [10.698526819789071, 59.96113581966288], [10.698533109398781, 59.96126829705344], [10.69852670544827, 59.96135351127161], [10.698514198692981, 59.961416676856764], [10.698501480386062, 59.961460771612494], [10.69845109140557, 59.961615406986716], [10.699237692169156, 59.961665995243514], [10.699212270695973, 59.962051010753754], [10.699186733779754, 59.96241066547432], [10.698463134727547, 59.96234432999661], [10.698453707407475, 59.962414159555145], [10.697164702502068, 59.96214466008139], [10.696807731708843, 59.96259959450953], [10.696498918951928, 59.96299711473806], [10.696127510996634, 59.96348295855991], [10.695875378774057, 59.96382370096175], [10.695774651180711, 59.96395295250712], [10.695686440094583, 59.96406040275488], [10.695642262001558, 59.96412019473814], [10.695566836306467, 59.96410442190693], [10.695258026771004, 59.964445110761915], [10.695094354077478, 59.96460602460428], [10.6948864995728, 59.96481432145584], [10.694760546226803, 59.96494994142858], [10.69460932613075, 59.965117106420635], [10.694029684084331, 59.96573228038907], [10.693331006355159, 59.96593721227035], [10.693154977702402, 59.96581096512692], [10.692991399827852, 59.965691059565344], [10.692040699746798, 59.965974788535796], [10.691864572216208, 59.965898982440834], [10.691833131773523, 59.965858029498904], [10.69188985906939, 59.96571286557746], [10.691845373055711, 59.965643970336025], [10.691630674843928, 59.965347677171984], [10.691324321550924, 59.96478815724342], [10.691865667476069, 59.964662076987324], [10.690802695917837, 59.9641064971409], [10.690941160222785, 59.96406228918582], [10.690765123049237, 59.96385079434384], [10.6906771604744, 59.96372463620443], [10.69058913606241, 59.96361412326204], [10.690544981671252, 59.96355099292312], [10.690486822178212, 59.963489383784626], [10.69050477541296, 59.9633638130984], [10.69058310725465, 59.963184915930746], [10.69064840193421, 59.963067638229965], [10.690677882910062, 59.96281898338753], [10.689853297344893, 59.9631910763187], [10.689330950738961, 59.96318783378436], [10.688191683648208, 59.963174921977654], [10.688336813535841, 59.9629761816879], [10.688468984836348, 59.96287835788267], [10.68858848687777, 59.9628089834287], [10.688531911356314, 59.96267324075057], [10.688544688547081, 59.962572318312766], [10.688664581518607, 59.96237041491078], [10.68830592677032, 59.96231659452378], [10.687896789237122, 59.96218082188659], [10.687601254227344, 59.962007223791645], [10.687176864570121, 59.961576820822685], [10.687015694130407, 59.96146903528891], [10.686854765671136, 59.96138832316286], [10.68667575549405, 59.961307378539125], [10.686514828412168, 59.96124456114407], [10.68628218568442, 59.96118164247399], [10.686067459685946, 59.96113675515467], [10.685799026329423, 59.96111870256737], [10.685566352334103, 59.96110973433975], [10.685351448320352, 59.96110062855432], [10.68501153869482, 59.96114533665517], [10.6847892832936, 59.96117339573974], [10.68458185260374, 59.96121704614588], [10.684367093852064, 59.96126189535376], [10.684152082639299, 59.96129765391357], [10.684002639445465, 59.961321532913644], [10.683794218132407, 59.96134249010869], [10.68356154296811, 59.96135141259142], [10.68311414194736, 59.9613512301371], [10.68288138328753, 59.96133326263004], [10.682657793574062, 59.961293114464674], [10.682599212278516, 59.961377968142855], [10.68279405819917, 59.9616840584345], [10.682730972752047, 59.96170303288737], [10.682384934014935, 59.96180706067123], [10.68187513807924, 59.96183837004208], [10.680120058728466, 59.96133617420901], [10.67993790958041, 59.961301426820796], [10.679629452920349, 59.96131388204609], [10.679415489157217, 59.96138006051888], [10.679245309037052, 59.96150927042465], [10.679119182231045, 59.96184377579045], [10.678488901976706, 59.96213737621187], [10.67828170971302, 59.96214334894625], [10.677665075802453, 59.962171496641766], [10.672894607496088, 59.962352732196635], [10.670063732271593, 59.96245062604006], [10.669830016390172, 59.96220950841504], [10.669591029734823, 59.96201695385354], [10.66935235293743, 59.96181793566734], [10.669226804818225, 59.9617138158787], [10.669012854683345, 59.961546542762434], [10.668874592028617, 59.96147383629937], [10.668811669307267, 59.961451715613094], [10.668654375311084, 59.96137919302672], [10.668472305778018, 59.96133705801987], [10.668347173894814, 59.96131891650701], [10.668221683629987, 59.96128295798553], [10.668024778811398, 59.961282957574575], [10.6678280650351, 59.96128287362419], [10.667666758454981, 59.96129177666951], [10.667477754813751, 59.96129032660771], [10.667326084885962, 59.961291363859644], [10.667200607062714, 59.961400627708585], [10.66713119990944, 59.961495280132446], [10.66711205533031, 59.96164985602369], [10.667149405947981, 59.96187705692472], [10.667128536658035, 59.96205441567943], [10.667038733121487, 59.96219803440705], [10.666949070169036, 59.96229669674338], [10.66684146824942, 59.96239539880187], [10.666698232254928, 59.96244023429159], [10.666501101658447, 59.96249399770824], [10.66637583361607, 59.96250291550152], [10.666242108564566, 59.962498337025075], [10.666116365765076, 59.962479363140346], [10.665996815215884, 59.96244458756011], [10.665921384355302, 59.96237826164248], [10.665839727362666, 59.962277291140616], [10.665732940200463, 59.96215732912009], [10.66556952474958, 59.962087748761256], [10.665393152087702, 59.96207196390443], [10.6652359339184, 59.96206876944202], [10.665047057615967, 59.962112910935964], [10.664927351514052, 59.962191700111696], [10.664864206685415, 59.96228637823007], [10.664895533740049, 59.962393696368665], [10.665360509695933, 59.96279143273639], [10.666327460516971, 59.96408565391023], [10.666245484126895, 59.964117307743734], [10.666044538534345, 59.96392464913249], [10.665824370908485, 59.96381723369757], [10.664494548803795, 59.96342665088298], [10.663824103014127, 59.96322303453583], [10.663037347276603, 59.963235263722055], [10.66297419157467, 59.963392976439955], [10.662602504256165, 59.96354430760132], [10.662325370359216, 59.9637144872743], [10.661872190525113, 59.96371431340052], [10.66176519878966, 59.9637520642412], [10.661827664393934, 59.96393513436711], [10.66186527385379, 59.964051921925005], [10.661896648093512, 59.96411500141293], [10.662028329490772, 59.964329664980355], [10.662172670571975, 59.96452846894039], [10.662247992839264, 59.964746221285516], [10.662366924476443, 59.96502403923743], [10.662460849062112, 59.96528601674479], [10.66251096719471, 59.96544700826467], [10.662573523834526, 59.96563628471056], [10.66263612150498, 59.965822505208294], [10.662686421091873, 59.96594240900261], [10.662742602026006, 59.96622967060259], [10.663176884751122, 59.96620457962313], [10.663403455606145, 59.96620151653853], [10.66349080479011, 59.966668568453045], [10.663467348727641, 59.96735722694324], [10.66348498001571, 59.9675458334306], [10.663470234699968, 59.96772555157666], [10.663469815104087, 59.96793694364633], [10.663255435080606, 59.96811665508791], [10.662934356551903, 59.96813863845458], [10.66282095391064, 59.96828687300495], [10.663052976607798, 59.96871615404519], [10.663272972485297, 59.96888669352081], [10.663323202891045, 59.968927732302085], [10.663404836371805, 59.9689782572768], [10.663624923548232, 59.9690919683349], [10.66420412707513, 59.968943954871904], [10.664770947614466, 59.96882745286874], [10.664953923263697, 59.96853412423719], [10.66533180750823, 59.96842075578953], [10.665549902893385, 59.96841129460412], [10.66608702156608, 59.9685188851442], [10.667163982691356, 59.96827329955805], [10.667869258361506, 59.968134811066264], [10.668347714844739, 59.9680244719755], [10.669021734236807, 59.967867055577535], [10.669544367271735, 59.967763109329475], [10.669966338890411, 59.967671769963765], [10.669978639006771, 59.967823242280105], [10.67005386795644, 59.96792417764537], [10.670148107621078, 59.968066293725215], [10.670298871328676, 59.968280944216325], [10.670423897532002, 59.9687637938583], [10.670417027185627, 59.96898783265011], [10.670655757473565, 59.96930347760419], [10.670718364786266, 59.96947080970183], [10.67091882839898, 59.96993788310895], [10.671019237470565, 59.97010834602392], [10.671397308886991, 59.970058001439895], [10.671609194742398, 59.970035737983935], [10.671805850037028, 59.97004489478469], [10.671931298502795, 59.97007185601204], [10.672092423478144, 59.97011680355373], [10.672324901445172, 59.970233423969304], [10.672646976472683, 59.97042213502372], [10.672861374965974, 59.97060164557106], [10.67292549369001, 59.97070536158398], [10.67293271298004, 59.97079012456939], [10.672896752314468, 59.97089783851253], [10.672824737358752, 59.97100553701305], [10.672824687419967, 59.97107729303693], [10.672899516340856, 59.971147101263405], [10.673144988966229, 59.971194547549494], [10.673591850147817, 59.97118206335766], [10.673598042640661, 59.97137766571024], [10.673647737952512, 59.971571189608234], [10.673718927157328, 59.97172378476419], [10.673899330223106, 59.97198373484725], [10.673823656697923, 59.97199311983848], [10.67363777592347, 59.972101846938365], [10.67335725180575, 59.97234315627649], [10.67314315584681, 59.97250715687502], [10.673042037497636, 59.97258908187238], [10.672660532256755, 59.973060779370265], [10.672569102543434, 59.97319481679744], [10.672391036825484, 59.973581295518294], [10.671894222537116, 59.974175993308734], [10.671761797312072, 59.97434636103696], [10.670948806484454, 59.97495512893598], [10.66980189220089, 59.975784828127125], [10.669297648160786, 59.976106542267395], [10.668742956838448, 59.97651346090119], [10.668579083140143, 59.976696370707046], [10.668471861548172, 59.97676577297783], [10.66817564187725, 59.976955032470386], [10.66803651412523, 59.977201070159346], [10.667740300435382, 59.97746289566806], [10.667349620427235, 59.977563622728276], [10.666720672695071, 59.97732991880373], [10.666618867599402, 59.97758266766548], [10.666420801596919, 59.978040329543994], [10.666283832563812, 59.978434178175256], [10.666258375512943, 59.978579284346196], [10.66621365089855, 59.978822219700604], [10.66604334926085, 59.979043042265644], [10.665816304259476, 59.97920390827004], [10.665267876080325, 59.97947182211665], [10.664914790313402, 59.97968941824389], [10.664321216856237, 59.98004981080237], [10.664177459889634, 59.98008977256358], [10.663912696330355, 59.9801590239064], [10.664016392236325, 59.98029201238454], [10.662728472135464, 59.980606532880834], [10.662306305419062, 59.98072940969599], [10.660756427568646, 59.981296691644474], [10.660557926651219, 59.981376390899854], [10.660396735653197, 59.981430162549806], [10.660235266321083, 59.981492915974236], [10.660031880926857, 59.98158657151111], [10.659858893131073, 59.98166324372459], [10.659729297795279, 59.98173469006371], [10.65952759669999, 59.981838741774624], [10.659199901621257, 59.98198675173986], [10.65888492784802, 59.98207196365942], [10.658633074081619, 59.98210961863769], [10.658246088772191, 59.98211998033356], [10.65781646915105, 59.98207507364144], [10.65753131779091, 59.98199859620921], [10.65728608834775, 59.98191327349183], [10.65699312259829, 59.98181432695187], [10.65674252133133, 59.981760387983066], [10.656527818760201, 59.98170637259138], [10.65613383559654, 59.98167027826206], [10.65572193240786, 59.9816968966356], [10.655580362828644, 59.98171048419351], [10.655327746074924, 59.981741632883534], [10.65514856153637, 59.981768367642964], [10.654897743030364, 59.98181315239862], [10.654664976237997, 59.98184891067018], [10.654358455852151, 59.98188331520307], [10.654377292002811, 59.98195578430107], [10.654439674550563, 59.982214569588784], [10.654495893851829, 59.98243556394398], [10.654591457412481, 59.98274642815742], [10.654727050504782, 59.98319934125562], [10.654845743953574, 59.98360331848352], [10.654958602744612, 59.98372645528528], [10.654417373694509, 59.98382074422067], [10.654624350776114, 59.98405120490325], [10.654724913144394, 59.98424066018004], [10.654793432146551, 59.984518350928155], [10.653906576888625, 59.98468487056482], [10.651788399028218, 59.98509753140884], [10.651499821901867, 59.984702872759115], [10.650751541409775, 59.98423540437233], [10.650287199151817, 59.98352201312759], [10.650111322755235, 59.98330093404364], [10.650142878801395, 59.98319056099817], [10.650115447352347, 59.98313848991771], [10.65003633816511, 59.98303588570229], [10.649973557238248, 59.982963314185554], [10.649885415207592, 59.98292533524168], [10.649665877947621, 59.98257503449206], [10.649672173669199, 59.98253396767102], [10.649584333409326, 59.98240769472476], [10.649370701830343, 59.982180422470286], [10.649194577899928, 59.982104648565155], [10.64918215548881, 59.982066740767586], [10.648880640846757, 59.98175725473399], [10.648742534968799, 59.981571140844125], [10.648629438034288, 59.98141319010651], [10.648579309849906, 59.981315407044214], [10.648572989213196, 59.981287052574906], [10.648384076101843, 59.98125536771273], [10.64825203064273, 59.98117331401791], [10.648057038890743, 59.98116058115804], [10.64763562790983, 59.98097428276135], [10.647560212564052, 59.98085732048199], [10.64738437831813, 59.98070574876886], [10.647424170422624, 59.98061192464414], [10.647454043086938, 59.980541692921875], [10.647479399840279, 59.980486688496185], [10.647482646937236, 59.98040604491289], [10.647450400445948, 59.980292396721964], [10.647316330769979, 59.98011252952226], [10.647228805179171, 59.979938965451666], [10.647109552401286, 59.979774694825544], [10.647004248888338, 59.97961897703253], [10.646915213046373, 59.97942144387625], [10.646826176448295, 59.979223909774504], [10.646758534584714, 59.97905199147173], [10.646647825099231, 59.97883782511522], [10.646576653396654, 59.97863134910813], [10.646523418822744, 59.978487692459176], [10.646464484220965, 59.978275506223184], [10.646464561420565, 59.97823126684471], [10.646175349135271, 59.977969208998466], [10.645917439651718, 59.97793434058217], [10.64570958496432, 59.977899506837915], [10.645558501356678, 59.977880486765926], [10.64542003884764, 59.97786781872917], [10.645338232784253, 59.977858191291965], [10.645048605168459, 59.97782029472774], [10.644346103922157, 59.97653222237216], [10.644409118693783, 59.97646920164474], [10.644340100925598, 59.976406042078864], [10.64428996394581, 59.97633028833385], [10.64427111087179, 59.97627040612637], [10.644246116906848, 59.97621355790152], [10.644227535007532, 59.97616933182671], [10.644221367912756, 59.97610303442679], [10.644221449511763, 59.976017879623804], [10.64422805220079, 59.97593905612331], [10.644240766812308, 59.9758696962545], [10.64425983816374, 59.975806570940065], [10.644278728576595, 59.97573390810755], [10.644316749912928, 59.9756740179299], [10.644367320915364, 59.97560464987213], [10.644417683393849, 59.97554777446416], [10.644461965853056, 59.97547846944148], [10.6445125625889, 59.9754279865461], [10.644374084466515, 59.97539643214554], [10.6442986005093, 59.97536471257516], [10.644216886739637, 59.97529852550304], [10.644198260307956, 59.975197376604186], [10.644280221211792, 59.97512805763035], [10.644387556749034, 59.97507450411804], [10.644481981954048, 59.9750208841405], [10.644494751138131, 59.9749483783549], [10.64443818825597, 59.97489147621204], [10.644499139891318, 59.97487002068503], [10.644468780935433, 59.974849863540925], [10.64441315572788, 59.97480630107266], [10.64438806487775, 59.97476518634471], [10.644312653572058, 59.97470837975898], [10.644275042706429, 59.97465471176506], [10.644212289194533, 59.97457260652937], [10.644180981031557, 59.97453784972547], [10.644143373711309, 59.97449371333834], [10.644093196391685, 59.974421016311254], [10.644074150685269, 59.97439260010718], [10.644061860965559, 59.97431692809512], [10.644043034243797, 59.97426639938282], [10.644024359176877, 59.974196990417376], [10.644037183275064, 59.97411180800463], [10.64405003152778, 59.974045509937135], [10.644094203580895, 59.973982494984554], [10.644119440828028, 59.97393522092064], [10.644157235795827, 59.97386884829537], [10.644201749823468, 59.973745956248955], [10.644264905209914, 59.973635460344866], [10.644290319581106, 59.97353774503299], [10.64428423135006, 59.97342720821095], [10.644297024748589, 59.97332314058814], [10.644315033502005, 59.97310989965744], [10.644208263400154, 59.972804678152286], [10.644179278968615, 59.97255319534421], [10.644180934087396, 59.97187792910865], [10.644150171005966, 59.97163178167327], [10.644130220506515, 59.97145208575156], [10.644113050459236, 59.97125944299394], [10.643741787910013, 59.97118665070364], [10.642955211415673, 59.97103780878174], [10.64249614213943, 59.97093027666671], [10.642093546386157, 59.97078486561385], [10.641691091105137, 59.97058253542194], [10.641395746427978, 59.97036783147204], [10.641106752494835, 59.97003949396245], [10.640867338837262, 59.969796514108594], [10.640476718111906, 59.97036413451868], [10.64041981712543, 59.97043661813135], [10.640223950996015, 59.97070485283054], [10.640154261981321, 59.97085946339298], [10.640097194860864, 59.97107078293271], [10.640090583292173, 59.97115913799862], [10.63995829170725, 59.9712537662622], [10.639753482723687, 59.97105176556381], [10.639628503977908, 59.970926053734935], [10.639480799554248, 59.97080534457854], [10.639289044399261, 59.97062958288464], [10.639204624394074, 59.97054325033481], [10.639053961176787, 59.97041372027269], [10.638921967392273, 59.97031268437613], [10.638846631848782, 59.970243197876805], [10.638394757493613, 59.970260973113206], [10.638215663462747, 59.97025198688929], [10.637965266876835, 59.97023002925838], [10.63819224082605, 59.970116596030046], [10.638457121005613, 59.96988014422586], [10.638489139591528, 59.96965612543152], [10.638376329295232, 59.9694571684326], [10.636765912364893, 59.96997279374007], [10.636587241239305, 59.97002730565589], [10.635579194537597, 59.970364223535384], [10.635724652134597, 59.97007724038932], [10.635825699360469, 59.96992573909655], [10.635952216464434, 59.96971438250307], [10.635070973182675, 59.969432326928406], [10.63480633928802, 59.96929937584149], [10.634409486177432, 59.96909990572064], [10.634012416894194, 59.96900006295889], [10.633449980763972, 59.96881713373631], [10.632887461184751, 59.968683837380375], [10.632159373282782, 59.96855062577529], [10.631530364212393, 59.96846727450495], [10.630967658278117, 59.968417053129386], [10.63047083254629, 59.9684167641958], [10.63000720145139, 59.96841640469971], [10.629444351102782, 59.96843253562227], [10.628815039917555, 59.9684819789714], [10.628152703248077, 59.96854785891901], [10.627689160679994, 59.968580766991835], [10.627159309963828, 59.9685969041528], [10.626529889271364, 59.96861315090009], [10.62560288902132, 59.968645684201405], [10.624576385801662, 59.96866150686445], [10.623417145700577, 59.96867731890251], [10.622423750108647, 59.96865978475158], [10.621076224063735, 59.9686642843544], [10.61919828811011, 59.96869043252478], [10.618176216708875, 59.97051212709105], [10.61771311804266, 59.97093034142781], [10.613956055921287, 59.97432345532499], [10.61142718829313, 59.975975435102335], [10.610456248772298, 59.97660952891246], [10.604172627471074, 59.977002384872826], [10.604016983570565, 59.977017875394836], [10.603856328005822, 59.97698329081304], [10.603743319993475, 59.97677368103534], [10.603707198992911, 59.97670656083621], [10.603621576289894, 59.976698758325725], [10.603481742902776, 59.97668303201156], [10.603381913669272, 59.97668626629671], [10.603153504338895, 59.9766768469884], [10.603031907694554, 59.97668591811576], [10.602847646420775, 59.976685885287694], [10.602674343170083, 59.976691162568926], [10.602519403918231, 59.97670946282507], [10.602441953088745, 59.97672792061343], [10.602364598870011, 59.976753756010986], [10.602283398693872, 59.976786926165865], [10.60219473053415, 59.97680339056156], [10.601984715553545, 59.97683648855197], [10.60187425202544, 59.97684008515702], [10.601724106508325, 59.976827700032985], [10.6015057181521, 59.97685629068636], [10.601442879981532, 59.97688225028165], [10.601385481775214, 59.97690371529722], [10.601322761231755, 59.97692068607551], [10.601200963606889, 59.9769528598824], [10.601107628053825, 59.97698958121816], [10.601030548014032, 59.97702279850427], [10.600946177192776, 59.97704875767547], [10.600808184417293, 59.97708533694641], [10.60072948137358, 59.97710510127205], [10.600677465250628, 59.977118472551304], [10.600610957286953, 59.97713558590706], [10.600537541939545, 59.97715067064111], [10.600474878871646, 59.977157750387924], [10.600415788139976, 59.97716225234277], [10.600336856820606, 59.97716753098156], [10.600274194864461, 59.97717730852392], [10.600172114378655, 59.97719341414069], [10.600121824742132, 59.977203245496604], [10.599983937823223, 59.977241715812625], [10.599930110513762, 59.97725250783677], [10.599906912974754, 59.977256949020315], [10.599838674791343, 59.97725871728941], [10.599718670902043, 59.97726658053773], [10.59961665029299, 59.97727279507311], [10.599546863959757, 59.97728080671062], [10.599446403003727, 59.97728878225652], [10.599346048312643, 59.97729595263498], [10.599229628796818, 59.97730654265838], [10.599148959930513, 59.977315449316556], [10.599054178662339, 59.977325232791976], [10.59896268369926, 59.977327842752096], [10.598848227891395, 59.97733040474876], [10.59876934330391, 59.97733127667942], [10.59870654857596, 59.977336643593226], [10.598651114597724, 59.97735277671294], [10.598588285026636, 59.977378645007164], [10.598529026847563, 59.97739923766882], [10.598460981137185, 59.97741440978473], [10.598407273244458, 59.97742970192925], [10.598344431001465, 59.977444868453844], [10.598247803151093, 59.977461783991444], [10.598174183652912, 59.97747434260372], [10.598082818544901, 59.97748675766981], [10.598007471616793, 59.977497460064626], [10.597975223839834, 59.97750114918494], [10.597937733750182, 59.977501065957185], [10.597867948070741, 59.97750367998704], [10.59780515348302, 59.977500952756714], [10.59774971834757, 59.977500899882905], [10.597685254396747, 59.9775026132674], [10.597620792340564, 59.97750972150548], [10.597583113726243, 59.977512420089106], [10.597436134871296, 59.977543659340554], [10.59731395017504, 59.97759083521545], [10.597240030879405, 59.9776258638853], [10.597140235867581, 59.97767198912149], [10.597099519625997, 59.977756867551506], [10.597021789519362, 59.97780301042662], [10.596914893614652, 59.9778269556151], [10.596778572581098, 59.97782123127035], [10.596642417990449, 59.97780076510058], [10.596424709679468, 59.97780796866314], [10.596314350808326, 59.977778381587854], [10.596218806612299, 59.977706215825464], [10.596164290563609, 59.97764396380775], [10.596089182273223, 59.977577336425306], [10.596071522405794, 59.97756307792106], [10.596040977198788, 59.9775377767632], [10.596017885900835, 59.97751443404803], [10.595975051283949, 59.97747766180512], [10.595949984531755, 59.97745973786883], [10.59593204975119, 59.97744888648159], [10.59590877965301, 59.97743902643888], [10.595889107573445, 59.97743180462862], [10.595873078535158, 59.97742551321398], [10.595853583198588, 59.97742099524666], [10.59582643091772, 59.97741469191106], [10.59577476009423, 59.97740658072209], [10.595733555860026, 59.977399357842316], [10.595690731686682, 59.97739217159629], [10.595613658722652, 59.9773767362313], [10.595534894506004, 59.97736052464704], [10.595459715929366, 59.977338947518895], [10.59539727912957, 59.977311951669236], [10.595343452792175, 59.977282275069], [10.59532563730285, 59.977273226448865], [10.595284591438578, 59.97723651409835], [10.59526503700373, 59.97722569836289], [10.595209543303335, 59.97719506741834], [10.595182690813546, 59.97718787480001], [10.595127256988292, 59.977171634301705], [10.595071750069817, 59.97715458098237], [10.595012779709613, 59.9771366031312], [10.594962729026122, 59.97712036218207], [10.594901792392907, 59.97710501613171], [10.594871462168472, 59.9770942901227], [10.59486082725439, 59.97709060706699], [10.59482319734987, 59.977064619764526], [10.594814350416568, 59.97705560102742], [10.594803764884677, 59.97703942026732], [10.594796464849937, 59.977029553890716], [10.594790965022408, 59.97702235558277], [10.594780498788312, 59.97700258186565], [10.59476805510949, 59.97698822784114], [10.594752086943295, 59.976966650742945], [10.594743167634348, 59.976946029384926], [10.59465572878208, 59.97687233482568], [10.594500861267083, 59.976811853046186], [10.594335240465025, 59.97677286324721], [10.594169380203192, 59.97675050181622], [10.594067014627058, 59.97674177359714], [10.59395646751197, 59.976737897753296], [10.5935842546351, 59.9767412782071], [10.593458950888735, 59.97674850910948], [10.593267961167273, 59.97675992757954], [10.593135381768148, 59.9767746481541], [10.592917940903503, 59.97679471346226], [10.592792530425333, 59.97679465601638], [10.592652592858345, 59.976794561776785], [10.592542106346304, 59.976788887811914], [10.592368706270877, 59.97678677479951], [10.592179097974526, 59.976783759581785], [10.59201990566495, 59.97677465814012], [10.591964412286334, 59.97677370095571], [10.591892650478828, 59.9767763356677], [10.591856829246701, 59.9767799038321], [10.591799489041545, 59.97678877702623], [10.591738486368863, 59.9768237851313], [10.591652381095548, 59.976864069585375], [10.591587807810143, 59.976896261114405], [10.591510550326673, 59.97693747071036], [10.59145128716698, 59.97697154792673], [10.59137074180591, 59.977011837904215], [10.591279254390118, 59.97704133073208], [10.591196723702323, 59.977062849049986], [10.591109003081337, 59.97707349278504], [10.5910409565022, 59.97707787126509], [10.590954891043657, 59.97708686129907], [10.59087423127441, 59.97710106876426], [10.590771964897796, 59.97712795193034], [10.590653680112569, 59.97717003622708], [10.590585509089724, 59.97719689097403], [10.590515490122565, 59.977241669819236], [10.590472264764761, 59.977279250824246], [10.590403968859114, 59.97733937447345], [10.59037897750369, 59.97737342984123], [10.590342667296813, 59.97742913740149], [10.590317614359092, 59.97747308249896], [10.59029046582519, 59.97751794644886], [10.590276123383457, 59.97753671084649], [10.590250891127994, 59.97758334700678], [10.590234557497315, 59.977613015892366], [10.590236348161092, 59.97765345291434], [10.590225360113347, 59.97769553023936], [10.59022517106523, 59.97774408390676], [10.590226793687908, 59.9777817271612], [10.59023564330106, 59.977836518826244], [10.590244437455102, 59.97786612927926], [10.590251265894082, 59.97790646429695], [10.590301380011656, 59.977953194123316], [10.590342216835356, 59.97800626852932], [10.590376123187005, 59.97805749191006], [10.59040472051832, 59.97810413156918], [10.590422481026078, 59.97814186508666], [10.590448797566957, 59.97821100003188], [10.590450650957576, 59.97823615149784], [10.59045059828477, 59.97826213781297], [10.590443300876254, 59.97830613752968], [10.590435833085717, 59.97836892579359], [10.59040515234746, 59.97843894054801], [10.590385243118318, 59.978481978560886], [10.590343740255099, 59.97854030106907], [10.59028459074172, 59.97858157643439], [10.590248655881513, 59.97860213580349], [10.590209136938256, 59.9786199676942], [10.590169594974142, 59.97864337346974], [10.590133660018715, 59.97866393370548], [10.59010853970672, 59.978677390798424], [10.590103334534957, 59.97868009481603], [10.590056504205581, 59.97869894067323], [10.590047715307222, 59.97870161421147], [10.589999047130593, 59.97872750264653], [10.589981218981489, 59.97873472976269], [10.589859097874726, 59.97880555114661], [10.589771861885316, 59.97885424966244], [10.58970139532026, 59.978905037228536], [10.589600302873917, 59.97898771332576], [10.58951822047195, 59.97905025311794], [10.58945933622245, 59.979124539114956], [10.589400466997903, 59.97918120055698], [10.589283160894839, 59.979271067822], [10.589212440972533, 59.97932778203871], [10.58916548155938, 59.979378547647414], [10.589134145876699, 59.97943325283142], [10.589106501127805, 59.979493927262666], [10.589071308784916, 59.97954661501841], [10.589012703990432, 59.97958377081722], [10.58891486058078, 59.97961107072429], [10.588763442083087, 59.97961490493417], [10.58865416952791, 59.97961754202836], [10.588643284319115, 59.97961843641236], [10.588614700402164, 59.979625572741284], [10.588571630767586, 59.979639059627154], [10.58855375274123, 59.97964799263772], [10.588512493117447, 59.979666754724086], [10.588485632907446, 59.979681143106596], [10.588456702240704, 59.97969357428769], [10.588417217984995, 59.979707089826974], [10.588352936636518, 59.97972759906546], [10.588273871708827, 59.979758045809334], [10.588194987458394, 59.979783101723484], [10.588146537369092, 59.97979388974201], [10.588105278519473, 59.979804558000076], [10.588049835051345, 59.97981798970341], [10.588030158805482, 59.97982425535843], [10.587985244936185, 59.979834082019444], [10.58794224766638, 59.979848379708265], [10.587900797554392, 59.979861829824976], [10.587823832475058, 59.97988326373622], [10.587746856705868, 59.979896692955116], [10.587684244781034, 59.979901970643816], [10.587608771966524, 59.97990816636109], [10.587556737224011, 59.97991083083787], [10.587501355900615, 59.97991976746242], [10.5874331219471, 59.97992953309334], [10.587372306478114, 59.979945571631255], [10.58732923445644, 59.979967150022524], [10.58729317313033, 59.980002093164366], [10.587264343823378, 59.98003260253001], [10.587212198473729, 59.98008723950617], [10.58719425272662, 59.980119551607615], [10.58717618350976, 59.980160852486904], [10.587147350829722, 59.980202152547704], [10.587130904752696, 59.980232626157964], [10.58706546616842, 59.98036946081728], [10.58701530936389, 59.98042803172986], [10.586965853169286, 59.980486716340835], [10.586915316430032, 59.98053196575867], [10.586834745066058, 59.98057234205894], [10.586759091612024, 59.98061755923344], [10.586673402419395, 59.98068555157728], [10.586628104772378, 59.980735922643916], [10.586607601873705, 59.98078874208648], [10.586592472460895, 59.98084165141663], [10.586556880203943, 59.980894595621194], [10.586487093595915, 59.98098596107547], [10.586461799248537, 59.98104644408757], [10.586411112134362, 59.98111434969293], [10.586375715711398, 59.981187353260886], [10.586340376638592, 59.981227625748716], [10.586249502781031, 59.98129814178768], [10.586148733127217, 59.98136347068153], [10.585998810692063, 59.98142463458126], [10.585812309012509, 59.98149500587534], [10.585671437826445, 59.98155017810581], [10.585605862709563, 59.981580355180505], [10.585525188820956, 59.981628191495695], [10.58541426520325, 59.98170370048251], [10.585348711436358, 59.98173639633962], [10.585278164686244, 59.98177153208675], [10.585212876816273, 59.98179416505929], [10.585132209333285, 59.98182176774567], [10.585046596099588, 59.981859545965044], [10.584931522432447, 59.98194327976325], [10.5848257434096, 59.98201383541439], [10.584649383984038, 59.982114399524775], [10.584533552481235, 59.982182279810324], [10.58443278279508, 59.982230071933536], [10.584402466860684, 59.98227033207903], [10.58440690898754, 59.982366162624764], [10.584396678000571, 59.982424002712214], [10.584377356552597, 59.982462562814796], [10.584357214118022, 59.9824978582941], [10.584316909697044, 59.98252555442295], [10.584236312485038, 59.98258085669217], [10.584170777583125, 59.982616069983116], [10.584115139977115, 59.98265377345947], [10.58401437005156, 59.98270156524671], [10.583954050803403, 59.982739381405565], [10.583883314484778, 59.9827947438578], [10.583788648031266, 59.982853260991526], [10.583702779335033, 59.98292115555115], [10.583652422200084, 59.982948874167974], [10.583576978620977, 59.982978989849904], [10.583405521004488, 59.98306964485312], [10.583244493698201, 59.983139966396315], [10.583073118754116, 59.9831977108938], [10.582926967190863, 59.98326817068596], [10.582736706050346, 59.98331413179661], [10.582595866103377, 59.98335419421892], [10.582459795413403, 59.98340691640978], [10.582076780959813, 59.98357797772997], [10.581880467314967, 59.9836759813261], [10.58162933096112, 59.983837793070194], [10.581538750358675, 59.98388043866014], [10.581332285844992, 59.98394824587734], [10.581261575434317, 59.98398859033097], [10.581104683264801, 59.9842025707837], [10.581034317804052, 59.98424031906242], [10.580808832617397, 59.98429867440126], [10.580733170435598, 59.984326352685706], [10.580647502538431, 59.98437923462665], [10.580496195478096, 59.98451507568768], [10.580405134341833, 59.984585491848414], [10.580309367955335, 59.98465350257574], [10.580053334364209, 59.9848102012402], [10.579801414295584, 59.98493340586312], [10.579695470386877, 59.98500637955911], [10.579564472407942, 59.98508687722865], [10.579382852661158, 59.98518492029231], [10.579147224375282, 59.98534598923888], [10.579046120694068, 59.985409593007624], [10.578930086711358, 59.9854774625], [10.578527315443896, 59.98560801346625], [10.578396400656144, 59.98565829690492], [10.578280331053975, 59.98570359342882], [10.578119345471467, 59.98572103336788], [10.578028654522306, 59.98577383527127], [10.577932814053275, 59.98585443103096], [10.577842043662232, 59.9858970681757], [10.577691952066044, 59.985963254585315], [10.577576037505548, 59.986003339649976], [10.577430119495734, 59.98604097833177], [10.577314405187321, 59.98604599812212], [10.577183735745551, 59.98604071386576], [10.577058046758921, 59.98603307894046], [10.576972582926558, 59.98602796218421], [10.576902142162645, 59.986038008147375], [10.576801361601575, 59.98608570455783], [10.576610760470734, 59.986237399139796], [10.57654487253343, 59.986315402593576], [10.576479332363439, 59.98637336439739], [10.576348425077786, 59.986423555851495], [10.576131745931589, 59.98649640811289], [10.575889989038721, 59.986574263579094], [10.575743954095206, 59.9866194502655], [10.575598882300007, 59.986685622815266], [10.575235975706722, 59.98690437218727], [10.575069424464816, 59.98700498468938], [10.574857706469235, 59.9871131624498], [10.574677306089058, 59.987201888959916], [10.574400272295064, 59.98730994146606], [10.574007141730615, 59.98748082080817], [10.573710679699708, 59.9876776971274], [10.573624835216572, 59.98773308751215], [10.573458633067263, 59.98781356558721], [10.573362857745401, 59.98786133793593], [10.573277137075175, 59.987909087396474], [10.573201547786633, 59.98794683611546], [10.57304539243382, 59.98800454034296], [10.572884153446358, 59.988057307033266], [10.57272302218379, 59.988122667148815], [10.572537584829982, 59.98821140123688], [10.57246692019961, 59.988256598956085], [10.572401174301765, 59.98833478532263], [10.572315107917957, 59.988425328967104], [10.572209340282692, 59.98848067813424], [10.572068992820189, 59.98859457723397], [10.571741370422078, 59.988790761982656], [10.571625241485288, 59.98887121186362], [10.571448744483462, 59.988986953264906], [10.57138816754332, 59.989017112034496], [10.571297574319097, 59.98904221516684], [10.571161715981242, 59.98906220067283], [10.571091164124741, 59.989082401359454], [10.571057000208587, 59.98910832189518], [10.570996075455774, 59.989201417819764], [10.570859941828662, 59.98929450413598], [10.570713613068765, 59.989369891562895], [10.570642997513536, 59.98942273406641], [10.570572333947489, 59.98949068218089], [10.570491641667227, 59.98954102740973], [10.570422248509702, 59.98958204079369], [10.57034152895452, 59.98960711562229], [10.570210617731641, 59.98961962211549], [10.57013513064308, 59.98962706693214], [10.570069671746188, 59.989652114587415], [10.569877753213882, 59.98983334223029], [10.569686106436503, 59.98996161191167], [10.569414580688186, 59.99014349063238], [10.569333864137777, 59.99023151412335], [10.569227818238485, 59.990319675141706], [10.569036192173831, 59.990430319351766], [10.568995899620855, 59.99046043890312], [10.568956162249542, 59.99054939058497], [10.568895574701829, 59.990599690779774], [10.56879983836685, 59.990655105606656], [10.568723978400104, 59.990702824632955], [10.568577581732153, 59.990856354591855], [10.568522057812615, 59.990891627687155], [10.568411173926224, 59.99093682041603], [10.568239919874987, 59.990974407432915], [10.568115242518031, 59.99101535857443], [10.56801940728564, 59.99105808928687], [10.56792852844665, 59.99111339637629], [10.567817690291069, 59.991186377815424], [10.567701357756954, 59.991286961790784], [10.567635640789621, 59.991367484808805], [10.567549954348712, 59.99142287636676], [10.56746415724048, 59.99144292284454], [10.567293175746993, 59.99145030242324], [10.567207827834041, 59.991460291919104], [10.567113124107545, 59.9915012608283], [10.566941375977061, 59.99162956678124], [10.566689488458799, 59.991724961610906], [10.566588744363493, 59.991762759677904], [10.56636678200718, 59.991896030731446], [10.566170200107962, 59.99197386002231], [10.565699611519058, 59.992234376794435], [10.559735731639991, 59.99390599806343], [10.559482347437646, 59.99402695802093], [10.559406940540343, 59.994160748387856], [10.55932871721999, 59.994224570090246], [10.55904642812303, 59.99445381859844], [10.558108614303041, 59.99525846043904], [10.55692332599082, 59.99639477335286], [10.556405029494323, 59.99658305928962], [10.555855217978351, 59.99672657454361], [10.552943018848712, 59.99513321428384], [10.552180444589837, 59.994617466493786], [10.549119022280578, 59.99365675104814], [10.548467854598591, 59.993853198799464], [10.546864251228435, 59.99447547654816], [10.546519301289331, 59.99460941673558], [10.546166696886363, 59.99473752271767], [10.546059563850495, 59.99478786041652], [10.5458820697461, 59.99489274460425], [10.54563297130851, 59.99504008417739], [10.545505613840927, 59.995115277477005], [10.545442987994363, 59.99515236960303], [10.545368785934498, 59.9953007627636], [10.545294066759801, 59.99545030699039], [10.54525978701532, 59.99551821396824], [10.545003819654916, 59.99602971203479], [10.544257111206129, 59.99752112314575], [10.544094993707642, 59.99784487344055], [10.543997705294421, 59.99803924836719], [10.542334930790236, 59.99847224500054], [10.540252133726417, 59.99901448574949], [10.539790270379454, 59.99913474260216], [10.537768983811338, 59.99966095071531], [10.53706965798434, 59.99988152559334], [10.536123250756464, 60.00011540394817], [10.535648997166337, 60.000300606044696], [10.535619787282723, 60.000320120755966], [10.535273713315753, 60.000552018734574], [10.534991173259236, 60.00058462641536], [10.53451766560856, 60.00060330133421], [10.534096288528808, 60.00064415347545], [10.533806611605115, 60.000644502294946], [10.533171633220771, 60.00053989379035], [10.532345060069884, 60.000375550940305], [10.531911712382106, 60.000341529507594], [10.531380633313123, 60.00021489318941], [10.530959232259134, 60.0001629282556], [10.530547719584458, 60.00011219541506], [10.53024458875975, 60.00010848304692], [10.529880190370116, 60.000130301044855], [10.529684327945533, 60.000142004218326], [10.528959394094285, 59.99964708731161], [10.528930014118984, 59.99961605461149], [10.528819517534133, 59.99949971416863], [10.528790454446735, 59.99945304478628], [10.528711978130344, 59.99936548904765], [10.528662811697304, 59.999330727464134], [10.528540987965329, 59.999320749815645], [10.528412506985331, 59.999325474432716], [10.528231722267432, 59.99937042235644], [10.528182730115551, 59.99938350860078], [10.528149771344056, 59.99941080831191], [10.52779555042929, 59.99970527306582], [10.52769083167908, 59.99975334030205], [10.527545667943107, 59.999773865773484], [10.527080962099133, 59.99976601215064], [10.526723344421438, 59.99980010160039], [10.526318258686237, 59.99989040472313], [10.525591983272077, 60.000071965353456], [10.525470909367732, 60.00014267724412], [10.52524309088429, 60.00010256956973], [10.524159161068672, 60.00009679857482], [10.523714358754747, 60.000049320548655], [10.523594227498444, 59.999991013508335], [10.523438933692777, 60.00001604653128], [10.523239097309666, 60.000002695280095], [10.523199232499666, 59.999982816147266], [10.523180068638917, 59.99997317261223], [10.523001314769239, 59.999959277885594], [10.522995095561217, 59.999958797284435], [10.522987804142849, 59.99995827965318], [10.52089086691859, 59.99967373306568], [10.518290377384302, 59.99932113364342], [10.518263944766447, 59.9993174473409], [10.518070354408405, 59.99929117121384], [10.51795748059906, 59.9993662022304], [10.517430096262665, 59.99972804693612], [10.516614752266358, 60.000281450166675], [10.516111008727645, 60.000583930255274], [10.515853253232578, 60.00082687838874], [10.515536231544745, 60.00108309901908], [10.51491668716318, 60.00126877291128], [10.514333586856505, 60.0016636034674], [10.51376118297282, 60.00204962336458], [10.513178257231358, 60.00242574938614], [10.51290469116927, 60.00261554533788], [10.51265626802546, 60.0027775085464], [10.512317742097238, 60.003018511342056], [10.512152127522391, 60.00313131178148], [10.511934361645748, 60.00327902922695], [10.511705759432347, 60.003423229502125], [10.511498923955235, 60.003551264453584], [10.511229513722345, 60.00364416274494], [10.51094062028903, 60.00394800478504], [10.510427984883915, 60.00424242911386], [10.510119102752538, 60.00449234979177], [10.5097729134285, 60.004653317300374], [10.509370059881286, 60.00485462034138], [10.50919890197988, 60.00497370485053], [10.508795107859015, 60.00535636545282], [10.508359692599974, 60.00562670271925], [10.507853718985753, 60.00596424181873], [10.507083321933997, 60.00643692817611], [10.506628200062716, 60.006702722707004], [10.506370888303508, 60.00686751945306], [10.505868421868374, 60.007223877462344], [10.50565249438938, 60.00735105362741], [10.505158534494502, 60.00767379458283], [10.505106924381133, 60.007707288337876], [10.504932237537963, 60.00781113899323], [10.504464592716294, 60.00806705662559], [10.503823862072885, 60.0084294842055], [10.50365863905849, 60.00850200002762], [10.503095540505637, 60.00879269875191], [10.502335353442735, 60.00911012735395], [10.501736197500456, 60.00942144415012], [10.501146092048646, 60.009720297708796], [10.500948081014883, 60.00983566806678], [10.500579027600091, 60.01008729346069], [10.500425997258965, 60.01018756002619], [10.499931480751322, 60.010417365410355], [10.49964869502408, 60.010617074851304], [10.498928458395447, 60.01107452323116], [10.4986497148192, 60.011194328332614], [10.498338968215586, 60.0112853424189], [10.498243301583587, 60.011392962038215], [10.497743053544692, 60.011646126377435], [10.49761718407188, 60.011727532686194], [10.496999843112985, 60.01206482974041], [10.496737037623651, 60.01221521281203], [10.496271242842159, 60.01244868489705], [10.496010272466863, 60.01258555026821], [10.495637784978962, 60.01278146813615], [10.495164354533186, 60.013061619375236], [10.494955431388691, 60.01320664614528], [10.494637957697265, 60.01346010875072], [10.494301220981772, 60.013684853298265], [10.49362692706653, 60.01398610520633], [10.493047237639006, 60.01429301546621], [10.492559545232913, 60.014564128149296], [10.49195682874695, 60.01488166818906], [10.491366557922033, 60.015169774118625], [10.490976368556266, 60.01536201645121], [10.490486656166535, 60.01563584091363], [10.490213073398568, 60.0157897115438], [10.489980500774355, 60.01621567971931], [10.489810104367807, 60.01647299261872], [10.489626931295014, 60.01676071628324], [10.489437351932231, 60.016962424142164], [10.489165172525876, 60.01725987263804], [10.489638913914057, 60.017544254622784], [10.490228135204887, 60.017930339906414], [10.490820633512508, 60.01831095859328], [10.491429443007835, 60.0187024746255], [10.492027314093082, 60.019088666433774], [10.49262355557072, 60.019471112888304], [10.493226930260015, 60.0198527208327], [10.493828597283755, 60.02024694811633], [10.494441001464228, 60.02062580016595], [10.495017732117077, 60.02101467242209], [10.49562652016306, 60.02140706443707], [10.496222736864622, 60.02178499516887], [10.496810208917845, 60.0221691894498], [10.497402943042657, 60.022557067442584], [10.498611741237845, 60.02333199248963], [10.49919739375211, 60.02372069918441], [10.49979178689628, 60.02411392745263], [10.500395509023386, 60.024495510501566], [10.501591821324322, 60.025269439093655], [10.50274392455805, 60.02600947259833], [10.502761601484492, 60.026020867536076], [10.504274302010247, 60.02699549106303], [10.506055137196407, 60.02814641242524], [10.509055982698838, 60.03007745293763], [10.51321484308547, 60.032765096233376], [10.516191561094407, 60.03466536664275], [10.519014738728174, 60.03649541691528], [10.522013424560738, 60.03843333790387], [10.524417418279384, 60.0399771709752], [10.526199270421419, 60.04113591660563], [10.527988707836109, 60.04227672529936], [10.529758507119382, 60.043417382170084], [10.530952713420206, 60.0441848253002], [10.532738773794298, 60.04533435096584], [10.533958343209434, 60.04610801802835], [10.535165371438385, 60.04688709337392], [10.536275592939303, 60.04761387152563], [10.537380730590254, 60.04832274982168], [10.538569910050262, 60.049095341584795], [10.539161832479483, 60.04946958274419], [10.540358541151976, 60.05022964091995], [10.541560209782391, 60.05099596943543], [10.542756749592542, 60.05177137565059], [10.5445473932164, 60.05291548183199], [10.545751003248348, 60.05371546661863], [10.547159112663357, 60.05460642244754], [10.548375633369075, 60.05539692350949], [10.548973051644042, 60.05577471747363], [10.550171938797037, 60.0565445520481], [10.551433205687943, 60.057363059407265], [10.55263005050479, 60.058130192251596], [10.553832572925671, 60.05890631674235], [10.554444556098648, 60.05929572452266], [10.55563997568305, 60.06006376829796], [10.556821073572047, 60.060823672840165], [10.55802558945875, 60.06159442659753], [10.55921573001505, 60.062353443221056], [10.560402381921188, 60.063118714375115], [10.56099845648789, 60.06350179815959], [10.562185246381182, 60.064270654428746], [10.563370180233916, 60.06502963352604], [10.564583817148325, 60.06580836011023], [10.565790506174412, 60.06658162508288], [10.566966649267117, 60.067352322571374], [10.568157086598765, 60.06811746361144], [10.56934618296901, 60.068880928984605], [10.569856998790613, 60.06919833711466], [10.5707373435043, 60.06977472137322], [10.571922732077672, 60.07054523051762], [10.57367054700517, 60.07166380679164], [10.575434427582962, 60.07280834409629], [10.577212881585217, 60.07395379311492], [10.578409352572198, 60.07472433842121], [10.579612903055004, 60.07549753686303], [10.580694951075902, 60.07619345586472], [10.58076486908428, 60.076238420934985], [10.581693521068793, 60.07629998426749], [10.582592735872117, 60.07635965619072], [10.582671818073154, 60.07636446039941], [10.584503442410426, 60.07647653215023], [10.586423037217115, 60.076599702523744], [10.588357169617163, 60.076724588890514], [10.590268029020436, 60.07684327322951], [10.592171475169895, 60.07696096315029], [10.594066059361728, 60.07707770067893], [10.595032258873454, 60.07714141068912], [10.595967860751058, 60.07719438156766], [10.597304033025022, 60.07728003584556], [10.596908860422305, 60.077728444488436], [10.596542464402262, 60.07816342470983], [10.595799034866067, 60.079054878391766], [10.595048417681287, 60.07994995619831], [10.594342692369393, 60.0807822317549], [10.593777902563748, 60.08144052556691], [10.593016090716642, 60.08232559868106], [10.592859216708186, 60.08251208369571], [10.59278066957221, 60.08285855313299], [10.592595515114594, 60.083815115175604], [10.592442435062138, 60.08478344808108], [10.592349136391833, 60.085248216669655], [10.592330347288817, 60.085352352596836], [10.592272069210974, 60.08567368969132], [10.59217560337383, 60.086848492692035], [10.592076477511041, 60.08829613070513], [10.592006332210751, 60.08926462360515], [10.591973911052296, 60.08974383392752], [10.591894230013633, 60.090763356563315], [10.591856915648012, 60.09159805736433], [10.59184229806462, 60.092144675680174], [10.591940012235629, 60.09288793307605], [10.592122567702107, 60.09394183555272], [10.591387735945538, 60.09527932138574], [10.590632838782597, 60.09667341743034], [10.589863168350135, 60.0980764592877], [10.5893633740564, 60.09900219178758], [10.588854532596958, 60.099936074838126], [10.588657170356315, 60.10029494142737], [10.588357279398656, 60.10067969977383], [10.587221216176225, 60.102013122361505], [10.586075975805727, 60.103345780237056], [10.584939778822083, 60.104669380269385], [10.584199063912928, 60.105561688359785], [10.583451105792866, 60.10644592662055], [10.583060672772463, 60.10689779103884], [10.5828113485957, 60.10721885458616], [10.582365666510679, 60.10760439300069], [10.581932405626478, 60.108011389240374], [10.581053299026882, 60.10884240155867], [10.57998996552314, 60.1098322603941], [10.579067442033425, 60.11069202418442], [10.57815039878994, 60.11154818984437], [10.577350698357467, 60.11228957470621], [10.576519945353649, 60.11307137148298], [10.575438200391094, 60.114096914117], [10.574849195374156, 60.11474974943368], [10.574054230950233, 60.11555926035065], [10.573179892336965, 60.11643346325829], [10.572782529469197, 60.11678480276458], [10.57334612036602, 60.11707984713751], [10.574505864881198, 60.11770941728143], [10.57466994245674, 60.11779845292846], [10.577318254602522, 60.11919706516203], [10.580609273668719, 60.120956313034746], [10.583263612342874, 60.122362010455234], [10.585937646494207, 60.12377837776567], [10.588572665359454, 60.12518762852501], [10.59124012204906, 60.1266012307011], [10.593218534662524, 60.12763803819077], [10.595216661379464, 60.12870352650115], [10.59721311162817, 60.129760922104026], [10.598532842960509, 60.13046501125613], [10.599856243771097, 60.13117442283159], [10.600524218322363, 60.13152416104105], [10.600720248397462, 60.131609819041074], [10.600829207107958, 60.13164428962576], [10.602949900574824, 60.13232102816719], [10.603949181255926, 60.13385977752534], [10.609382798021326, 60.134456522911925], [10.610470164319782, 60.134576080979826], [10.610497710259025, 60.134579064407696], [10.618917644746602, 60.13510637622317], [10.636055828336962, 60.13375192252087], [10.642156456043757, 60.13337244699026], [10.647272495313983, 60.13287970798967], [10.680319609981007, 60.13353031994197], [10.69258041942052, 60.12810791938331], [10.694575469527267, 60.12724557797262], [10.694694151317723, 60.12724764506592], [10.694764355010307, 60.12724417697282], [10.694802035895476, 60.127246842504704], [10.694856079168376, 60.127236013777555], [10.694891978408856, 60.127226123207855], [10.694931677597188, 60.12720646467186], [10.694974852050787, 60.12717954624386], [10.695007263213865, 60.127150839155945], [10.695050290362532, 60.12711402455303], [10.695068411793521, 60.127087099920566], [10.695084628620126, 60.12706370947076], [10.69510809790894, 60.127041364067324], [10.695136846400937, 60.127011728493926], [10.69516208693887, 60.12699375753345], [10.695187238566945, 60.12696957909375], [10.69521071618907, 60.126941659014854], [10.695248620155033, 60.126904048653564], [10.69528265797449, 60.1268753036009], [10.695324050556033, 60.12685372286376], [10.695388991117554, 60.126816093174], [10.695444780851728, 60.126771242201194], [10.695493337727452, 60.1267362264911], [10.695543642617729, 60.126705763333185], [10.695588853497101, 60.126677022400074], [10.695628359940478, 60.126631281494], [10.695653406615776, 60.12660790900718], [10.695689624899574, 60.126584539827164], [10.695709421899222, 60.12655856898237], [10.695720077623944, 60.126548755404436], [10.695743530769043, 60.126533423404325], [10.695754445658983, 60.12650923050509], [10.695761681588058, 60.126478714451984], [10.695772372563479, 60.12645622273912], [10.695797641088694, 60.12643114906052], [10.695844373275508, 60.12641144955056], [10.695909365239883, 60.12638443186348], [10.695936157884361, 60.126365611912036], [10.695959664185112, 60.126348483874274], [10.695973906480317, 60.12633330125128], [10.695995534229535, 60.126294710956124], [10.696028094235912, 60.12625521812086], [10.696045985334367, 60.126214887551676], [10.696060506996284, 60.12616725362698], [10.696074943894967, 60.1261367916963], [10.696094758291208, 60.12609553478081], [10.69611807089596, 60.126073004384466], [10.6961577095824, 60.12604965770841], [10.696226073008924, 60.12600926156823], [10.696258498635512, 60.12598594979284], [10.696299916269899, 60.125957265281876], [10.696316026524961, 60.1259429532004], [10.696334135843514, 60.12593401133201], [10.696335943309112, 60.1259339800909], [10.696339474801372, 60.125930407976426], [10.696352173588258, 60.12591598512536], [10.69637202031927, 60.12590341329392], [10.69640612685958, 60.12589894827809], [10.696443903230366, 60.12589811038744], [10.696494373853255, 60.12589804475553], [10.696546448495068, 60.1258981220058], [10.696616644748882, 60.12590984897416], [10.696670563173205, 60.125915110672594], [10.696726316951773, 60.12592151187723], [10.696760503347193, 60.125920556448065], [10.69678752449855, 60.12591514212968], [10.6968055728886, 60.12590529927665], [10.696826964905783, 60.125889180703346], [10.696859445030821, 60.125864070964404], [10.69688102711544, 60.125847869116186], [10.69692083696364, 60.12584251089705], [10.69698359727767, 60.1258352922023], [10.697080927087326, 60.125822814712066], [10.697143785952475, 60.1258120929566], [10.697204843115793, 60.125798613726495], [10.697271508571024, 60.12579323085907], [10.697316379949923, 60.125793252858415], [10.69737406857394, 60.12579863747434], [10.697417259547016, 60.12580049336396], [10.697467554984142, 60.125805906265306], [10.697514381734454, 60.125815793087575], [10.697561096671459, 60.1258237881165], [10.697579182504818, 60.125827433352384], [10.697579064851118, 60.125828329375985], [10.697584546278902, 60.12582913744247], [10.697632988638471, 60.12583907625475], [10.697678064868466, 60.125847197333584], [10.697722968382525, 60.1258580104441], [10.697771589799599, 60.12585968252445], [10.69782202207107, 60.125854400668764], [10.697875841439068, 60.12585354434046], [10.697933475225605, 60.125860725632705], [10.697987397380361, 60.12587147238943], [10.698050400354866, 60.125885841480866], [10.698109684185244, 60.12590107911467], [10.698153053789484, 60.125902939659454], [10.698223204967272, 60.12589847886639], [10.698291353087928, 60.125888647000764], [10.698350807852524, 60.125880511776394], [10.69842277571505, 60.12586352052479], [10.69847320817625, 60.12584996594741], [10.698527205796138, 60.12582843352508], [10.69855773098167, 60.12581414099864], [10.698575770893422, 60.12578091846649], [10.698583019285902, 60.125755797005766], [10.698582981103728, 60.12574230791686], [10.698593853714458, 60.12570462662236], [10.69861004048083, 60.12567592917569], [10.698618986287112, 60.125654370282916], [10.698660416728151, 60.12563108067831], [10.69870727533919, 60.12561039597904], [10.698754014063226, 60.12559339324675], [10.698768475091466, 60.125568236707856], [10.69878453300951, 60.12555293347483], [10.698788278126804, 60.12552428158384], [10.698791839580304, 60.125510819951124], [10.698800870822748, 60.125498255396195], [10.698804394346679, 60.12549198539931], [10.69882603786654, 60.125476684134846], [10.698867532422408, 60.125454296237386], [10.698921428648283, 60.12543905529399], [10.698977098490966, 60.125433673449294], [10.699023964780894, 60.12543636718189], [10.699058023174109, 60.125436396225204], [10.69909227163332, 60.125436341092765], [10.699142723520765, 60.12541298584834], [10.699151602337162, 60.12539331290352], [10.699175035895307, 60.12537258469096], [10.69919661439367, 60.12535916932662], [10.699223708171127, 60.12534215720092], [10.699268728460064, 60.125331393039424], [10.699358648203845, 60.1253259558257], [10.699412590212088, 60.12532690158962], [10.699470105752129, 60.12533497734368], [10.699524290735344, 60.12533682972676], [10.699608795648121, 60.125328699271385], [10.699671605474238, 60.12532247016393], [10.699734703688753, 60.125312653872754], [10.699790500305104, 60.125309073456464], [10.699860620301381, 60.125311714421926], [10.699936105943205, 60.12532433089767], [10.699999061535705, 60.125343193802614], [10.700056555107537, 60.12536385657133], [10.700121441867335, 60.12538449083786], [10.700175380015429, 60.12537995069675], [10.700240109296963, 60.125375582697735], [10.700288703003524, 60.1253719481811], [10.700333630491553, 60.12537017221575], [10.700364152014116, 60.125368287571966], [10.700364203134006, 60.12536927842691], [10.70041099118597, 60.12536567513845], [10.70044875120104, 60.125359439576236], [10.700510000287894, 60.125351361152624], [10.700565795081022, 60.12534778043279], [10.700621474091102, 60.12534509569251], [10.700655569902652, 60.12533793269015], [10.700727688027007, 60.12532804945535], [10.700785094248815, 60.125319035941466], [10.700851732550761, 60.125329026323065], [10.700911071516677, 60.125342465781], [10.700941661571983, 60.125346967469845], [10.700992135421082, 60.125352385720326], [10.701047961554094, 60.12533891532264], [10.701116236812773, 60.125328096922566], [10.701161089933864, 60.12532550974096], [10.701222211090197, 60.12533082432449], [10.701299728450172, 60.125338920684044], [10.70135182340532, 60.125341603882454], [10.701411164696616, 60.125339846194514], [10.701445401531181, 60.12533988131068], [10.70147786759336, 60.12532726866047], [10.701488548550412, 60.125322761197204], [10.701524575194814, 60.125317368473766], [10.701583983058816, 60.125301316455044], [10.70169073749998, 60.12531737665343], [10.704471650010213, 60.125189453423076], [10.70498437848097, 60.12412070954713], [10.70492822697888, 60.122866411705424], [10.704103853662438, 60.1217117743657], [10.703848213183782, 60.12117015839849], [10.704275041701605, 60.12078542299936], [10.704844387041927, 60.12035793113831], [10.705375413738139, 60.12014526518638], [10.705436142341656, 60.12008447561921], [10.70569855701344, 60.12000946683554], [10.705963709908406, 60.11994246032], [10.706003045174665, 60.119895092707885], [10.706090801396693, 60.11986467437323], [10.706293291622973, 60.11982080806171], [10.706434972038661, 60.119773437737635], [10.706502402088391, 60.11972617303128], [10.706563245216056, 60.11966862362106], [10.706684706290785, 60.11957734550204], [10.707262741648666, 60.1194033364624], [10.708656342395262, 60.11938924581206], [10.711273269958925, 60.119546300866475], [10.713947013915792, 60.119931380814165], [10.714772129781805, 60.11991731210306], [10.715283997924697, 60.1197889585774], [10.715596846929412, 60.11963221280891], [10.71615626154599, 60.119667340091425], [10.716205100491006, 60.11971019534732], [10.71622309930142, 60.11972003972584], [10.716242828812346, 60.1197290416872], [10.716271703183736, 60.11973977878907], [10.716302251707859, 60.11975425637335], [10.716334621404885, 60.119765826498835], [10.716363305802442, 60.119776646874406], [10.716399190846039, 60.11978473343072], [10.716442487667607, 60.11979818529918], [10.716469409994135, 60.11980454332448], [10.716498273566966, 60.119812581689324], [10.716530528021638, 60.11982504688439], [10.7165682700625, 60.119834092749805], [10.716586304904515, 60.11983674542427], [10.716616826348387, 60.11984312949673], [10.71664736177202, 60.11984663672583], [10.716668997531515, 60.11984931633898], [10.716692427696811, 60.11984926666497], [10.716715728537139, 60.11985298894133], [10.716749991112657, 60.11985832486828], [10.716776839471365, 60.119861083257085], [10.716802139868177, 60.119861902931646], [10.71681290742192, 60.119866388569754], [10.716829047191759, 60.11987806128622], [10.716839938595067, 60.11988713646864], [10.716848993722905, 60.11989786015122], [10.71685781638624, 60.11991037499072], [10.716865084459192, 60.119926525793666], [10.716866982104506, 60.119935489495454], [10.716879464584169, 60.11995171906288], [10.7168847197125, 60.11995980217891], [10.716902782026706, 60.11997054824731], [10.716913567883806, 60.119980429501986], [10.716920862607974, 60.11998668993821], [10.716940676276042, 60.11999920142978], [10.716958727071152, 60.12001003655342], [10.716972962800572, 60.12002803241365], [10.716992688558427, 60.120049532452896], [10.717008919008613, 60.12007019947034], [10.717028834227719, 60.12009440306104], [10.717039613665635, 60.120119570269345], [10.717043003584484, 60.120141979120746], [10.717043162305925, 60.12016707123219], [10.71703584538223, 60.12018868491943], [10.717026743722467, 60.12021293705942], [10.717008939640039, 60.12023897615392], [10.716996209594564, 60.12025510791464], [10.716980066243773, 60.12027391721154], [10.716960332851674, 60.1202953973542], [10.716935117880062, 60.120318857975924], [10.7169208247094, 60.12033314192736], [10.716904536105428, 60.1203475397719], [10.716884835975877, 60.12036461512596], [10.716861501551856, 60.12038606920831], [10.716845222064977, 60.120403165755505], [10.716836104356632, 60.12041923448482], [10.71682522695977, 60.12043911427398], [10.716820014962519, 60.12045701838611], [10.716816416512803, 60.12047497521751], [10.716816367430022, 60.12049196814673], [10.716823516062975, 60.12051180186464], [10.716832537405624, 60.12052971807367], [10.716847035528627, 60.12055122845207], [10.71686487237261, 60.12056925036847], [10.716882971519992, 60.120590787686304], [10.716908092388675, 60.12061237314189], [10.716926069529656, 60.1206293208843], [10.716940402566383, 60.12064102510504], [10.716967533936085, 60.120652694456965], [10.716972942080211, 60.12065268987624], [10.71698542227429, 60.12065093565504], [10.717001632174346, 60.12064822416788], [10.717023221004505, 60.1206374146828], [10.717055672269007, 60.12062758604586], [10.717080772281143, 60.12062579117077], [10.717107623091085, 60.12062854946599], [10.71713287925063, 60.12063386381256], [10.717163496931734, 60.12064366832703], [10.717245413865463, 60.120673297836724], [10.717748826157154, 60.12098525813311], [10.718066350140763, 60.12118176442253], [10.718587936360535, 60.121422015741466], [10.718735276787745, 60.121469588931184], [10.718938712100183, 60.121502883774774], [10.719165189105425, 60.12154052053528], [10.719550152758012, 60.12155667490992], [10.719796650039887, 60.121538760901274], [10.720042910447786, 60.12150465383061], [10.720187033766853, 60.121481356681926], [10.72033624397633, 60.12146883349899], [10.7206274969128, 60.121467023270455], [10.720865006379126, 60.12148496360901], [10.721282339362318, 60.12151546793772], [10.721535971853795, 60.121509201639995], [10.72178054114688, 60.121504709751626], [10.722010974484899, 60.12149391421225], [10.722462315232885, 60.12146796877172], [10.723106212275257, 60.12146893333305], [10.7233598960105, 60.121470577947214], [10.723638728173572, 60.12147699144198], [10.723989476475348, 60.1215109982242], [10.724403112719653, 60.12156583038631], [10.72478249718152, 60.12166100626187], [10.724971575183766, 60.121720262920626], [10.7253762143341, 60.12185132092834], [10.726025477606727, 60.12197059538998], [10.726651584194652, 60.12208642089947], [10.727174998658146, 60.122257639947115], [10.728184094039822, 60.12257160572168], [10.730192790098766, 60.123310614391755], [10.731647405414252, 60.12365800559794], [10.732019363099063, 60.12441938270847], [10.732371065130405, 60.124961876440594], [10.732477641835667, 60.125044713422504], [10.732841363089973, 60.12520140131807], [10.733541835580047, 60.12536284277256], [10.734449572777011, 60.1255214369996], [10.736409258720643, 60.12567718231197], [10.737118676830331, 60.12573360116346], [10.738689483328672, 60.125638762085394], [10.740259720287847, 60.12526146004509], [10.741928476541547, 60.124506877978185], [10.742580182622154, 60.124259828680074], [10.742665121893996, 60.12421895543026], [10.74267937565952, 60.12420907441325], [10.742684726301494, 60.124195578907184], [10.742672079071077, 60.12417494047233], [10.742666845255096, 60.1241596659107], [10.74266137070607, 60.12414627248337], [10.742657816500447, 60.12412916340959], [10.742659618195448, 60.124116633394515], [10.742670375720492, 60.12410313227992], [10.742691933768707, 60.124089709930665], [10.74271164694395, 60.124078026370874], [10.74273502351414, 60.12406726994088], [10.742754881416511, 60.12404749870872], [10.742767432944548, 60.12403405569832], [10.742774536493213, 60.12402232616444], [10.742785357584124, 60.124012513673534], [10.742792652674625, 60.12400348764814], [10.742803357526144, 60.123991783452055], [10.742821494384259, 60.12397834055502], [10.742841057028539, 60.12396224650027], [10.742850221432303, 60.123954089490645], [10.742862847980804, 60.12394424514168], [10.742895232627774, 60.12393350930139], [10.74292206590718, 60.12392807987426], [10.742954587663741, 60.123921843584085], [10.742977883406038, 60.12391728878379], [10.742997618914206, 60.12391100078145], [10.743010128990116, 60.12390205247739], [10.743024591046836, 60.123884984628056], [10.743038966485752, 60.123864407172], [10.743053289507253, 60.123842838881416], [10.7430640581043, 60.12383203643254], [10.743091191847983, 60.1238131285412], [10.74312171255874, 60.123788934628784], [10.743145003975197, 60.12377466849864], [10.743180901652698, 60.123754874608174], [10.743213517226522, 60.12373955973224], [10.743238497806832, 60.12372337002582], [10.743267351870907, 60.123703708375324], [10.743297959028968, 60.1236830249255], [10.7433265577259, 60.12365697112112], [10.743364523267243, 60.12363094843893], [10.743384085583374, 60.123612066543004], [10.74339844203352, 60.123601379376936], [10.743432691533071, 60.12357622649028], [10.743459789004758, 60.123552012911446], [10.74348482918227, 60.12352143810182], [10.743492001601084, 60.12350080905833], [10.743491984497698, 60.12348282535458], [10.743488356576954, 60.12346211760936], [10.743481335517707, 60.12343977237358], [10.743477549924842, 60.12342445451867], [10.74348111133666, 60.12340388829843], [10.74348477487318, 60.12340202854594], [10.743506292650554, 60.12339309987409], [10.743536927811167, 60.12339309787359], [10.74356569372473, 60.12338943819743], [10.743591002586099, 60.12338323925988], [10.743621528680906, 60.1233687565112], [10.743641280394865, 60.12335536587191], [10.743677190276877, 60.12334105648964], [10.74371144355411, 60.123328402595014], [10.743716827501215, 60.123325788209115], [10.74372758860398, 60.12332478607301], [10.743758033714048, 60.12332486735469], [10.743797641126179, 60.12331400381668], [10.743839172108373, 60.123305000978405], [10.743887712064955, 60.12329613392268], [10.743925547964404, 60.12329339561119], [10.74398121009981, 60.12328799484399], [10.744053120351492, 60.123278171418654], [10.744110818912759, 60.123270947531175], [10.744177281269508, 60.12326283667307], [10.744238348260666, 60.12325743015151], [10.744299554354239, 60.1232565231409], [10.744351637834397, 60.123256491621085], [10.744411038459326, 60.12325561643101], [10.744488464788702, 60.12325469229278], [10.74453704051593, 60.123251130612346], [10.74459996536979, 60.12324389512008], [10.744650218679341, 60.123241286647904], [10.744704299345782, 60.12324392751706], [10.744750976056421, 60.123243901531836], [10.744806763875568, 60.123243089045594], [10.7448517497496, 60.12323941200237], [10.744889510186429, 60.12323307474732], [10.744925494752398, 60.12322236459537], [10.74497402286721, 60.12320801158217], [10.745010058045967, 60.12319271673959], [10.745049619138806, 60.123173849394696], [10.745062205508003, 60.123168499544185], [10.745096474365619, 60.12314874185497], [10.745096410469621, 60.12314784098558], [10.745110825201028, 60.123145067982236], [10.745137582087166, 60.12313882630567], [10.745189901154458, 60.12312720201919], [10.74523836025018, 60.123121748381244], [10.745283485230221, 60.12312535938894], [10.745326571976626, 60.12313079259271], [10.745377062652517, 60.12313610392086], [10.74542910496118, 60.12314056670672], [10.745477755836705, 60.12314060424786], [10.745522584134287, 60.123145103733606], [10.745535216322324, 60.12314775816999], [10.74557676305037, 60.12315673851252], [10.745625130547037, 60.123160363232046], [10.745698868441465, 60.12315311576018], [10.745780028287198, 60.12314421842406], [10.745835753769734, 60.123139717748415], [10.745902174443934, 60.12313331299444], [10.745977719543898, 60.12312882121231], [10.746040847165396, 60.123126986340154], [10.746073097542794, 60.12312703519511], [10.74612710267269, 60.12312886278243], [10.746179191176406, 60.12314411646765], [10.746229666002872, 60.12315931777184], [10.746265591297458, 60.12316020455061], [10.746315880693501, 60.123162901955446], [10.746373567059692, 60.123155766149985], [10.74642035808535, 60.123152056675394], [10.746467079982775, 60.123137735018325], [10.74651393939026, 60.123125126040385], [10.74655520210802, 60.12311260704796], [10.746598450542376, 60.12310006184448], [10.746610943313048, 60.12309821574512], [10.746661300884398, 60.12308922578752], [10.74669194004341, 60.12307663495824], [10.746751229978383, 60.12306406576039], [10.746801587506072, 60.12305507664732], [10.746842987695718, 60.12304705712467], [10.746895088426042, 60.12303713428063], [10.746940089721186, 60.123026353989786], [10.746968744723171, 60.12301378837921], [10.746995724579785, 60.122990469228625], [10.747015567634712, 60.12296799867253], [10.74702992250544, 60.122954524254446], [10.747035259737546, 60.12294111854154], [10.74704433995371, 60.12291686354529], [10.747055083694914, 60.122900664283264], [10.747076679963302, 60.12288274739801], [10.74709463596944, 60.12286929819626], [10.747110734128686, 60.1228576769344], [10.747157610412998, 60.12283517740586], [10.747197229557846, 60.12282701152962], [10.747250970853619, 60.12280994839272], [10.747288841194923, 60.122793003098295], [10.747319365107993, 60.12277851950527], [10.747351722101493, 60.12276238701169], [10.747366026164139, 60.12275070856673], [10.747375257445045, 60.12273643864208], [10.747375112115062, 60.12271665318625], [10.747375174317016, 60.12268968003323], [10.747382303371094, 60.122673544618934], [10.747387768182923, 60.12265915376457], [10.747393051093272, 60.122647544991516], [10.7474128897001, 60.12263766337392], [10.747466758494658, 60.12262240188679], [10.747472217511547, 60.122620600049814], [10.747517167474612, 60.122611615574485], [10.747527905109521, 60.12260800439802], [10.74754415407524, 60.1226007944505], [10.74756577908783, 60.12257847182352], [10.747565592916123, 60.122563180199016], [10.74756388250253, 60.12254154551656], [10.747549390906508, 60.12251563296152], [10.747533163211996, 60.12249757762119], [10.747520680641601, 60.12247703444709], [10.747511550478654, 60.12245983652347], [10.747495363885657, 60.122442861074354], [10.74748467098919, 60.12242938941961], [10.747466613052923, 60.12240875727589], [10.747459370145375, 60.12238811349903], [10.74746133679343, 60.12237289135249], [10.74745934526312, 60.12235763164145], [10.747477368787715, 60.12233249515668], [10.747484627482162, 60.12231816234642], [10.747490014801722, 60.12230017284489], [10.747490048059062, 60.12228317997892], [10.747481009392132, 60.12226247817832], [10.747479029492668, 60.122249916265645], [10.74746999084209, 60.12222921446411], [10.747452090211247, 60.12220597928752], [10.747443039960904, 60.12218257968546], [10.747452057518142, 60.12215742376897], [10.747478881112363, 60.122139494391476], [10.747536458901072, 60.122108077925105], [10.747556221705091, 60.122097384484235], [10.747572561619306, 60.12208388289832], [10.747647939184818, 60.1220416201226], [10.747648053666387, 60.12204072408394], [10.74765165482057, 60.122040750189484], [10.747653425274322, 60.12203262487747], [10.747673279180534, 60.12201563978383], [10.747691234475747, 60.1220021905026], [10.747716298632977, 60.12198950956356], [10.74774882329936, 60.121970684879784], [10.74779008798587, 60.12194557740852], [10.747808083845227, 60.12192763338281], [10.747827733766767, 60.121902459205586], [10.747840427722606, 60.12188092803028], [10.747849472314641, 60.12185136734505], [10.747865614024123, 60.121819876299966], [10.747888933064583, 60.121785829639784], [10.74790312403796, 60.12176245820266], [10.747930334572509, 60.121734559875534], [10.747962476745315, 60.12171032811451], [10.748003944582951, 60.12169062187708], [10.74805062285531, 60.12167800663788], [10.748108218899672, 60.12166457362364], [10.748142532911016, 60.12165560632608], [10.748198114050187, 60.12164660426007], [10.748210761550816, 60.12164215590277], [10.748219757450393, 60.12163947836085], [10.748259338183455, 60.12162600476785], [10.748297033924338, 60.12161876565907], [10.748356318823712, 60.12160619577762], [10.748430198016667, 60.12159364597179], [10.748482243983807, 60.12158830720497], [10.74852549570878, 60.12158825954169], [10.74855967796162, 60.12159007850141], [10.748604684588619, 60.121591795790145], [10.748674675942373, 60.12159539510634], [10.748734276922244, 60.121597132424235], [10.748771944005162, 60.121599872571196], [10.748804458577625, 60.12160343609251], [10.748833129517703, 60.12160606604234], [10.748858304541233, 60.12161065247107], [10.748894317220428, 60.12161504811981], [10.74896262952976, 60.12162048187283], [10.748991469030528, 60.121620419691475], [10.749012864203404, 60.121622187432955], [10.749059781413793, 60.121625854291736], [10.749067057259687, 60.121626717354346], [10.749129024520952, 60.12166036038896], [10.749351042195611, 60.12153604399397], [10.749854577569879, 60.12134569923529], [10.750381409884707, 60.12115349341375], [10.75095307605652, 60.120930807471424], [10.751097095323638, 60.12087600318099], [10.751226600487264, 60.120812189484795], [10.751298175911238, 60.120606695569144], [10.751379052566401, 60.120384955477896], [10.751569232056346, 60.119807785473704], [10.751762918556766, 60.11926201909134], [10.75201955846076, 60.118496453552325], [10.752077165112967, 60.11841027795263], [10.752321536516897, 60.11833028351943], [10.752905956438212, 60.118138121962225], [10.75323302681565, 60.118007823473945], [10.753455558294402, 60.11793647766669], [10.753966581413751, 60.117758678111564], [10.756693768743272, 60.11680468198692], [10.758174513548925, 60.11629330007789], [10.758648274070323, 60.11613164105864], [10.7657457274708, 60.113708793075375], [10.766312353728074, 60.113471587527684], [10.767294398298176, 60.11319085879233], [10.767655870692034, 60.11305695316875], [10.767744338893243, 60.112982550133076], [10.767852832700337, 60.112854658416204], [10.767960077059929, 60.112690222378305], [10.76803015950483, 60.11262709819678], [10.76819521153066, 60.11252025984825], [10.768372553972846, 60.112365440841494], [10.768404447933504, 60.11218456500825], [10.767975259695312, 60.11208998787783], [10.767629014009175, 60.11201865707245], [10.767181113616132, 60.11202903890241], [10.766814646638073, 60.112039330003945], [10.766631415430899, 60.11200873378067], [10.76640756936834, 60.11195777458199], [10.766213905885635, 60.111805188992655], [10.766203059342757, 60.11175224193414], [10.766201160674084, 60.11173338866949], [10.766204860227118, 60.111717232315485], [10.76620663743045, 60.111702004230395], [10.76620842780569, 60.111686686156865], [10.76620655542927, 60.111673228480264], [10.766197651911897, 60.11165981613152], [10.766188566348417, 60.11164360944818], [10.766188679067762, 60.11163012617968], [10.766186654599823, 60.11162205928637], [10.766177676538815, 60.111617635474666], [10.766156080476858, 60.11161046921374], [10.766136262991939, 60.11159787609214], [10.76612739717704, 60.11158976936223], [10.766127320059548, 60.11157636945837], [10.766139893727825, 60.111558429565285], [10.76614882928864, 60.111542171908745], [10.766152452981107, 60.11152520376436], [10.766136213724916, 60.11146237293789], [10.765734774450074, 60.111264196813394], [10.765041797361064, 60.11086641674929], [10.76424713182927, 60.11027484405311], [10.763330230482772, 60.10974453543331], [10.760741583865755, 60.10825749348524], [10.757110811778047, 60.106095572331256], [10.755932855367131, 60.104965270093636], [10.755343397085005, 60.10378570647289], [10.754949327665829, 60.10186872575117], [10.754752320524817, 60.101033104675146], [10.75484970918149, 60.10024668462218], [10.755339252998406, 60.09955837403278], [10.756519946042577, 60.099413323190305], [10.756613258050347, 60.099408856619824], [10.756651015453297, 60.09940791170078], [10.756690629706727, 60.099407924668256], [10.756728449464795, 60.09940788061661], [10.756784042029365, 60.09940966628074], [10.756821902194822, 60.09940791522862], [10.75685425767358, 60.09940976329046], [10.756888480543656, 60.09940969330304], [10.756922447686364, 60.09940880671419], [10.756967476165782, 60.09940872346127], [10.75701427362284, 60.09940609027853], [10.757066295529413, 60.099403445185324], [10.757102322534042, 60.09940334310283], [10.757138223985724, 60.09940422702277], [10.757181320918308, 60.099405160876465], [10.757220767433187, 60.09940786669517], [10.757256794441409, 60.099407764570635], [10.757296267954166, 60.09940327782323], [10.757308957514818, 60.09939703168751], [10.757330366953656, 60.099381803454435], [10.757343157297647, 60.09936917659471], [10.757368138409852, 60.099361166752], [10.75740055432978, 60.09935834183086], [10.757436662030699, 60.09935482570986], [10.75747608267392, 60.09934934808012], [10.757488732774814, 60.0993475957705], [10.757517489915788, 60.09933683059343], [10.757546108016422, 60.09932156495558], [10.7575678740381, 60.099306348112414], [10.75758761721501, 60.09929286547016], [10.757605531402055, 60.09927401926637], [10.757619730911403, 60.09925604239004], [10.757627094478591, 60.099240813866096], [10.757630527703514, 60.09921835465194], [10.75762682787317, 60.099196746407465], [10.757619799881086, 60.0991716141196], [10.75761432203542, 60.09914563227143], [10.757612506056669, 60.09911779026439], [10.757612443422712, 60.09909450001719], [10.757615953291355, 60.09907564036854], [10.75762490351645, 60.099052280698444], [10.757644826958913, 60.09902621561211], [10.757651844574468, 60.099001084462515], [10.757657223738851, 60.098985881396935], [10.757671564195213, 60.09895981681981], [10.757693242735177, 60.09893830435911], [10.757709335206652, 60.09892659189595], [10.757723867995368, 60.09891581982946], [10.757738146971304, 60.098891641225606], [10.757739911998959, 60.098883515791684], [10.757741695546105, 60.098858486497406], [10.757757879313452, 60.09882789512123], [10.757763244981815, 60.09880720737894], [10.75778291237909, 60.09878032478351], [10.757799095855471, 60.0987623215283], [10.75780799691047, 60.09874354562913], [10.757809852765078, 60.098741716641435], [10.757815179026599, 60.09872552274043], [10.757822312225683, 60.09871208453226], [10.757822377079377, 60.098675221916565], [10.75782240340747, 60.09865822903721], [10.757822290633237, 60.09863673480578], [10.757820499177505, 60.0986268765325], [10.757822305281705, 60.09861425633248], [10.757840215931367, 60.09860521048048], [10.757874465120011, 60.09860352325543], [10.757915691736997, 60.098600801190756], [10.757958850819973, 60.09859984879153], [10.758007451142984, 60.098597183210856], [10.758044963168418, 60.098595330446294], [10.758081134264346, 60.098580126892145], [10.758088162793083, 60.09856749477913], [10.758111682377132, 60.0985414554804], [10.758129519162459, 60.098519009641365], [10.75814751994611, 60.09850645985995], [10.758158262863558, 60.09850554562738], [10.75816906822425, 60.0985055331802], [10.758188771349053, 60.09850913331663], [10.758212227114178, 60.09851716882466], [10.758223006764098, 60.09852713668369], [10.758233850260877, 60.09853242984915], [10.75824821491893, 60.09853693706787], [10.758277021681497, 60.09854676327504], [10.75829853073425, 60.098550331314975], [10.758327427822325, 60.09855665452029], [10.758357872078635, 60.09855933951049], [10.75839215939349, 60.098562958667095], [10.758422528772792, 60.098562044950945], [10.758447609626831, 60.09856024231123], [10.75847996330851, 60.098559303109816], [10.758505286774328, 60.098558407934036], [10.758530381911758, 60.09855930305746], [10.758541304304156, 60.09856118227309], [10.75856635737968, 60.09856378528521], [10.758586240745782, 60.09856739105082], [10.758609375525072, 60.09857092036964], [10.758620321866736, 60.09857540831492], [10.758638271682672, 60.09858704386499], [10.758650728916622, 60.09859517697682], [10.758663506174942, 60.0986050284387], [10.758672366571293, 60.098613134809646], [10.758685129539485, 60.09862028849059], [10.758690571555933, 60.098628375629524], [10.75870482040902, 60.09863377887168], [10.758728212178525, 60.0986409134226], [10.758755200764607, 60.09864807380809], [10.758783969555655, 60.0986525942863], [10.758814569114417, 60.0986498901516], [10.75884857453973, 60.09864450743373], [10.758893563724053, 60.09863911791282], [10.758900643846449, 60.09863727694439], [10.758904472553686, 60.09863551242667], [10.75891881229625, 60.09863462396681], [10.758952805160058, 60.098626543419805], [10.758994184967019, 60.098618430228974], [10.759022953513632, 60.098610362531], [10.759044474963767, 60.09860404012747], [10.759078621054924, 60.09859056965532], [10.7591037784191, 60.098579778331406], [10.759139871383605, 60.09857077618092], [10.759164965598824, 60.0985618708502], [10.759189957093488, 60.09855377160073], [10.75923321913148, 60.09853663768342], [10.759258288189288, 60.09852233673033], [10.759292523091398, 60.09850257454866], [10.759315735173681, 60.098487314826514], [10.75934090636769, 60.09846663311263], [10.759367997555573, 60.09844502414656], [10.759393194548391, 60.09841993677265], [10.75941099129832, 60.09840198550526], [10.75942730220342, 60.09838578468046], [10.759454137439988, 60.098363358211856], [10.7594828169897, 60.098339192691206], [10.75950806476958, 60.09832210961253], [10.759534976011077, 60.09831308304929], [10.759570837890532, 60.09830865890255], [10.759621178095829, 60.09830227200354], [10.759655388409431, 60.098302291269654], [10.75970378280561, 60.09829422377655], [10.759729005771598, 60.0982843331753], [10.759764853310799, 60.09826183618146], [10.759779257772754, 60.09825204813581], [10.759795554572236, 60.09824573761163], [10.759822505874553, 60.09823500311867], [10.759838495767852, 60.098226884253016], [10.759876380829757, 60.098217939790516], [10.759894367590169, 60.098212493227], [10.759935631940708, 60.09820806268786], [10.759987714724042, 60.098203529552734], [10.760043469930574, 60.098199833998244], [10.760090252789558, 60.098194501933726], [10.760129737077248, 60.098192712150535], [10.760176558351878, 60.09819268567188], [10.760207157365004, 60.098189981217345], [10.76025729379646, 60.09819356867598], [10.760284435433729, 60.09819533885632], [10.760334673306273, 60.09819533243261], [10.76037242914795, 60.09819438556069], [10.760408393609264, 60.09819616946258], [10.760464150017107, 60.09819526149726], [10.760507256879851, 60.0981961052079], [10.760557599222059, 60.09819529258872], [10.76059541756546, 60.0981952474381], [10.76061318992128, 60.09819707665266], [10.760631254701542, 60.0981980155235], [10.760672686068473, 60.098200693892665], [10.760714090301617, 60.09819797666896], [10.760721118588526, 60.09819793164492], [10.760771356509938, 60.09819792595291], [10.760800315798981, 60.09818977359321], [10.7608199052277, 60.09818446723788], [10.76083621502392, 60.09817806749594], [10.760870282987426, 60.098160997900635], [10.760882778496525, 60.09815204704137], [10.760906208153735, 60.09813508577886], [10.760925822479532, 60.098119799997406], [10.760949377250949, 60.098111653965326], [10.760969170896825, 60.0981089620088], [10.760999629791634, 60.09810454471175], [10.761033839894758, 60.09810456362247], [10.761073386975045, 60.09810088665568], [10.761105740120433, 60.09809994681454], [10.76114167725715, 60.09809633404042], [10.76118116136491, 60.09809454394427], [10.761222501096768, 60.09809092480166], [10.76126752930139, 60.09808382750377], [10.76130333964378, 60.09807841293581], [10.761333821233624, 60.09807381563384], [10.761358941766874, 60.098070306367546], [10.761398771581838, 60.09806582890128], [10.761436424137292, 60.09806847560373], [10.761454503445554, 60.0980721130376], [10.761490388801494, 60.098080097463004], [10.761504689416856, 60.09808370346444], [10.761524342847125, 60.09808909912125], [10.761533432454371, 60.09809262809794], [10.761549540298263, 60.098098989735924], [10.761565825156262, 60.098102569314776], [10.761578257390006, 60.09810530564864], [10.761594592485299, 60.09810430141703], [10.761612633548062, 60.09809984452706], [10.76163042699758, 60.09809169334552], [10.761643268100606, 60.098080056904315], [10.761652140694911, 60.09806847239941], [10.761666390326209, 60.0980612871773], [10.761686196632311, 60.09806129291542], [10.761709484285008, 60.09805943269551], [10.761731185016954, 60.09805311554275], [10.761747227255537, 60.09804598727572], [10.761759785447278, 60.09803515032928], [10.761768963655717, 60.09802258727986], [10.76178136906038, 60.09800733987116], [10.761795784193872, 60.09799746164461], [10.761806526908568, 60.09798674676197], [10.761829890239028, 60.09797589706464], [10.761855187681283, 60.09795980529222], [10.76188559202248, 60.0979516091997], [10.761899982907927, 60.097948923479656], [10.761912646845031, 60.09794986942523], [10.761932388789003, 60.09794897426404], [10.761950312057387, 60.09794541253101], [10.761968261371436, 60.09794446040379], [10.761984634667586, 60.09794174827632], [10.762000702801362, 60.09793722868971], [10.762018511995384, 60.097924761747336], [10.762036651043683, 60.09791392499981], [10.762058070117673, 60.09790139381382], [10.76208158790024, 60.097885154153786], [10.762086837664375, 60.0978807373107], [10.762102928105653, 60.097869025218095], [10.762117330297029, 60.09785644915564], [10.762133512359371, 60.097841233145985], [10.762140783641193, 60.09782950737034], [10.762119157415878, 60.09781424791006], [10.762101221387464, 60.097805310611875], [10.762077815312917, 60.09779269108988], [10.762054372265151, 60.09777476502749], [10.762054486726775, 60.09776128172812], [10.762061465192494, 60.09775323319312], [10.762070401851588, 60.09774254952333], [10.762081191361956, 60.097724463069966], [10.762091995030401, 60.09770206182787], [10.762091892320354, 60.09768326630834], [10.762088421051693, 60.09767245508576], [10.76207761456173, 60.09765987973095], [10.7620702779325, 60.09764552747757], [10.762055924529257, 60.09763113035439], [10.762047064922616, 60.09762581107956], [10.762034478586205, 60.097615875665554], [10.762037999957505, 60.0976025014747], [10.762034335777791, 60.09758898676493], [10.762037997170305, 60.09757732523267], [10.76204872509496, 60.09756391255304], [10.76207922067346, 60.097552212503906], [10.762104403625699, 60.097546816194814], [10.762133258985951, 60.097542257424365], [10.762160041578188, 60.097534214577706], [10.762183663131623, 60.09752975693283], [10.762203327723283, 60.097525263068256], [10.762235562941969, 60.097512630011444], [10.762267979662116, 60.09750278949872], [10.76229679793183, 60.09749292415666], [10.762327190351575, 60.09748481792872], [10.76233617848845, 60.09748213855487], [10.762354165812551, 60.097479478528214], [10.76235607289287, 60.097475853436414], [10.762368479342992, 60.09747319409417], [10.762406309919651, 60.09746325808653], [10.762429674112314, 60.09745519605065], [10.762452959694844, 60.09744074668374], [10.762469282878744, 60.097430031057485], [10.762505140435149, 60.09741023113222], [10.762521208050956, 60.09739591023107], [10.762537285284665, 60.097381500285145], [10.762553606972872, 60.09736799688298], [10.76256087929189, 60.09734925849531], [10.762557137749534, 60.09733214423911], [10.762553373807146, 60.09731242212161], [10.762549797813785, 60.097292615770876], [10.762542690962913, 60.09727647320924], [10.762540936850508, 60.09726212026338], [10.762535469876703, 60.097251424549675], [10.762531871641595, 60.097238810692225], [10.762528350224033, 60.09723258418562], [10.762524764811566, 60.0972226681294], [10.762517453723056, 60.09721371150324], [10.76251551946816, 60.097199352873545], [10.76252098471235, 60.097187660112084], [10.762520983137243, 60.097175071991146], [10.76252276151647, 60.097169644274594], [10.762529906675725, 60.09716169048935], [10.762546189588962, 60.097152681828625], [10.762562255465093, 60.09714816219919], [10.762580218741835, 60.097140106515695], [10.762580204122562, 60.09713740873815], [10.762589165056834, 60.097126545978874], [10.762592825849447, 60.09711767222122], [10.762599942495909, 60.097098748195286], [10.762605497489607, 60.097083551540514], [10.762605278812897, 60.09707545155537], [10.762612586675289, 60.09705923193489], [10.762612498110833, 60.09705572233785], [10.762612601131696, 60.09705212935719], [10.762612395278078, 60.09704672717353], [10.762614211943953, 60.097039592504856], [10.762614300530325, 60.097020713601616], [10.76261432457005, 60.09701352108354], [10.762612531780498, 60.09700366287875], [10.762617882863276, 60.096992864371], [10.762623219319954, 60.09697936808555], [10.7626392351928, 60.09696684410937], [10.76265372680652, 60.09696056535242], [10.762659052089504, 60.09695696028264], [10.76266267453951, 60.09694979347389], [10.762671673702036, 60.09693722375813], [10.762675243032053, 60.09691926576699], [10.76267691997262, 60.09690763064976], [10.762678889664526, 60.09689231829447], [10.762684086026958, 60.09687710934855], [10.762684187356653, 60.09686092734906], [10.762685989717665, 60.096848307112026], [10.762689562465413, 60.09684293721766], [10.762691430586155, 60.096834005608734], [10.76269136458792, 60.09682051572755], [10.762689546126046, 60.09680526192052], [10.762693078579412, 60.09679179864542], [10.762702114540973, 60.096774734210804], [10.762712906252663, 60.096762222340516], [10.762725414009482, 60.09675318311671], [10.762723518390766, 60.09675671824952], [10.76273440011805, 60.09675050374049], [10.762757609586593, 60.09674504377874], [10.762793623843232, 60.09673522974446], [10.762815193021392, 60.09672710981926], [10.762835139874312, 60.09670922641443], [10.762843893021074, 60.096692963273554], [10.762849447789385, 60.09667776571095], [10.762852775973402, 60.09667148836956], [10.762856487037357, 60.09665524300726], [10.762859943614792, 60.0966409670348], [10.762863718655957, 60.09662841032434], [10.762870926565858, 60.09661857141232], [10.762885123789621, 60.09661318210316], [10.762923004368126, 60.09660423680215], [10.762950040437179, 60.0965942235112], [10.762973326710693, 60.096582562717906], [10.762976835015817, 60.096576291056174], [10.7629912102854, 60.09656110708698], [10.76300203927861, 60.096551113939924], [10.763016260405465, 60.096538532098556], [10.763036051168829, 60.09652325171589], [10.763055806589325, 60.096515253812896], [10.763073831927708, 60.09650809894987], [10.763093648372017, 60.09649821416168], [10.76312051854775, 60.09649368161852], [10.763145673310676, 60.096492689891164], [10.763185259782897, 60.096490093092804], [10.7632194667094, 60.09648732368008], [10.763241076042615, 60.096487297066595], [10.76325546767582, 60.096487398967625], [10.763269705208968, 60.096490102997876], [10.763291263094677, 60.096491873315514], [10.763312771331762, 60.09649544054503], [10.763339937830356, 60.09649981881509], [10.763368449395196, 60.09650351992861], [10.763417007942865, 60.09650256022448], [10.763454826077227, 60.0965025133437], [10.763497969049459, 60.09650164913878], [10.763521336044594, 60.09650617500976], [10.763546465168256, 60.09651237574813], [10.763564479464726, 60.09651511113787], [10.76359151881676, 60.09652047450033], [10.763612975624577, 60.0965258377227], [10.76363281977329, 60.09653393747458], [10.763643586175485, 60.0965356306368], [10.763652601342754, 60.096541135440205], [10.763668784544521, 60.09654830772068], [10.763688603379517, 60.09656081221633], [10.763706474811876, 60.096568848440256], [10.763711880455181, 60.09657162883569], [10.763720866973292, 60.09657875064497], [10.7637299963936, 60.096580571599915], [10.76373899533631, 60.0965805908546], [10.763756855120933, 60.09657612799458], [10.763774801537197, 60.096562586608194], [10.76380012304846, 60.09654910228241], [10.763812668624082, 60.096538355108706], [10.76381605920427, 60.09653297952702], [10.763837721255298, 60.096521355498254], [10.763848344254754, 60.09651854914315], [10.763871964850132, 60.096514091200454], [10.76388990035034, 60.096510440117456], [10.763900616348332, 60.096506917609254], [10.763913249978708, 60.096489878770186], [10.763911263749355, 60.09647731710127], [10.763900521359576, 60.096465643653666], [10.763896884206666, 60.09645752457434], [10.763895153614756, 60.096448567273406], [10.763893323195138, 60.09643340255135], [10.763893357840642, 60.09641632061222], [10.763898554409149, 60.0964081250829], [10.763921968306045, 60.09638846459579], [10.763940004206727, 60.096371419296894], [10.763959845901693, 60.09635434273608], [10.76397053261847, 60.09634263687856], [10.763984769577055, 60.09633554047742], [10.763990221748777, 60.09633094931268], [10.764002765383232, 60.09632020214517], [10.76402617978552, 60.09631034289194], [10.76403872583069, 60.0963093969491], [10.764054921352225, 60.09630946662939], [10.764081883272445, 60.09631123033201], [10.764103441082339, 60.09631300051773], [10.764133898117274, 60.09630579471786], [10.764162827165253, 60.09629224515537], [10.764180723436118, 60.096283288419784], [10.764214776976276, 60.096276108293736], [10.76424007413565, 60.09627260329453], [10.764267100389171, 60.09627526782101], [10.764301091794657, 60.09627977493095], [10.764328038894295, 60.096278839908955], [10.764355088870346, 60.09627431279741], [10.764371269816621, 60.0962688968727], [10.764381971124735, 60.09625988875956], [10.764389139344283, 60.09624474325564], [10.764389137062922, 60.09623215513617], [10.764394433770315, 60.09621056537855], [10.764403547868689, 60.09619710036683], [10.764417768308334, 60.096184518377264], [10.76442849481958, 60.09617110550826], [10.764433959172639, 60.09615941177235], [10.764417672680873, 60.096143244423025], [10.764390774802628, 60.096129794403545], [10.764358485783207, 60.096119047780846], [10.764338590365755, 60.096112745974025], [10.764313446642403, 60.09610384760793], [10.764306350572756, 60.09608761517644], [10.764322503713744, 60.09607680367975], [10.764347673746057, 60.096071496016165], [10.764369243903564, 60.09606337581646], [10.764381750688855, 60.09605712333029], [10.76439967222421, 60.0960409740239], [10.764405149536096, 60.09603197809006], [10.764403316257857, 60.09602382688547], [10.764399768636256, 60.09601220392898], [10.764410522836455, 60.09600418663952], [10.76443918515028, 60.095996922969206], [10.764464416161939, 60.09598973019858], [10.764478601430294, 60.095984429787194], [10.764487637017348, 60.095977166485596], [10.764500385984489, 60.09595923330819], [10.764505596141449, 60.09594672207009], [10.76451091868538, 60.09593052790954], [10.764516434400962, 60.09591703812792], [10.764514664738089, 60.09589998743182], [10.764512794061819, 60.09588652969353], [10.764512662967702, 60.0958721389532], [10.764512776432019, 60.09585865565251], [10.764503697783951, 60.09584523655904], [10.764503594493416, 60.09583624229436], [10.764507407753399, 60.09583177894201], [10.764507266008591, 60.0958272785206], [10.764503693139481, 60.09582006031898], [10.764503718568362, 60.09581286777713], [10.764508967681845, 60.09580845083952], [10.764525186584548, 60.095801327945445], [10.764552145772004, 60.095790503434095], [10.764577273985761, 60.095784115834945], [10.764613299586594, 60.09577699821464], [10.764647351475917, 60.095779618357874], [10.764679804794866, 60.09577787156316], [10.764717404577349, 60.09577251300724], [10.764746180608634, 60.095764354114465], [10.764776877337985, 60.095745467512195], [10.764787461780758, 60.095727554193516], [10.76479657473342, 60.0957042879033], [10.764803546290103, 60.09568086426237], [10.764805479942588, 60.09567283346219], [10.76480369958015, 60.09566567308879], [10.764801904420304, 60.09565581493828], [10.764801929784685, 60.095648622396496], [10.7647963964111, 60.09563423904646], [10.76479627819676, 60.095622546107556], [10.764789234990182, 60.09560730452713], [10.76478559686628, 60.09558938421988], [10.764783867928262, 60.095580427803746], [10.76478191979682, 60.09556337140662], [10.764781877377382, 60.095552490261866], [10.764783654451179, 60.09553726126365], [10.764792690842407, 60.095520197563005], [10.764799666376291, 60.09551214890999], [10.76480702662699, 60.09550672035127], [10.76481077723847, 60.095501356105025], [10.764826854139445, 60.09548973275348], [10.764835802519398, 60.09547895980913], [10.764844811882563, 60.09546630088143], [10.76484826568636, 60.095452024882874], [10.764846358388292, 60.09544306276326], [10.764839230436891, 60.09538645726447], [10.76520191025803, 60.0950273635347], [10.766520845206834, 60.09345440414644], [10.76710552632688, 60.092681438679676], [10.768248038355578, 60.090963982989564], [10.768309940908678, 60.090823990562754], [10.768464860942512, 60.09050076420352], [10.76871752106393, 60.089963074401595], [10.76886979524017, 60.089640751322385], [10.769095746044929, 60.08920443930541], [10.769316162848986, 60.08876911782598], [10.76953122206781, 60.088329218846624], [10.769782111917387, 60.08789199612915], [10.77003135449775, 60.08748717874911], [10.770145917992688, 60.08726354287242], [10.770254448293214, 60.087051852802375], [10.770633463222937, 60.086891082367984], [10.771476601660789, 60.086738066895236], [10.772331869346184, 60.08659145868341], [10.772749959028038, 60.08619186207081], [10.773848704647861, 60.085221506026336], [10.774809652256744, 60.08403381720982], [10.775563758400796, 60.08274761492463], [10.775583970496307, 60.08271067739334], [10.775615786345307, 60.082663231332845], [10.775617577486361, 60.08266050121897], [10.775621119583231, 60.082652522271616], [10.775622879359789, 60.082644395706176], [10.775628122394819, 60.082637190568455], [10.775637292928414, 60.08262462654769], [10.77565335980437, 60.08261300190395], [10.775669425941462, 60.08259858946769], [10.775692845922109, 60.08257874879752], [10.775708898888189, 60.08256442634604], [10.775737591990605, 60.08254556210078], [10.775764597355419, 60.08252583584675], [10.775795148728731, 60.08250793099376], [10.775818425324964, 60.08248358899285], [10.77583111043446, 60.08246745081069], [10.775850794469164, 60.08244587118818], [10.775872321830482, 60.08242534008212], [10.775906310255536, 60.082397474582095], [10.775927874165442, 60.08237946223489], [10.775943882726272, 60.082354258585596], [10.775961914642297, 60.08233010822041], [10.775970990702948, 60.08231124684497], [10.775985209904265, 60.082288773285235], [10.775987149699429, 60.08228065327788], [10.775983541534703, 60.08228071788914], [10.775990548448807, 60.08226817390954], [10.776004830510992, 60.082246602125565], [10.776019394128006, 60.082221442115895], [10.77603914800726, 60.0821908730223], [10.776055158949886, 60.0821684571262], [10.776062157381647, 60.082143325041855], [10.77608363291089, 60.082121803056054], [10.776094613556609, 60.082099316385076], [10.776123248637198, 60.082069660877394], [10.776144677649791, 60.082052722671676], [10.776171678010183, 60.08203020859359], [10.77619308152859, 60.08201767605813], [10.77620403909524, 60.082002381027834], [10.776212872005297, 60.08198261309044], [10.776223610269742, 60.08196200585925], [10.776232485398374, 60.08192785287457], [10.776236110465621, 60.08191079447757], [10.776232682929551, 60.0818883863111], [10.77623432480393, 60.08187135544334], [10.776250354007418, 60.08183895923419], [10.776257661641006, 60.081815635414195], [10.776261231036871, 60.0817877858117], [10.776261245442436, 60.08176800516314], [10.776266440483267, 60.081742905364784], [10.776268186212327, 60.08169135071022], [10.776573725807841, 60.08126611507239], [10.776599800709814, 60.08123116342075], [10.776603353759663, 60.08122309448168], [10.77662132162042, 60.081205056661375], [10.776633857259057, 60.0811943082928], [10.77666073163486, 60.081172779249606], [10.776666166385558, 60.08116827666365], [10.77669673704507, 60.08114317908326], [10.776718225467834, 60.081124354797296], [10.776734339385325, 60.081108146210326], [10.776748560174864, 60.08108846033595], [10.776761167443095, 60.081068722486826], [10.776770060026623, 60.08104706762566], [10.776784549041338, 60.08103089702509], [10.776795374153465, 60.081003998953484], [10.776802515110852, 60.08098336723997], [10.776816589866483, 60.08095639318085], [10.776841795378743, 60.080926807817534], [10.776850755202247, 60.080908842471096], [10.776857826164523, 60.08089719930177], [10.776866836672504, 60.080877437009015], [10.776874120062269, 60.080858517911444], [10.776881135990518, 60.08083887132682], [10.776886416068479, 60.08080747983582], [10.776884772079372, 60.080799245392335], [10.776882999556442, 60.08078498171858], [10.776882971635098, 60.080779586116016], [10.776882842265389, 60.08077778350656], [10.776872235112576, 60.08075802339197], [10.776861220676816, 60.08074004794747], [10.776850488550561, 60.08072127206655], [10.776832460950672, 60.080703252518205], [10.776830829208118, 60.080690702384885], [10.776828846115054, 60.08066824967625], [10.776835901330493, 60.08065390962821], [10.776852183648057, 60.08063779575934], [10.776857611405815, 60.08062070593662], [10.776866342119035, 60.08060453094817], [10.776868313988908, 60.080582114923494], [10.77687897020896, 60.080555122111974], [10.776880750662487, 60.080532790388304], [10.776893149654885, 60.080507651259445], [10.776900460874996, 60.080494127762584], [10.77690751082523, 60.08046719866233], [10.776912848519428, 60.08044659924782], [10.776916473134191, 60.08042954172822], [10.776925626769758, 60.080414278944275], [10.776929033742853, 60.08039892271594], [10.776927244683465, 60.080379174371046], [10.776923664715238, 60.080362156157534], [10.776911039543311, 60.08034691651127], [10.776894768867734, 60.080333448454645], [10.776873262830087, 60.080317295257124], [10.776846241768917, 60.080302045118536], [10.776821012469808, 60.08028685263535], [10.776804845810249, 60.08027959195829], [10.776803114441927, 60.0802706347929], [10.776894650499425, 60.080162966598195], [10.776898103765403, 60.08015849151751], [10.776899994317528, 60.08015216841711], [10.776899885930668, 60.08014317328322], [10.776899957658538, 60.08013418471096], [10.77690344586197, 60.08012521490733], [10.776903455456878, 60.080118111451036], [10.77690520267687, 60.08010728793936], [10.77690875553601, 60.08009921899166], [10.776910502753395, 60.08008839547993], [10.776914247840773, 60.0800830300219], [10.776915946934695, 60.0800767903251], [10.77692130469483, 60.08006868994464], [10.776923130529267, 60.08006146509034], [10.77693027816527, 60.08005342149583], [10.776931990436129, 60.08004709270671], [10.776935527522555, 60.08003632598087], [10.776942827287531, 60.080022892446785], [10.77695160850188, 60.08000492050672], [10.776948173695295, 60.07999240267986], [10.77695348769481, 60.079976208020106], [10.776955189355757, 60.079957290253816], [10.776951625183775, 60.07994296981732], [10.776949907807701, 60.079936711352545], [10.776940978954338, 60.07991790316974], [10.776939129586284, 60.079907054328025], [10.776939002900022, 60.07988556103171], [10.77694431688777, 60.079869366372186], [10.776940688022266, 60.079854144181525], [10.77694063738073, 60.07983346267308], [10.776940704722668, 60.079814672842254], [10.776944280311335, 60.07979941134463], [10.77695316111094, 60.07977784643476], [10.776964013623575, 60.07975634395012], [10.776971116657771, 60.0797374191814], [10.77698539701235, 60.07971584729138], [10.77700335247321, 60.07969789848791], [10.77702680892869, 60.07967634970844], [10.777048217588245, 60.079653926712254], [10.777073426332823, 60.079634142562774], [10.777089578664704, 60.07961622605552], [10.777096630910311, 60.07959909822574], [10.777118060408084, 60.07956948269372], [10.777137811724625, 60.079538913435925], [10.777161148192134, 60.07950845946432], [10.777173768608648, 60.079491419376836], [10.77718279254123, 60.07947435486265], [10.777198701804535, 60.079455531798345], [10.777211541598446, 60.07944380390625], [10.777240080913504, 60.07943033015533], [10.777254511357075, 60.079425845878234], [10.7772849735107, 60.079414232358296], [10.777295869489484, 60.079407836742796], [10.777304724769483, 60.07940614153031], [10.777331733552746, 60.079376524636636], [10.777349542646695, 60.07935128850632], [10.777353180921873, 60.079336928775234], [10.777354771392854, 60.07932169393862], [10.777367418816858, 60.07930726254236], [10.77739265777142, 60.07929566170346], [10.777419499672769, 60.079288426695776], [10.777457291725355, 60.07927857556427], [10.777498344575019, 60.079261545836765], [10.777527218468236, 60.07925248903072], [10.777559497346934, 60.079243540038604], [10.777575667801962, 60.07923812253271], [10.777607967531187, 60.07922198190165], [10.777622434522712, 60.07921300373513], [10.77763846152973, 60.07920308581113], [10.777649267289721, 60.07919318057772], [10.777674278933148, 60.079183370920035], [10.777706668599183, 60.079170738956876], [10.777728213131079, 60.07916270658911], [10.777744404318689, 60.07915009653816], [10.777751694100148, 60.07914376551912], [10.777774808079036, 60.07912769082755], [10.777778501368745, 60.07912133449998], [10.77778385696951, 60.079113234109236], [10.777782090579738, 60.07910877167926], [10.77778038707518, 60.07910521012902], [10.777780227806755, 60.079098011941326], [10.777769456441368, 60.07908094400816], [10.77776052239089, 60.07907202618147], [10.777744351564584, 60.07905496525559], [10.777735297706695, 60.079044155774184], [10.77773338609653, 60.07903519295711], [10.777733378845687, 60.07902260482924], [10.777738813149025, 60.079018103097525], [10.777755020087513, 60.07900819082275], [10.77776937426205, 60.07900289560027], [10.777796174648476, 60.078990354903944], [10.777819454661627, 60.078978601581454], [10.77785009441982, 60.07896699272297], [10.777878773812235, 60.078955231479455], [10.77791643777351, 60.07894357848315], [10.777959630490127, 60.078933719272484], [10.777984692654984, 60.078929126126276], [10.778040461859513, 60.07891661269577], [10.778087132916422, 60.078904887066976], [10.778137389014704, 60.07889327578735], [10.778178745998886, 60.07887526637959], [10.778227308113225, 60.07886000537449], [10.778275573815948, 60.07884284609129], [10.778302568011743, 60.078833008757194], [10.778354548143152, 60.078817766414666], [10.778388793594177, 60.078806093680036], [10.77843353850178, 60.078782707321615], [10.778455016893325, 60.0787512946312], [10.778474875297045, 60.07872972031041], [10.778481980008758, 60.07871358322957], [10.778483789548027, 60.07870366057697], [10.778507149614816, 60.07867581420808], [10.778541183574125, 60.07864893888813], [10.778586221780234, 60.07862466297182], [10.778627488001154, 60.0786031438372], [10.778656166800053, 60.07859138242718], [10.778691929560837, 60.07857067644358], [10.778722346254678, 60.07855096831982], [10.778751070713867, 60.07852760958331], [10.77879064270866, 60.07850243981678], [10.778822942873388, 60.0784862979716], [10.778848053019868, 60.078472894226834], [10.778878580294254, 60.07844950313139], [10.778903708198003, 60.0784261199823], [10.778934096337094, 60.07840101531071], [10.778957498238519, 60.07838126316486], [10.778973570104617, 60.07835974777528], [10.778986186405499, 60.07833992064869], [10.779009495212353, 60.07831387113884], [10.779018427612625, 60.0782932960167], [10.779025619390584, 60.07827788072831], [10.779021834867791, 60.078258249049156], [10.77901839168738, 60.07823314225104], [10.779012934027492, 60.078222358130276], [10.779007485520355, 60.07820447055291], [10.778998513981112, 60.07818458261837], [10.778994805528558, 60.07816576182745], [10.778985882463576, 60.07813706435235], [10.778973393044248, 60.07811373628255], [10.778960624261083, 60.078093997315854], [10.7789463666399, 60.07806620775033], [10.77893541671216, 60.07804913332765], [10.778930123247058, 60.07803565708725], [10.778910237474905, 60.07800966493689], [10.778892183016197, 60.07798903784901], [10.778872551648371, 60.07796386316519], [10.778856223106288, 60.07793960416188], [10.778843578946404, 60.07791186563481], [10.778820173105867, 60.077886660875706], [10.778813007147736, 60.07786251484745], [10.778785864234411, 60.07783557216005], [10.778766119536117, 60.07781129352601], [10.778742746397493, 60.07777458053716], [10.778723094730434, 60.07775659925212], [10.77870499167808, 60.07773776816147], [10.778690628482574, 60.07772346186322], [10.778665304612243, 60.077699184597755], [10.778642209535347, 60.07767857586657], [10.778629438308135, 60.07765604820013], [10.778602464437895, 60.07762920110047], [10.778595194724799, 60.07760586118383], [10.778586186748813, 60.077583453552464], [10.778584408261336, 60.07756361615747], [10.778582477569788, 60.07754215429048], [10.77858427945622, 60.077519643506136], [10.778580768901444, 60.07750208820708], [10.778575187920833, 60.07748383685463], [10.778587790960335, 60.07746409885631], [10.7785878058129, 60.07744431817719], [10.778591348622225, 60.07742366107912], [10.778591176894075, 60.07741376506547], [10.778598393866632, 60.07739394501582], [10.778603738234235, 60.077343763616184], [10.778578494217665, 60.07728091584137], [10.77855341547431, 60.07723785440259], [10.778555013691198, 60.077212730095255], [10.778569444680222, 60.07718855409081], [10.778637625072497, 60.07714092173558], [10.778922957873103, 60.076965716911566], [10.779274686720951, 60.076738506380266], [10.779619026844022, 60.07645369281072], [10.779880904347255, 60.07618890184645], [10.780428179760806, 60.07584664235466], [10.780777689528886, 60.07571394651474], [10.781296844690736, 60.075516806022705], [10.781900089988227, 60.07522209605784], [10.782325079394958, 60.07483959767026], [10.782556077090751, 60.07440234969496], [10.783016256935225, 60.073654484090355], [10.78315070525522, 60.073588015581606], [10.783346466890356, 60.07351343359627], [10.783499143863354, 60.073464810039404], [10.78358521382012, 60.07342349998269], [10.783698140797512, 60.07333818099211], [10.783735616720193, 60.0732899244119], [10.783767856426415, 60.07322774460807], [10.783830564959937, 60.07312005129485], [10.783877229690013, 60.07304637296522], [10.783907639217633, 60.07291265263195], [10.783946964812719, 60.07279504220994], [10.784009550599363, 60.07264607396766], [10.784046913789405, 60.0725409884227], [10.784118709927647, 60.07242693210797], [10.784156043333958, 60.072348819713305], [10.784172343884265, 60.072286041111596], [10.784188172778176, 60.0721917766666], [10.78422564192325, 60.07201125706566], [10.78424153380029, 60.071898202774406], [10.784234222485765, 60.071807605948784], [10.784178440152271, 60.07175277565785], [10.78411371769263, 60.07171159635848], [10.784067130433263, 60.071701657396325], [10.784043637267231, 60.0716954224344], [10.784029253192541, 60.07168830925351], [10.784022054094393, 60.07167567171515], [10.784027287158667, 60.071658664989016], [10.784040033939574, 60.071633536555034], [10.784056050681272, 60.07160113940859], [10.784075779610358, 60.07157065909578], [10.784097277117517, 60.071544641104396], [10.784127734353314, 60.07151045674013], [10.784202304835274, 60.071449268454955], [10.784240637137367, 60.07139006983551], [10.78426393374097, 60.07132463713323], [10.784256554610199, 60.071210660066775], [10.784247176671593, 60.07106164317999], [10.784302818192282, 60.070955701967364], [10.784458656895787, 60.07079496609766], [10.784567929803375, 60.07068183538454], [10.784700706236274, 60.07060722005464], [10.784840741381954, 60.07055603327121], [10.784968205682668, 60.07053564512218], [10.785061523934989, 60.07044457377201], [10.78507134076897, 60.07043814353511], [10.785183276757818, 60.07031260002467], [10.78529260045013, 60.07018778234234], [10.785355419590609, 60.070121363181485], [10.785378626985391, 60.070046756095515], [10.78538932693633, 60.06999117062968], [10.785405358486846, 60.06993189010109], [10.78542157599707, 60.06986551178814], [10.78549815199503, 60.069587244100724], [10.78558504457935, 60.06927468903054], [10.78574305522209, 60.069096847697026], [10.785950378485659, 60.069041333578234], [10.786134520400735, 60.06899829658929], [10.786269654171766, 60.06891359489855], [10.786342235798598, 60.068855219076916], [10.786436601287026, 60.068771373283234], [10.786538155198109, 60.068687577595625], [10.786617552568659, 60.068592734125716], [10.78664660226442, 60.06853431756603], [10.78665025231103, 60.06850575153446], [10.786653939749566, 60.06847970426891], [10.786675463838144, 60.068450629992945], [10.786740872035736, 60.068385012184656], [10.7867623709307, 60.0683448767898], [10.786776728303956, 60.06829021802799], [10.786783944506567, 60.068246390277906], [10.786812998224447, 60.06822456907176], [10.78687843300292, 60.06819536665394], [10.78695113611486, 60.06816981300744], [10.787001878897277, 60.0681443683764], [10.787045148000699, 60.06810420817278], [10.787066891177682, 60.068067767945266], [10.787066655310898, 60.06803862841073], [10.787074165812378, 60.06802771874138], [10.787110510238326, 60.068009367231966], [10.787161260752901, 60.06800217435499], [10.787211927261074, 60.067980143587384], [10.78725188379742, 60.06795462459119], [10.787291652508799, 60.06792918895315], [10.787371530458891, 60.06786717884141], [10.787587154719109, 60.06773954716015], [10.788020800110546, 60.067554221398424], [10.788649523714755, 60.06742322082231], [10.789625494981205, 60.06730302083157], [10.790775185111638, 60.067248053999954], [10.791859650128139, 60.06717130817631], [10.7927921779067, 60.06707280829354], [10.79385477872168, 60.06689797297906], [10.794743563810929, 60.06664719128035], [10.795632578981902, 60.06640720046653], [10.79632627978766, 60.06617807047868], [10.79660823962368, 60.06611250893835], [10.796911837655788, 60.06610158291126], [10.797150414538063, 60.0661449630043], [10.797207525496932, 60.0661640446453], [10.797253234074683, 60.06617943541094], [10.797309856647827, 60.06619247737562], [10.797423678290738, 60.066205541160166], [10.797550087499044, 60.06621864569289], [10.7976419921212, 60.06622300967388], [10.797729240181543, 60.06622722493829], [10.79780801916874, 60.066227304398986], [10.797899642956608, 60.066218351719286], [10.797982587280051, 60.06621397805016], [10.798091908013404, 60.06620729759733], [10.798227237281555, 60.066194160506164], [10.798332026252712, 60.06617645575022], [10.798484791856641, 60.06614364283154], [10.798559070988363, 60.06612820392304], [10.798633266553049, 60.066110604287594], [10.798694338173137, 60.06609294602332], [10.798746667715776, 60.06607330230989], [10.7988207580572, 60.06603816513421], [10.798873215889413, 60.066011871596515], [10.798939985444566, 60.06597488408345], [10.798996802039618, 60.065942614253196], [10.799060614051596, 60.06589636129177], [10.799117232727852, 60.06585716226009], [10.799195349614372, 60.065828537275564], [10.79928765984214, 60.06580710810432], [10.79934432357645, 60.06580711214551], [10.799422375516935, 60.06582137406783], [10.79950061704012, 60.06583555253205], [10.799564480377791, 60.06583551598127], [10.79964257118272, 60.065828289257766], [10.799727859760507, 60.065806905943305], [10.799827262497361, 60.065803234872625], [10.799969101546278, 60.06580675767292], [10.800061462248852, 60.06581742857608], [10.800210583979304, 60.06583862526354], [10.800317248669517, 60.06585280787277], [10.800423625113707, 60.065870667712886], [10.800537484947863, 60.065891912147706], [10.80061553299559, 60.06591327591416], [10.800715073353265, 60.06593820087108], [10.800842791355466, 60.06595233256455], [10.800935157215179, 60.06595589940522], [10.801055775506768, 60.06595937595806], [10.80115535852885, 60.06595570951937], [10.801219046556072, 60.06594856398574], [10.801325670326497, 60.065916438250675], [10.80143203087024, 60.06588070818538], [10.801502934960654, 60.065852212416345], [10.801531042247596, 60.065816511918726], [10.801573380099452, 60.06575240156245], [10.801601952828426, 60.065698912431884], [10.801637084763833, 60.06564194613972], [10.80167962296587, 60.065577662367545], [10.801729216683292, 60.06553850850284], [10.801786018524956, 60.06550632745544], [10.801863921069138, 60.065492080313845], [10.801970772081617, 60.065492061247475], [10.802055779871472, 60.06549548327411], [10.80219789887379, 60.065488312887894], [10.802268600405785, 60.06549532652944], [10.802332702908853, 60.06551318890311], [10.802382618595948, 60.06553087010039], [10.802432065132766, 60.065538106914225], [10.802496020523318, 60.06554157851766], [10.802595507644677, 60.06553440145791], [10.802737467987715, 60.06551292887207], [10.802872352843485, 60.065490512556664], [10.803021050123467, 60.06546556810531], [10.80317011667068, 60.06544054569956], [10.803290953577624, 60.06541543389626], [10.803411697594905, 60.065386813314475], [10.803574724952652, 60.065336877821935], [10.803773470249746, 60.065283312291506], [10.803915355008359, 60.065244034713935], [10.804092501034356, 60.06520470789221], [10.804220431672455, 60.065176134901215], [10.804355119707344, 60.06515101273947], [10.804539610346708, 60.06513313866877], [10.804653392154366, 60.065122458006314], [10.804837897364402, 60.065097390106956], [10.804979954574126, 60.06506521959504], [10.80513588819677, 60.06501164001177], [10.805370014157319, 60.06492592865281], [10.80566800123841, 60.06481895789797], [10.805859193800272, 60.06476532974438], [10.806100748875474, 60.06471878502394], [10.806391831117487, 60.064683073834615], [10.8066541833578, 60.06465688056541], [10.806817539332485, 60.06462835088824], [10.807030219154063, 60.06455706093087], [10.807548090645293, 60.06439278171754], [10.807711277585428, 60.06436415532933], [10.807796404449485, 60.064335478717695], [10.807888695334189, 60.064314132628205], [10.808016512209372, 60.06431045843561], [10.808193876555986, 60.064324541819936], [10.808293510290033, 60.06433175114481], [10.808357370633802, 60.06433171036089], [10.808442380688668, 60.06432802482504], [10.80856309737264, 60.06431369465799], [10.808619947958416, 60.06431361131175], [10.808759120590537, 60.06431542230172], [10.808827564344687, 60.0643132789115], [10.808850882462128, 60.06430529787006], [10.808881524475904, 60.06430339315379], [10.808897519015108, 60.06430066403527], [10.808931630161709, 60.0642997689612], [10.80895853321111, 60.06429612717787], [10.808987411705226, 60.064285444771514], [10.80900340371846, 60.064272825334385], [10.809010604946605, 60.06425579054774], [10.80901406626481, 60.06424412213229], [10.80901235058188, 60.064227882947044], [10.809014075234847, 60.06421714810932], [10.80903031273483, 60.064205436025894], [10.809042847928803, 60.06419738153235], [10.809060679730816, 60.06418302236313], [10.809069165789845, 60.06417852602008], [10.80912291736001, 60.06415469756226], [10.809165568911379, 60.06414885806076], [10.809250714778312, 60.06414976234235], [10.809326451242788, 60.064162416386424], [10.80935936927784, 60.064180814351616], [10.809376826592782, 60.06420906183933], [10.809398290582358, 60.06424399954412], [10.809468193208346, 60.06429126421252], [10.809510895031416, 60.06432327970698], [10.809631878553654, 60.06442296675319], [10.809653182801034, 60.064447829450245], [10.809688787039445, 60.06446208606338], [10.80982374283526, 60.064501345109115], [10.809944428467528, 60.064536824177324], [10.81005099190512, 60.06456879880692], [10.81022157393909, 60.064622134931746], [10.810363649840061, 60.06465775278859], [10.810456115287277, 60.064671836023074], [10.810569699199132, 60.064675440594776], [10.810704535780514, 60.06467881960067], [10.810789633509966, 60.06466452609487], [10.810832282719964, 60.06464313116231], [10.810832301124382, 60.06462173266629], [10.810796706954557, 60.064586166889654], [10.810782341149713, 60.06455055558359], [10.810775091706923, 60.06451840615908], [10.81078229989575, 60.06449705559873], [10.810824705074543, 60.064450657925384], [10.810867109532703, 60.064411362757674], [10.810923878497734, 60.06437225345183], [10.810994684137912, 60.06435435999548], [10.811079943200207, 60.06435436790199], [10.811136873770447, 60.06436498464526], [10.811215020832998, 60.06438274915997], [10.81128598004916, 60.06440046569488], [10.811342627744231, 60.064407657117314], [10.811372455717898, 60.064409323212146], [10.811463514891614, 60.064414639373524], [10.811591333490302, 60.06441096170113], [10.811704767500107, 60.06439307119711], [10.81188224209848, 60.06436804031111], [10.812088129772569, 60.06436432072431], [10.812237342642584, 60.064374898239365], [10.812301170453324, 60.06440344657833], [10.81238641734704, 60.06444607158748], [10.8124504366945, 60.06447453639832], [10.812540831837417, 60.06450635524027], [10.812565317128634, 60.06451468397898], [10.81258361044668, 60.06451652318865], [10.812611208886523, 60.064513082191056], [10.812634235542339, 60.06451021670039], [10.812664106745721, 60.06451296237853], [10.8127137376993, 60.064522987847226], [10.812746140402135, 60.06453696241259], [10.81275837831196, 60.06454966861721], [10.812775919501885, 60.06457018601309], [10.812784806208539, 60.06458521315551], [10.812791817697674, 60.064602249105974], [10.812797818464073, 60.064620152148834], [10.8128101595278, 60.064632052198675], [10.812859417179638, 60.064680458584725], [10.812930265302404, 60.06471606318877], [10.812994281811454, 60.06475873371071], [10.81302286114691, 60.06478724318993], [10.813044316236514, 60.06484070196532], [10.813058587160041, 60.06487990692056], [10.813087181605429, 60.064901223850704], [10.813165304698051, 60.06493337221947], [10.813271866938011, 60.06497954933777], [10.813350097279868, 60.06501511805452], [10.813421203733764, 60.06506853263165], [10.813485046985285, 60.06509699129008], [10.81354908515721, 60.06511115958519], [10.813627253647185, 60.06510752414722], [10.81371945669498, 60.06508967793772], [10.813825703680441, 60.0650646343971], [10.813953445262698, 60.06504314893169], [10.814067124661875, 60.0650502600454], [10.814209314916315, 60.065075087349335], [10.814294387666669, 60.065110602951805], [10.814393859645126, 60.065110608618966], [10.814493263434265, 60.06509272053972], [10.814613886239172, 60.06507487529662], [10.814673538157292, 60.06508108192748], [10.814748807800193, 60.06508895310277], [10.81499807331185, 60.0651133976173], [10.815610471817216, 60.06515519460368], [10.816481206408431, 60.06516696192565], [10.817633792989232, 60.06514764101338], [10.818406078228747, 60.065091720268256], [10.818749433522393, 60.06502383054167], [10.819276168936492, 60.06489422383079], [10.819631408478086, 60.06471548720489], [10.819728925790038, 60.06453074852573], [10.819765047255931, 60.06429677150184], [10.819604670499599, 60.06395839047388], [10.819481040368057, 60.0636692751988], [10.81939471506526, 60.063484649500985], [10.819351339700123, 60.063296079100915], [10.819354504276582, 60.06315187074988], [10.818627275263738, 60.060615978121405], [10.816726607196157, 60.05660259585642], [10.816722077917623, 60.056587257606246], [10.816720186711885, 60.056573800643385], [10.816718362365414, 60.05655414196925], [10.816721809480986, 60.05652979528887], [10.816721901071773, 60.05650920765047], [10.816716263651628, 60.05647423321699], [10.816719710087982, 60.056442783117404], [10.816718006454606, 60.056412248943445], [10.816721374805171, 60.05638709052364], [10.816714120403502, 60.056362044848704], [10.816701432983267, 60.05633871474344], [10.81669597919844, 60.056320739669005], [10.81668165573928, 60.05628476999658], [10.816670802630167, 60.05624980975144], [10.816648976436815, 60.056214861976855], [10.816641942912277, 60.05618523811277], [10.81662573502283, 60.05614570264766], [10.81662363077111, 60.056119741044206], [10.816623711796185, 60.05608647623454], [10.816617126331188, 60.05605614655722], [10.816620643300025, 60.05603548849764], [10.816622468028907, 60.05600407684989], [10.816618912495755, 60.05597537249451], [10.81661323977667, 60.055942105016335], [10.816604241817346, 60.05591520527296], [10.816602358386882, 60.055884665483845], [10.816589749388497, 60.05585504458195], [10.816585950026704, 60.055825432856864], [10.816576881714115, 60.05578774196838], [10.81656782287282, 60.0557698316941], [10.816557094956787, 60.05572678372032], [10.816544218525358, 60.05568366737001], [10.816540592654386, 60.055644170970446], [10.816542340493768, 60.05561194755796], [10.816538613441868, 60.05557325728617], [10.816531348147944, 60.05552843100568], [10.816525808176142, 60.055489862643746], [10.816523920090159, 60.05544943164564], [10.816527338250244, 60.05541537372276], [10.816523773403809, 60.055366887847846], [10.816519826829161, 60.05532567321103], [10.816509063615806, 60.055284332193196], [10.81651440886762, 60.05524925534021], [10.81651620350384, 60.05521523589139], [10.816516057354859, 60.05517665897784], [10.816519366014623, 60.055116522222555], [10.816517412288473, 60.055075190386894], [10.816510067803296, 60.05504375833054], [10.816502855910084, 60.05500702539606], [10.816499246148334, 60.05497733022846], [10.816499184642574, 60.05494235191617], [10.81650271699344, 60.05490739786979], [10.816502572663099, 60.05486882092969], [10.816511475623157, 60.05482837278125], [10.816514757636552, 60.05478262197894], [10.81652201218402, 60.05475659733779], [10.816509375849627, 60.05474846492505], [10.816498481418371, 60.05472519189639], [10.816487610105977, 60.054687533857475], [10.816483925196918, 60.05465702600168], [10.816473165205998, 60.05462557620713], [10.816469385047315, 60.05459866224004], [10.816469353176975, 60.05455918920092], [10.816449361358792, 60.05451971379087], [10.816429627657763, 60.0544739523065], [10.816418739373768, 60.05443359646738], [10.816398992100723, 60.05440213094081], [10.816384463340318, 60.05436354776148], [10.816373435940433, 60.054338472176696], [10.816375212302134, 60.054308857481146], [10.816376957257477, 60.054283737535094], [10.81638960774698, 60.054264806855954], [10.816414416839981, 60.0542379006412], [10.816437876390161, 60.05421454716562], [10.816457574705652, 60.054183972187396], [10.816460939560605, 60.05414182000997], [10.816459039252955, 60.0541085824174], [10.81645517575154, 60.05407096639796], [10.816462308371483, 60.05402605633725], [10.816474948730416, 60.05398024160774], [10.816487154096436, 60.05393360476366], [10.816497793935259, 60.05388511949131], [10.81649426541867, 60.05384202916451], [10.816492399385519, 60.05381418715629], [10.816490404984195, 60.05377744000585], [10.816493953204432, 60.053752287193596], [10.816497548155747, 60.05372533744862], [10.816513457099342, 60.05371190533162], [10.816524296232647, 60.05371009122884], [10.816542349339032, 60.05371093260759], [10.81656739461619, 60.05370911908571], [10.81661228630195, 60.05370110058581], [10.816651531175863, 60.05368939733923], [10.81670188370919, 60.05366240050133], [10.816748340686608, 60.05363635981552], [10.816791442910537, 60.05360131101494], [10.816821932894868, 60.053570718790255], [10.816848739739374, 60.05354648215782], [10.816879140299381, 60.05352227067406], [10.816913228598771, 60.05350159209802], [10.816943592868997, 60.05347198414181], [10.8169810668188, 60.05343594743134], [10.81700447802614, 60.05340728826529], [10.817033029755018, 60.05336503506278], [10.817063459482426, 60.05333632791461], [10.817092069359791, 60.05331205926026], [10.817115311678469, 60.053283304496], [10.817138658767927, 60.05325374444688], [10.817140406890907, 60.05324561734926], [10.817142043714599, 60.053231283800315], [10.817149398282917, 60.05321865896468], [10.817156436246927, 60.05320710368113], [10.81715998281786, 60.05318905340066], [10.817163548757545, 60.05315949581428], [10.81715086867547, 60.05312618635538], [10.817143465334741, 60.05308953690823], [10.817121863238892, 60.0530500100797], [10.817102015336838, 60.05300514480864], [10.817099995317534, 60.05296291123914], [10.817099995191052, 60.05291184179202], [10.817101643978688, 60.05287044426122], [10.81710340349554, 60.052831028313214], [10.817094208967495, 60.05280142608362], [10.817092271901863, 60.052762792037996], [10.817095718762308, 60.05272423936545], [10.817090338494888, 60.05269008140415], [10.817081453571205, 60.05266228737538], [10.817056205158998, 60.052634513493594], [10.817036128285453, 60.05261841177516], [10.817016517803365, 60.05259863920962], [10.816989441250477, 60.052565412654666], [10.816969534768834, 60.052529536810155], [10.816971369590288, 60.05249093264997], [10.81698555512194, 60.05244426762363], [10.817003429457923, 60.05239403385611], [10.81701582287798, 60.05234731262478], [10.817019395505175, 60.0523276453257], [10.817015673175087, 60.052298845361825], [10.817008317612872, 60.05226750239113], [10.817011746223868, 60.052233354475064], [10.81701161191747, 60.05218758502889], [10.817020645009544, 60.05214893940461], [10.817022093263292, 60.052107715275056], [10.817023827910644, 60.05206281379338], [10.817029209488712, 60.05202603081652], [10.81703258466441, 60.05198378864693], [10.817039661225435, 60.051950655786094], [10.817039652342086, 60.05190390114444], [10.817041391804588, 60.05186888997384], [10.817044707232798, 60.05182853472968], [10.817053682222017, 60.05179177510627], [10.817064378847574, 60.05176127434505], [10.817074886510442, 60.05171808987351], [10.817080223227721, 60.051700096714555], [10.81707315155928, 60.05169205043466], [10.817074824514021, 60.05168311244517], [10.817083749823801, 60.051655252327905], [10.817087284380214, 60.05163018948857], [10.81707463663596, 60.05157817838887], [10.817074471679044, 60.05154400711365], [10.817083379767494, 60.0515134492028], [10.817088651826195, 60.05148745175941], [10.817095765169997, 60.05143274043717], [10.817109854599607, 60.05136979871416], [10.817106241245046, 60.05134298035691], [10.817102483855686, 60.05130168138059], [10.817102503650963, 60.0512774060276], [10.817095076599832, 60.05124237445897], [10.817105834950699, 60.051195781663814], [10.817112819541215, 60.05116336498146], [10.817116338586956, 60.05113560342435], [10.817125180109525, 60.05109704125011], [10.817134069053886, 60.05106378556589], [10.81714285151842, 60.051034212843774], [10.817153726693121, 60.05101082113242], [10.817178687669948, 60.05097843395734], [10.817205563896373, 60.05095788674922], [10.81724331480513, 60.05092815289519], [10.81725568283206, 60.050895817573384], [10.817248426433526, 60.050877874480314], [10.8172286408759, 60.050843890302055], [10.817221414003372, 60.0508214524804], [10.817214135554519, 60.0507909212779], [10.817213953276825, 60.05075405220613], [10.81721750170044, 60.050721795918385], [10.817235276738629, 60.050682258580764], [10.817251251356886, 60.05063565063977], [10.817262043393498, 60.050608659392815], [10.817269048813252, 60.05056473446871], [10.817270869848713, 60.05054042536774], [10.81727606611691, 60.050493746451075], [10.817291904255654, 60.050435445622284], [10.817299180805199, 60.05040213843979], [10.81731166484811, 60.050354700987334], [10.817318584402848, 60.05031428000713], [10.81731495831305, 60.050274783599626], [10.817321909130236, 60.05022986786701], [10.817325350543033, 60.05018142396481], [10.81732895782786, 60.05014017911515], [10.817328746500715, 60.050080829847445], [10.81732685892794, 60.05003329628009], [10.817317504720851, 60.04997941218715], [10.817322736271912, 60.04993102540328], [10.817328260870934, 60.049888851555636], [10.817333408439396, 60.04984396869409], [10.81733142284686, 60.049807131594235], [10.817318822983799, 60.04976042789181], [10.817306156698768, 60.04970571992692], [10.81729328178028, 60.04966260360579], [10.817284243973846, 60.04962041800052], [10.81727160169683, 60.04957829811539], [10.817250006002286, 60.04954155906527], [10.817235548025533, 60.04952087054847], [10.817217379825289, 60.04947695668728], [10.81720829368033, 60.04943656803349], [10.817213600476524, 60.04942306959297], [10.817229787802365, 60.04938896629722], [10.817254944658455, 60.04935928340756], [10.81726550153337, 60.04934406289286], [10.817287002213558, 60.0493063514384], [10.817299350576635, 60.049271317441075], [10.81730999455238, 60.04923272237414], [10.81732075768516, 60.049203123294056], [10.817327913436538, 60.04918069161573], [10.817331443387916, 60.04915284097541], [10.817333078891085, 60.04914560997003], [10.817327815028703, 60.0491403186125], [10.817327744379172, 60.04912952656353], [10.81733298641258, 60.04910802383201], [10.81734195022227, 60.04909545049267], [10.817349123919925, 60.049082820033], [10.817359748195077, 60.049068501219026], [10.817370593063405, 60.04904960331739], [10.817383025982744, 60.049018168814136], [10.817384818446747, 60.04899125188169], [10.817388127684127, 60.048967979428944], [10.81739187636962, 60.04893554972418], [10.81738279510278, 60.04890505139569], [10.817380822242516, 60.04888089234618], [10.817375453343093, 60.04885941335266], [10.817366170083325, 60.04881632130228], [10.817364352158554, 60.0487866823295], [10.817356950000638, 60.048737265717044], [10.817364073658357, 60.04868246529199], [10.817367621750046, 60.048650208992264], [10.81736578976143, 60.04862776256586], [10.817362026903847, 60.04860354729282], [10.817354802302349, 60.04858111034207], [10.817338650078446, 60.04854256483935], [10.817334886182142, 60.048525452118824], [10.817329284030034, 60.04849587325636], [10.81731857485618, 60.04845552308708], [10.817318474774517, 60.04844922666291], [10.817305872997686, 60.04842949610438], [10.817291593589662, 60.04840881322292], [10.81728068489118, 60.04839273280243], [10.817262795175141, 60.04836932787511], [10.817259073498938, 60.048360398478955], [10.81726987465641, 60.04835318875777], [10.817260907161206, 60.048348768324175], [10.81724465152217, 60.04833800299205], [10.817233899651931, 60.04831644351718], [10.81721922123292, 60.04828046260336], [10.817215608173093, 60.04825364423591], [10.817215596576114, 60.04823386272826], [10.817217478736717, 60.04822043561504], [10.817217380438747, 60.04818006170801], [10.817219106278568, 60.048159347390175], [10.817213438569118, 60.048128866787316], [10.81720984911558, 60.04809476682452], [10.81721153234049, 60.04807863543375], [10.817206105406395, 60.04803917185573], [10.817202330103553, 60.048002278518695], [10.817207584369863, 60.047973583265794], [10.817200533200976, 60.047941260723], [10.81720382836436, 60.047925180819156], [10.817202046869866, 60.0479009383014], [10.817201957288248, 60.04788744848033], [10.817198552642688, 60.047863244444024], [10.817198411448816, 60.04784166034154], [10.817198321869355, 60.04782817052037], [10.817191150964383, 60.04781382781363], [10.817180237652694, 60.04778785706423], [10.817173030499355, 60.047768116996714], [10.817174936245763, 60.04774740828834], [10.81718616128166, 60.04772834260451], [10.817197413033092, 60.047713324496776], [10.817208600202484, 60.047657663468954], [10.81721389131436, 60.047607389746325], [10.81721376918067, 60.047554427747215], [10.817198998898412, 60.04748086157532], [10.81722042226231, 60.047415364328494], [10.817211185097706, 60.047326508388544], [10.817239734304563, 60.047243075087266], [10.81728804465832, 60.047181038763625], [10.817352311230318, 60.04714063672936], [10.81741162821931, 60.04712084691492], [10.817425939576994, 60.047083087864586], [10.817420109525083, 60.04701133339034], [10.81742914345879, 60.046931507674955], [10.817410732277196, 60.04686681676595], [10.817424956671582, 60.046808464414674], [10.817417673321343, 60.04676094035241], [10.817376342610727, 60.04670262616577], [10.817325804994537, 60.046621901369896], [10.817330906148037, 60.04655184228475], [10.817352345879954, 60.04648904280675], [10.817379203195676, 60.04641895312668], [10.817420136163545, 60.0463498491665], [10.81742698193992, 60.04624756663903], [10.817392661819042, 60.04612824377636], [10.817385120728852, 60.04602316733934], [10.817370532345375, 60.04591552928592], [10.817376410767972, 60.0458748055385], [10.817384609559968, 60.04581860086951], [10.817421951365345, 60.04572249949266], [10.817464624008887, 60.04561838428757], [10.817489643073298, 60.045542931864304], [10.817557429852199, 60.04545768443171], [10.817605756512622, 60.045371371720975], [10.81763610927534, 60.04529779668957], [10.81765192442844, 60.04524390057415], [10.817657166132259, 60.045195424678056], [10.817714484403162, 60.04513888756398], [10.817732205578725, 60.04505717926232], [10.817721206175376, 60.0449836420965], [10.817733538456991, 60.044911833627374], [10.817744247681958, 60.04484006364418], [10.817779896364968, 60.0447842780731], [10.817797561628671, 60.04472145046506], [10.817828067906733, 60.044669368606286], [10.817860102896423, 60.044613738691666], [10.81792093290177, 60.04456351743876], [10.817967559581726, 60.044520398266314], [10.818021277464798, 60.044461049923], [10.818047924427955, 60.044354269167336], [10.818064260474742, 60.04385343630192], [10.818035066132163, 60.04309329251382], [10.817724201616134, 60.0423189171307], [10.817498862828458, 60.041939449548174], [10.817273042920904, 60.041348132432105], [10.816962126316602, 60.04054605994398], [10.817366573749744, 60.03995125156997], [10.817441107658953, 60.03993751962086], [10.817720976477144, 60.03988632745332], [10.81754654443257, 60.03978765079881], [10.817211121592925, 60.039597734578074], [10.81726050704457, 60.03947603017694], [10.817328270821932, 60.03933692560241], [10.81729376734161, 60.03919781631434], [10.817318490048391, 60.03908917686078], [10.817327323512801, 60.03904072429112], [10.817354055327678, 60.0389545360278], [10.817413193808399, 60.038893472356634], [10.81747407381918, 60.038841364382705], [10.81756888211919, 60.038766865085734], [10.817681736715816, 60.03869320695968], [10.817810663159852, 60.038610437800116], [10.817932321694073, 60.03853678858044], [10.818000386676008, 60.0385017217571], [10.818052282258883, 60.0384084187167], [10.818069992426492, 60.03831682000465], [10.818094564422829, 60.03816960340806], [10.81813006279631, 60.037999984875114], [10.818100907902439, 60.03783847781369], [10.817903083300537, 60.03771739050054], [10.817285847128055, 60.03763974385781], [10.816447647955249, 60.03753009497117], [10.81536709515068, 60.03726511796265], [10.81463952802346, 60.03693355427757], [10.814021252570171, 60.03655797991834], [10.813314937213178, 60.03610435122452], [10.812807468683207, 60.03562897570801], [10.812564201665213, 60.035197498360425], [10.81227584200069, 60.03476593756482], [10.812054124498442, 60.03434602203679], [10.811965465693145, 60.03406870456928], [10.811943313780104, 60.033847985237614], [10.811964057241498, 60.03358232274677], [10.811974180300293, 60.03350531875683], [10.812177394483351, 60.03313278664183], [10.812224444631736, 60.03311036312855], [10.812200751430202, 60.033091718306665], [10.812228815481859, 60.03307022069469], [10.812301285602162, 60.03303439756125], [10.812435463305938, 60.03280380466347], [10.812597486987158, 60.032603046888724], [10.812669876248037, 60.03253665082946], [10.812680255925233, 60.03245902531109], [10.812908759119766, 60.032068323934844], [10.812994524405001, 60.0320154795214], [10.81298001380916, 60.031974018961655], [10.81282188378319, 60.03189176534691], [10.81285275644031, 60.03187503234413], [10.812866090121318, 60.03166209275617], [10.812595112985012, 60.03149335876994], [10.812604845247101, 60.03144493549568], [10.812656518769044, 60.03129812956194], [10.812789360218773, 60.03114463886445], [10.812868651269486, 60.031076213354396], [10.813015690701425, 60.031085735319394], [10.813096257816547, 60.03105969907412], [10.813162108939004, 60.03105621420647], [10.813172524007395, 60.03101230817109], [10.813167191994504, 60.03093670165922], [10.813026453160735, 60.030859047094616], [10.81301115858664, 60.030725940476046], [10.813022995666568, 60.03067650480696], [10.813049678316919, 60.0305822239284], [10.813010777718297, 60.03052479396299], [10.81316077473635, 60.03034649143537], [10.813162447671688, 60.03025672201155], [10.81248556712325, 60.03004264837675], [10.812408029665717, 60.029761278805275], [10.812896094331057, 60.0295185385088], [10.813243928939391, 60.02951312254219], [10.813333048935084, 60.029511725273395], [10.813525542531735, 60.02933549035984], [10.813503878849005, 60.02925972538374], [10.81308044571116, 60.0287841383349], [10.813089208482019, 60.0287150035443], [10.812917979033841, 60.02851931514878], [10.812882062392726, 60.028310746173794], [10.812749337360703, 60.02819405303576], [10.812395038928607, 60.027993992119285], [10.812474182689572, 60.02792951882731], [10.812444760023364, 60.02781007993374], [10.812293673332793, 60.027819850395616], [10.812096268659511, 60.0278179908355], [10.812031596046397, 60.02776261964322], [10.812135082861401, 60.02764784876553], [10.811884982511215, 60.027375656154504], [10.811973929630982, 60.02735006782782], [10.812106506096656, 60.02736299718288], [10.812279743288476, 60.027344309860034], [10.812242122544074, 60.02719601811636], [10.812100760839511, 60.02709505532816], [10.812006207998449, 60.02702596787517], [10.811976016541802, 60.026931050769065], [10.811826152869942, 60.026766787909246], [10.811718392363455, 60.02669701197159], [10.811636178743226, 60.02661563816226], [10.811643928665399, 60.02655024826128], [10.811750383455262, 60.026443214903566], [10.811940800811906, 60.02637966704088], [10.812010197295173, 60.026322617024775], [10.811986845998545, 60.02627862806905], [10.811770887115168, 60.02614823271564], [10.81180778713295, 60.0260328769998], [10.811766243175759, 60.02595666047327], [10.811739259689773, 60.025924334331165], [10.811732055920654, 60.02589470443306], [10.81177686062632, 60.025888484697774], [10.811897179059548, 60.02590453182081], [10.811970785869745, 60.0259035421264], [10.811992192018417, 60.02586223195091], [10.811941750980017, 60.02584345727004], [10.811893260060039, 60.02579228659069], [10.811912699948639, 60.02574381102739], [10.811939589896557, 60.025681905677516], [10.8119054603848, 60.025654927243096], [10.811799664440567, 60.02564338727941], [10.811720633709045, 60.02561911901011], [10.811691790380019, 60.025534854243865], [10.811705829924657, 60.025466606396975], [10.811757741253828, 60.02544685562016], [10.811883304711769, 60.02543142080125], [10.811953132344419, 60.02536952925111], [10.812008364085116, 60.02528955155752], [10.81206583213581, 60.025240125990464], [10.812087006007816, 60.02519071678683], [10.812099443852981, 60.02514219890784], [10.812174754608808, 60.02508380844828], [10.812217379510216, 60.02497429913387], [10.812218786919367, 60.02485404120431], [10.81224387839167, 60.02480916148017], [10.812240058235675, 60.0247939345914], [10.81220076559897, 60.02476517417873], [10.812202316071208, 60.02473735074929], [10.812282756508424, 60.02466824410818], [10.812336435957073, 60.02461608970878], [10.812442062260844, 60.02454247725262], [10.812529819548633, 60.02447234408437], [10.812610283288326, 60.02439595472667], [10.81268890662129, 60.024287317418604], [10.812753142440902, 60.02414900327044], [10.812810128813323, 60.02407357628248], [10.812860142569498, 60.02397661933613], [10.812873997116792, 60.02386161178596], [10.812915085150141, 60.023782623489375], [10.81299545382014, 60.023665859823886], [10.813075982139448, 60.023583268445726], [10.813140432557063, 60.02350421273167], [10.813226090149923, 60.023418007664816], [10.813301376633452, 60.023339924929786], [10.813390594189057, 60.02323836823633], [10.813451537138954, 60.023155784070696], [10.813517665568465, 60.023094674370924], [10.813623130824427, 60.02303076669116], [10.813700020695006, 60.02294284403803], [10.813753541755313, 60.02287629924994], [10.813808881193141, 60.02278832210677], [10.813835813947584, 60.02272461940683], [10.813896378408954, 60.02264642945895], [10.81402171477117, 60.02255752617321], [10.814170416558182, 60.02244158199126], [10.814234566151296, 60.022353524980595], [10.814245194668024, 60.02233201386664], [10.814264916012725, 60.02231672509763], [10.81432934813399, 60.022244861366026], [10.814448980286501, 60.02211729434341], [10.814490242865205, 60.02208227913701], [10.814563510297635, 60.02201582023916], [10.814652952803696, 60.021922361715895], [10.81471208151991, 60.021863996152256], [10.814754751646822, 60.02181643773652], [10.814797942799563, 60.02179029479158], [10.814883588640306, 60.02173106191424], [10.81494453339878, 60.0216753612456], [10.815008873276003, 60.02161698142816], [10.815076985342866, 60.021575624457476], [10.81514859275809, 60.021554878644494], [10.81523458658875, 60.021519843162494], [10.81530964695994, 60.021443460685944], [10.815347146426749, 60.02139133147939], [10.815338096261113, 60.02137342190764], [10.815230524281448, 60.02136182747272], [10.81511748213249, 60.021356533178114], [10.815067268724667, 60.0213260779688], [10.815093881304987, 60.021257779945074], [10.815158127332518, 60.0211689163617], [10.815269104435018, 60.02110680058124], [10.815356972524066, 60.02109241464072], [10.815421613142155, 60.02110399627247], [10.815516539711389, 60.02108776543013], [10.815616914789016, 60.021045543548], [10.815672505103219, 60.02103921460591], [10.81573696093363, 60.020989829571086], [10.815792316178666, 60.02093143361587], [10.815847742961127, 60.02088382970953], [10.81595687269792, 60.02081643964068], [10.81601065261972, 60.02076338946892], [10.816022892150734, 60.02071495468265], [10.816003085910568, 60.0206897805867], [10.815978022410366, 60.02065931411068], [10.815963410790348, 60.02062432458249], [10.816002784231411, 60.020592844799985], [10.816080028291449, 60.02060986089399], [10.816165993645061, 60.020562236701714], [10.816277180590058, 60.02053249542862], [10.816364875043925, 60.02050101940509], [10.816441667394296, 60.02040949656332], [10.816506068191577, 60.020332146208276], [10.81650593823455, 60.020296266929506], [10.816520101655069, 60.02026668562897], [10.816543334300777, 60.0202307374813], [10.816593562905132, 60.02021992285732], [10.816640026368386, 60.02017500157267], [10.81668650044344, 60.020122887743874], [10.816733069848787, 60.02009415410982], [10.816874605967826, 60.02003750133152], [10.816990644979754, 60.019946683203536], [10.817082090571152, 60.019878462086524], [10.817175112578317, 60.019828992339754], [10.817246658123244, 60.019783158176544], [10.81729486235659, 60.0197060131376], [10.81731605561505, 60.01962513421951], [10.817382360270214, 60.01955683570202], [10.817573828275934, 60.019456180141766], [10.81774739657554, 60.019346505279955], [10.817912109131619, 60.01924859835311], [10.81804451122235, 60.01915335251471], [10.8181304179387, 60.019063556050924], [10.818183728295832, 60.01896022846337], [10.818190788014794, 60.01889733355311], [10.818260582126003, 60.01885962511996], [10.818301650306225, 60.01878773776202], [10.818376942654584, 60.01873923416361], [10.818493422946197, 60.01872296667343], [10.818607933132053, 60.01866545620629], [10.8186829214748, 60.018590957860646], [10.818736424567453, 60.018490333493325], [10.818707567265042, 60.018413172833306], [10.818702100816932, 60.018358423213414], [10.81870741771046, 60.01834762250795], [10.818709052356276, 60.01833328798071], [10.818750160447657, 60.01827668732723], [10.818846824017113, 60.018218251152724], [10.818945259359943, 60.01816427676787], [10.819054568665019, 60.01813366524463], [10.819212234251927, 60.01813542526203], [10.819330803400382, 60.018152310405064], [10.819422419405337, 60.01817922088924], [10.819519251804973, 60.01822310994801], [10.819718340918408, 60.018214043721244], [10.819852843022696, 60.01819870512517], [10.820008596261562, 60.01816443878047], [10.820096387034054, 60.0181292782313], [10.820175266308182, 60.018107771048875], [10.820252327394599, 60.018097804957925], [10.820352586406749, 60.018076255448136], [10.82044938923169, 60.018019531616446], [10.82048337906333, 60.018007840812075], [10.820554773415237, 60.017960291383154], [10.820576246525947, 60.01792968196447], [10.820642488647946, 60.01788026169022], [10.820665515071727, 60.0178075327288], [10.820701187785927, 60.01772855077693], [10.820751180242688, 60.01765847509719], [10.820785305084106, 60.017631503009156], [10.820799386228822, 60.01760821297507], [10.820803188462799, 60.01759376770104], [10.820815528054458, 60.017561520162374], [10.820833185095609, 60.017525575288936], [10.820861848844135, 60.01748782070913], [10.820870826619302, 60.0174807326972], [10.820922754365368, 60.017446502409406], [10.821023051251208, 60.01742036858088], [10.821082027362518, 60.01740425466411], [10.82114496559364, 60.017378105845395], [10.821264848256998, 60.01735475103517], [10.82139049040529, 60.01733841029779], [10.821524935964764, 60.01734905334575], [10.821569782985305, 60.01735802628908], [10.821655862387855, 60.017414520320514], [10.82167569627664, 60.017452282602484], [10.821733317077134, 60.0174880948206], [10.821783790125027, 60.01753923553629], [10.821834147576627, 60.01760835432018], [10.82188453157668, 60.017646005101625], [10.821947370495186, 60.0176916922857], [10.822001376015576, 60.01775894912391], [10.822069576034153, 60.01780201964318], [10.82212885471988, 60.017836085277246], [10.822172182786112, 60.017909656932964], [10.822143741148198, 60.017993993140756], [10.822075747896196, 60.018041651018805], [10.822041817522074, 60.01808840972293], [10.822049065572743, 60.01812343553805], [10.822113694074712, 60.018169179698624], [10.822149830595562, 60.01821581980521], [10.822173509665342, 60.01830558221768], [10.822180940283502, 60.01838179381399], [10.822184591851316, 60.01845806472233], [10.822143547197436, 60.01850567692539], [10.822116751243477, 60.01854429968054], [10.822160040162926, 60.01862245604376], [10.82220327653632, 60.01869962156002], [10.822246537163329, 60.018752421689605], [10.822250207061359, 60.01877312733462], [10.822257224681046, 60.01877586689225], [10.822250138000227, 60.01878930937477], [10.822259274143708, 60.01885487500659], [10.822282962067549, 60.01895452861266], [10.822292232920413, 60.01901901909312], [10.82229607086278, 60.01910518684324], [10.822314278161032, 60.0191842567779], [10.822332394106636, 60.01925694032083], [10.822305626241109, 60.01934222794548], [10.822289723162976, 60.019379937036184], [10.822295397749476, 60.019471467454075], [10.82230089309711, 60.01950472921315], [10.82227567339578, 60.019528027551516], [10.822236603712302, 60.01959269535141], [10.822234960509764, 60.019665382013386], [10.822264044972572, 60.01977491717913], [10.822282223660649, 60.01986558532984], [10.822291539831904, 60.01993825912978], [10.822318518772235, 60.020028936113945], [10.822331489050304, 60.02010963837081], [10.822383534212914, 60.02019670298941], [10.822389358442573, 60.020285631185935], [10.822371723997106, 60.020358350728124], [10.822393470912337, 60.020426473656585], [10.822429539593854, 60.020489295718896], [10.82248524469146, 60.02056020237523], [10.822523363896009, 60.0206579746082], [10.82252679185231, 60.02066069092674], [10.822525171816695, 60.02066783291773], [10.822534071635161, 60.02069832540307], [10.822600656601166, 60.02074143324242], [10.822660084186962, 60.020821269082965], [10.822703308327908, 60.02087865284672], [10.82277697827871, 60.02098366579246], [10.822831051948175, 60.0210689059576], [10.822910253758721, 60.02114154589976], [10.82295898086474, 60.021190922081956], [10.822995062670644, 60.02125365400461], [10.82300946417741, 60.02130032527562], [10.822998880500268, 60.02135420678821], [10.82304383052739, 60.02141074572243], [10.823076471716584, 60.02147085220662], [10.823092681480365, 60.021527379970934], [10.823160952099334, 60.02159553795995], [10.823213195363373, 60.02165122892932], [10.823296097373921, 60.02174718208553], [10.823332232511993, 60.02183509194751], [10.823327113603742, 60.02190685928354], [10.823312967810955, 60.02197330571411], [10.823358002702635, 60.022033444064746], [10.823420876360341, 60.02209171951651], [10.823503405630953, 60.02210961761054], [10.823582329634894, 60.022107710895654], [10.823650613237575, 60.0221104121289], [10.823734918022954, 60.02215974510255], [10.823787192334564, 60.022225148033016], [10.823824856857284, 60.022285322415584], [10.823898711128098, 60.02233917984301], [10.823893457169103, 60.02237506794205], [10.823888152590312, 60.022385779772975], [10.823877468870043, 60.02243336490492], [10.823900978279593, 60.02249893587806], [10.82393153473548, 60.0225499834565], [10.823982019027225, 60.02260112324378], [10.824035981982476, 60.02266028576811], [10.824059478268358, 60.022706075122606], [10.824129642761605, 60.02273652816254], [10.824260426032945, 60.02274363557233], [10.824366198788516, 60.02274536521203], [10.824416629030877, 60.02278841055217], [10.824474053438717, 60.022821607161326], [10.824472586524443, 60.02286732624071], [10.824569238392712, 60.022874431372905], [10.82469653680882, 60.02284654152863], [10.824791557951881, 60.02284379474813], [10.824852794562572, 60.02292359659229], [10.82485289258485, 60.022971163116225], [10.824926695431335, 60.023024029144814], [10.825009364752175, 60.02307070204982], [10.824997104963971, 60.02313361264902], [10.824986405318551, 60.02318560263123], [10.825004447149283, 60.023230499867445], [10.825078083025996, 60.02325198133517], [10.825112299563216, 60.023279768075426], [10.82526463086485, 60.02327415899344], [10.825434979228332, 60.02324538356659], [10.825641074873905, 60.02321378234027], [10.825732477493586, 60.02320840211742], [10.82583126861553, 60.023212786811264], [10.825883146842957, 60.02323870451351], [10.825931770768573, 60.02327189190271], [10.82597501495731, 60.02329789566846], [10.825998244890016, 60.02331310722973], [10.82603232058092, 60.02332209737838], [10.826114882649472, 60.02333549907636], [10.826188466265348, 60.023324699299266], [10.826245642688853, 60.02331293174123], [10.826254644279885, 60.02329856083222], [10.826306533390307, 60.023261810605405], [10.826394406732977, 60.023244539585434], [10.826467949628668, 60.023245427857645], [10.826570257050655, 60.02323194046993], [10.82666679189755, 60.02317879949199], [10.82669365868789, 60.02316805077337], [10.826725953394275, 60.023162688657216], [10.826831720892006, 60.02316162944448], [10.826903418377173, 60.023147263635906], [10.826935665970963, 60.023150801005315], [10.827041348420515, 60.023114852304744], [10.827127378977265, 60.023095095940384], [10.827161430520828, 60.02305733105237], [10.827114689415538, 60.02302770977559], [10.827080454499596, 60.02300432922793], [10.827083885411355, 60.02296577532421], [10.82718764731053, 60.022910884096], [10.827291631376191, 60.02286418264971], [10.827393684994735, 60.022805730356936], [10.82752020301103, 60.022758392797556], [10.827803559249864, 60.02259004814699], [10.827889544365963, 60.022537921604254], [10.828334793601982, 60.02215153493995], [10.828707904550429, 60.0216619847334], [10.829213199255507, 60.01985733806186], [10.829829601104912, 60.01922307642791], [10.8304292814647, 60.01891196706865], [10.83113288930338, 60.01858283080845], [10.831345730268973, 60.01838069148147], [10.831665635901187, 60.0180986782618], [10.832039395572233, 60.01780119210526], [10.832163486211453, 60.01737120001041], [10.832289488898134, 60.01645592493418], [10.832250685493813, 60.01608561098974], [10.832241126493836, 60.01594918288877], [10.832211614221398, 60.0156789650276], [10.832183384023637, 60.015258995446644], [10.832223975217214, 60.015127927965914], [10.832264391394094, 60.014848680968655], [10.832305168785794, 60.014693342744934], [10.832352702572038, 60.01447159467822], [10.832430840575615, 60.01423642663254], [10.832517340842653, 60.01399334114362], [10.832602826825317, 60.01364574695918], [10.832815118002912, 60.013149848570784], [10.832942381713599, 60.01292099776284], [10.833175366341225, 60.012501637826986], [10.833290613476372, 60.01229398637517], [10.833299345346532, 60.0122475087298], [10.833304654257988, 60.012229603981346], [10.83330647145261, 60.01221518583266], [10.833304499025065, 60.01219093699098], [10.833302706305224, 60.01216669373822], [10.833299015089901, 60.01213897493166], [10.833299060318907, 60.012120094197414], [10.833295183936732, 60.01208958200571], [10.83330070622798, 60.01208139502172], [10.833296811898094, 60.01206526702397], [10.833295072313243, 60.012042015494124], [10.833295108068976, 60.012013244413225], [10.833300330172003, 60.01197465816587], [10.833303600606564, 60.011931603743406], [10.833303541158575, 60.01190642660172], [10.833308867914257, 60.01187413676044], [10.833312443453519, 60.011847186504426], [10.833319418934131, 60.011810363245665], [10.833324765882772, 60.01178077117912], [10.833335319773935, 60.011751164320735], [10.833335129992344, 60.011724184594705], [10.833335203171082, 60.011717892904166], [10.83335119708165, 60.01169358239784], [10.833367403084004, 60.01166046792829], [10.833374378467871, 60.011623644666095], [10.833379668682511, 60.01159306182067], [10.833391929506561, 60.01154993199862], [10.833402803956412, 60.01151493983867], [10.833409665651201, 60.011479012713366], [10.833422161407876, 60.011443981879154], [10.83343828270413, 60.01140726787173], [10.833455913932823, 60.011378513904575], [10.833479197684138, 60.011353354922385], [10.83349878044565, 60.0113290682246], [10.83351304564511, 60.01129139559425], [10.833525436511078, 60.01125006834298], [10.833527164986016, 60.01122494810997], [10.83352338189478, 60.0111908420063], [10.833518120753304, 60.011158487164565], [10.8335142146421, 60.011125366247654], [10.833505221144893, 60.01109127499083], [10.833499978692776, 60.01107159913889], [10.833490923288167, 60.011043710498804], [10.83348896695322, 60.01101505598306], [10.833470683740323, 60.010962059984706], [10.833465279420057, 60.01092799255083], [10.833454347471651, 60.01088934491547], [10.833443582291615, 60.010850792863145], [10.833436248979412, 60.01082205940111], [10.833434274181123, 60.01078072768651], [10.833430821482883, 60.010751127526284], [10.833436045583944, 60.01072962324091], [10.83343413924752, 60.01070627612423], [10.833434155307241, 60.010691891054904], [10.83342674703602, 60.010669448410354], [10.833425154932257, 60.010664993209275], [10.833421395108825, 60.01065777124477], [10.833407043358216, 60.01063627822966], [10.833387193813502, 60.010622794030425], [10.833347745917731, 60.01059951894146], [10.833310035313776, 60.01058241340194], [10.833288534899042, 60.01056635913038], [10.833275718340145, 60.01054122882222], [10.833266813794832, 60.01051784052355], [10.833263147025006, 60.01049992203681], [10.833257549416485, 60.01048733754622], [10.833234259257399, 60.01047122637593], [10.833201953275543, 60.01044970590833], [10.833167820736012, 60.01043271323412], [10.833140864447238, 60.0104057879538], [10.833126485585563, 60.01038878965264], [10.833106738728524, 60.01036451894628], [10.833086982897768, 60.01034744078457], [10.833043814491539, 60.01032234010152], [10.83301153621049, 60.010306305133774], [10.832963181824914, 60.010291021375366], [10.832912685122853, 60.01027135379742], [10.83287861892741, 60.010255261877674], [10.832865984610454, 60.01023723969407], [10.832858907034511, 60.010219303862605], [10.832862316014262, 60.0102022383215], [10.83286945327508, 60.01017980576318], [10.832874873998316, 60.01016100581044], [10.832883500503907, 60.01013673292318], [10.832887078020631, 60.010109782646325], [10.832881590377491, 60.01007921915096], [10.832876113555459, 60.010051443377264], [10.832876070687853, 60.010021860553074], [10.832872251936376, 60.00999944171635], [10.832877624718947, 60.00996535583516], [10.8328866310653, 60.00995089450623], [10.832908106050164, 60.00993296122168], [10.832938350975432, 60.00990955053032], [10.832963464676727, 60.0098969475839], [10.832977664276534, 60.00987545796808], [10.832981291443954, 60.009853813295805], [10.832982888201347, 60.00983687079882], [10.832984608007452, 60.009808962819115], [10.832988183569713, 60.009791991961706], [10.83300789786767, 60.00976950789378], [10.83303656897205, 60.00974433977466], [10.833070497811223, 60.00971735895223], [10.833140239479054, 60.009694027848546], [10.833187000925436, 60.00968489575145], [10.833224395952312, 60.009676006810864], [10.83327470761292, 60.00966150204164], [10.833310426470613, 60.00965166094584], [10.833340918937706, 60.00964624035456], [10.833355197798118, 60.00964264622766], [10.83336052162089, 60.00964173524746], [10.83339997978126, 60.00962643802382], [10.83343946298558, 60.0095995425664], [10.833489471108509, 60.00956893441692], [10.833521559780175, 60.009536590986755], [10.833555711751343, 60.00950781960739], [10.833594848263187, 60.00948082293124], [10.83364329195954, 60.009458346777905], [10.833684585332762, 60.009441309409105], [10.833736326277306, 60.0094197466725], [10.833802696143062, 60.00939181317144], [10.833843752418538, 60.00936667588864], [10.833897451709001, 60.009342387837805], [10.83395277216345, 60.00931806108677], [10.83401365786614, 60.00928662717285], [10.834054811379128, 60.00926499935935], [10.834119275213437, 60.00924078178219], [10.834167670651123, 60.009220102409564], [10.834210823090789, 60.00920114484396], [10.834258990514138, 60.00917515332117], [10.834296429693298, 60.009144507442954], [10.834330420520091, 60.00911132455524], [10.834361010117703, 60.00908801471442], [10.834401983469608, 60.00906638120658], [10.834437748500617, 60.009044763441864], [10.834475413241806, 60.00902230645024], [10.83451477436535, 60.00900349933959], [10.83455599325359, 60.00898277220262], [10.834609730298263, 60.008963880340744], [10.834714356596741, 60.00892303747386], [10.83482636062408, 60.008882068675845], [10.834845971276934, 60.008870370803166], [10.834872967190035, 60.00886133305237], [10.834885400661749, 60.00885956788825], [10.834921213997328, 60.00885323591986], [10.834948023377237, 60.008851385089606], [10.834965985543393, 60.00884421973937], [10.83497312251136, 60.00883887086445], [10.8349874958572, 60.00883168262159], [10.835003556479714, 60.0088253565158], [10.835019683162267, 60.008819931238165], [10.835030354063756, 60.008813615345424], [10.83504290787028, 60.0088037615032], [10.835057149001809, 60.00879477069524], [10.835076873090326, 60.00878217664803], [10.835098433408048, 60.00877494511861], [10.835116302294042, 60.00877137366488], [10.835127000887088, 60.00877054241428], [10.835148600172467, 60.00876870735098], [10.835168354593586, 60.00876870141446], [10.835202437396903, 60.00877040675664], [10.83522746621333, 60.008771287650646], [10.835247171351257, 60.008773078698056], [10.835286534364768, 60.00876137393694], [10.83529731875914, 60.00875416188203], [10.835306126148422, 60.008746977298614], [10.835317022353673, 60.008738870023585], [10.835333032694605, 60.00872723737471], [10.83534565250278, 60.008718285231524], [10.8353635410025, 60.008707431226625], [10.835372478773353, 60.00870204922099], [10.83538128434022, 60.00869486465759], [10.835395684634353, 60.00868318162418], [10.83540460375097, 60.00867510091828], [10.835420709907735, 60.008666977816425], [10.835435196690314, 60.008658894281936], [10.835449417214491, 60.00864720475899], [10.83546729269304, 60.00863644073573], [10.835477933644967, 60.00862751607978], [10.835488653618636, 60.00861940225729], [10.835510267957984, 60.008603182065556], [10.835528079056253, 60.008591516282074], [10.835540293656143, 60.0085843489967], [10.835570790552833, 60.00856463277212], [10.835590314174297, 60.008549334390004], [10.835608198016342, 60.008531377800686], [10.83571367222734, 60.008459542250066], [10.836114230565528, 60.00798513872747], [10.836297385382933, 60.007798331167244], [10.83648187325818, 60.007667939519635], [10.837015564837765, 60.00700874256471], [10.83706067534828, 60.00660619471571], [10.837043463371238, 60.00610250743585], [10.837529450806631, 60.005478217291135], [10.837637566163108, 60.00477330823085], [10.837721356930418, 60.004685321971145], [10.837712291802264, 60.00466462615243], [10.837635767364906, 60.00461356917537], [10.837627672900553, 60.00454093471989], [10.837634714561759, 60.00449781952815], [10.83764880108748, 60.00444296889216], [10.837650279249289, 60.00435418261067], [10.837657240818771, 60.00429317276035], [10.83769283973242, 60.00421859115047], [10.837712426666966, 60.0041414363831], [10.837733484755027, 60.004066845135725], [10.837831855361395, 60.00395000828321], [10.837910180647183, 60.00383694415299], [10.837965591432086, 60.00374617408644], [10.838024333173209, 60.0036546094678], [10.838065136593414, 60.00357290926037], [10.838077293740474, 60.003436358535296], [10.838148440405748, 60.00329186794913], [10.838214469332826, 60.003189475109345], [10.838249587850456, 60.003035935844586], [10.838281423522492, 60.00285999462611], [10.838293447008319, 60.00273162164041], [10.838309211482514, 60.002607771785804], [10.838333761550167, 60.002449763067595], [10.838361778148858, 60.002299865838346], [10.838411386171412, 60.00213104922149], [10.838444857781672, 60.00192638813417], [10.838448108845949, 60.001817788015124], [10.838454894539943, 60.001718200192784], [10.838488289134128, 60.00156550572467], [10.838504131359846, 60.001452447887196], [10.838516428619744, 60.00138324432112], [10.838532236535837, 60.001313252692256], [10.838510456309455, 60.00121096571844], [10.83848148593817, 60.00109163841182], [10.838491966744014, 60.000995493860856], [10.83847007893908, 60.00093546218296], [10.83843054749918, 60.00089150615623], [10.838403449482394, 60.00082150919904], [10.838403122659214, 60.00073707260028], [10.838422693329315, 60.00069138571956], [10.838411888493958, 60.000678816439994], [10.838411760397701, 60.000628462139936], [10.838405914140901, 60.00052083381955], [10.838405761867028, 60.000429299344916], [10.838369494110491, 60.000342288708346], [10.838331536610328, 60.000237333051835], [10.838277553559497, 60.00014131260211], [10.838250251348462, 60.00002014953995], [10.838215882505837, 59.999915217544356], [10.83815280633939, 59.99982727142194], [10.838158022463503, 59.999764407739846], [10.838128758675671, 59.99962888707159], [10.838128320239154, 59.9994996707938], [10.838131389666417, 59.9993739812485], [10.838136608689842, 59.999265442629756], [10.838154054514792, 59.99915675087414], [10.83816999134281, 59.99911283816352], [10.838162765490228, 59.99909750481404], [10.838151927753536, 59.99905094880149], [10.838112185036707, 59.99897731512573], [10.838061515310322, 59.99886782281818], [10.83805813391945, 59.99886330994097], [10.83801281609223, 59.99876549461055], [10.837973015723684, 59.99866236890516], [10.837942162603394, 59.998539475053796], [10.837911629774275, 59.998432595374105], [10.837897156328623, 59.9984021085827], [10.837873513545125, 59.998354608078714], [10.837860860900022, 59.9983025096265], [10.837833766303662, 59.99823251251077], [10.83780304935656, 59.99817417987854], [10.837779633490287, 59.99815626689395], [10.837741956802583, 59.99812756522103], [10.837720440535998, 59.99809883352993], [10.837682820671587, 59.998071121717715], [10.837679037758576, 59.99805409949481], [10.837688556328617, 59.99803551887227], [10.837764880807821, 59.99803954649591], [10.837863513094241, 59.998018922624674], [10.837969280008068, 59.99800436881398], [10.838082136911837, 59.997996243135184], [10.838130222161167, 59.997976451106155], [10.838214594943354, 59.99797641723447], [10.838325618936654, 59.99800141037479], [10.838401172871729, 59.99803724223721], [10.838428080681481, 59.998083046382305], [10.83847867749, 59.99813319561215], [10.838553877161507, 59.998154720182285], [10.838559348354519, 59.99815830938466], [10.838618521809346, 59.99818166566109], [10.838690261833877, 59.99821926505186], [10.83879613876563, 59.99825236708977], [10.838932307079032, 59.99825585527765], [10.838973629390043, 59.99822703902761], [10.83899303633248, 59.99819834026381], [10.839050384765487, 59.998167691294476], [10.839104035583482, 59.99814789594153], [10.839181091680658, 59.99814610148003], [10.839250895038763, 59.99813346843462], [10.83932082362238, 59.998105555045626], [10.839367183650468, 59.99807950487669], [10.839401245003184, 59.99805702284502], [10.839411995013998, 59.99804720263147], [10.839451290723572, 59.998044486180746], [10.839564290844937, 59.99803807092301], [10.839612656697957, 59.998038878178534], [10.839698748488727, 59.99805229357566], [10.83974004458429, 59.998083627075275], [10.839786746306093, 59.99809624936828], [10.83989598325852, 59.998075510343995], [10.839951581091261, 59.99807447697506], [10.840039250452758, 59.99807535433889], [10.84009119466135, 59.998051997810485], [10.840130692592382, 59.99803481260656], [10.840162737265283, 59.99800696144518], [10.840182258532893, 59.99796307125349], [10.840208937669123, 59.997913652837894], [10.840262477599083, 59.9978561799207], [10.84033947190537, 59.99781203479002], [10.840405743103318, 59.99777609285208], [10.840486109236837, 59.997736549502676], [10.840555774798139, 59.997690735222434], [10.840609438783819, 59.99764225727489], [10.840647101256042, 59.99760541256081], [10.840679171535243, 59.99757306742225], [10.84068088478733, 59.997569434740186], [10.840687999431532, 59.997561387760996], [10.840705999664788, 59.997552424703485], [10.840763081053003, 59.99754244710169], [10.840818649571832, 59.99752450953172], [10.840906369705928, 59.99750641649652], [10.841062215916205, 59.99748471859685], [10.841157302429846, 59.99747656858527], [10.841252170963692, 59.99744872133929], [10.841295164411974, 59.997435152415115], [10.841382832952771, 59.997411752560076], [10.84147779936525, 59.99738741468448], [10.841561908878719, 59.99736947754284], [10.841592333662966, 59.99736306519478], [10.841599374571926, 59.99736130899574], [10.841699607975622, 59.99734504918557], [10.841801630364147, 59.99732884517912], [10.841819670193074, 59.99732527844763], [10.841850148131265, 59.997319855966595], [10.841876862406446, 59.99731440424546], [10.841905721522554, 59.99730902139738], [10.841930748910482, 59.99730270761162], [10.841959475455555, 59.997295521302235], [10.841993419583785, 59.99728822986816], [10.842070244811058, 59.99725684529033], [10.842519807436735, 59.997143347130375], [10.842608946229406, 59.997538170591916], [10.842694025243894, 59.997786760360725], [10.842748431387747, 59.997982324221994], [10.842824723258916, 59.99819943662361], [10.842899634538517, 59.998271839866064], [10.84292193260629, 59.99831866672241], [10.842925468376325, 59.99835195522782], [10.84292397939359, 59.99836809256789], [10.842925791991533, 59.998377949709685], [10.842927393795122, 59.99839948944855], [10.84292751884097, 59.99844705598137], [10.842931403505522, 59.99851614022005], [10.842926402616945, 59.9985987912106], [10.842931961885997, 59.998630255156485], [10.842941038002971, 59.99867945266109], [10.842952084975261, 59.998724396821935], [10.842966749896904, 59.99883482103689], [10.842977847778966, 59.998923643125025], [10.842988766955935, 59.99899816453038], [10.843003273222973, 59.999024155963475], [10.843028540648382, 59.99908878956702], [10.843035879073252, 59.999156094842746], [10.843036164329048, 59.999239541469116], [10.843002558733989, 59.99928982148189], [10.842957599461318, 59.999313308900895], [10.842891287574448, 59.99931958021413], [10.84281984922557, 59.99933665872527], [10.842762566582932, 59.99934393384788], [10.842731911540083, 59.99935645444556], [10.842692584345999, 59.99938083947457], [10.8426712967824, 59.99945308620999], [10.842716472115885, 59.99951358177704], [10.842756013554395, 59.999536047087446], [10.842804527354641, 59.99956284203987], [10.84285645831874, 59.99957814584873], [10.842924662939927, 59.99960681974006], [10.842991043343279, 59.99962284873519], [10.843117500902146, 59.99964652586952], [10.843606319588364, 59.99979374355154], [10.843887971408963, 59.99990386098413], [10.843904226363033, 59.99991021751023], [10.844151849644037, 60.000006853962454], [10.844478263830997, 60.000117931180526], [10.844643317421603, 60.00016449175057], [10.84503284377715, 60.0003076762639], [10.845178431904658, 60.000406310367836], [10.845498082424946, 60.00059989021836], [10.845976898314959, 60.000649680184104], [10.846600976024575, 60.00081508347938], [10.846967155167416, 60.0009341499873], [10.847302758557026, 60.00105225288119], [10.847661674644275, 60.00120633326407], [10.847988357999553, 60.00133260497923], [10.848196760438466, 60.00141864751029], [10.84846244338284, 60.00156466550322], [10.84874101432373, 60.001729610001625], [10.849031982554624, 60.00189449531349], [10.849278014171771, 60.002022629681306], [10.849474461021414, 60.001870660057435], [10.849596520859212, 60.0017892666686], [10.850529224762994, 60.00120785560835], [10.850575727366115, 60.00114341390272], [10.850773942002318, 60.00095292678903], [10.851034743189274, 60.000761530628274], [10.851147484998732, 60.0006627593906], [10.85122610482045, 60.000599868300625], [10.85130801757315, 60.00052790897286], [10.851417120001516, 60.00043810454907], [10.85152431901415, 60.00037062714571], [10.851642349981383, 60.000282631971665], [10.851778045674044, 60.000163992518694], [10.851827835064297, 60.0000733102766], [10.851969082410724, 59.99997624471595], [10.852076322325809, 59.99989267481363], [10.852181830978303, 59.99982433496406], [10.852308804383672, 59.99978382253471], [10.852423465565815, 59.99975416273069], [10.852556004246733, 59.999727941663295], [10.852657997841467, 59.99970624372855], [10.852738698850661, 59.99968828262436], [10.852804735811555, 59.99965412590647], [10.852885298800713, 59.999602892476084], [10.85295845095926, 59.99953632180078], [10.853037148311607, 59.99948422078103], [10.853117510926332, 59.99943028475117], [10.85317667585022, 59.999390786809386], [10.853233640249398, 59.99935023025334], [10.853264051500437, 59.9993296073919], [10.853347285194591, 59.99929715984247], [10.855520899005576, 59.99819207459041], [10.855662193315743, 59.99796121940763], [10.855765788735809, 59.99785073922314], [10.855974463696809, 59.99764942388146], [10.856213847819573, 59.997465168194], [10.856555369299496, 59.9972350313451], [10.856730329016354, 59.99708498342446], [10.856957160765495, 59.99688909376535], [10.857185896824458, 59.99672814775525], [10.857401966219571, 59.9965493614668], [10.857603664916269, 59.99633910416648], [10.857801997833286, 59.99620156871839], [10.85821211877118, 59.996161674674596], [10.858679599310385, 59.99611809600911], [10.85911487899191, 59.99608798075613], [10.859261586835016, 59.99607460535993], [10.859353279001656, 59.99606624655544], [10.859718375626157, 59.996017471164784], [10.85995869243743, 59.996009102275245], [10.860517383137836, 59.99594662370929], [10.860709288205832, 59.99593925174484], [10.860861464220466, 59.995909413201524], [10.860909095937359, 59.99589310577726], [10.86093203241265, 59.995879081032264], [10.860999049093707, 59.995838387368494], [10.86108681732055, 59.99582837524576], [10.861154981437776, 59.99583734814338], [10.861289282385107, 59.995825559065956], [10.861439729788708, 59.995782269962014], [10.861604211451168, 59.995737262223855], [10.861781316133554, 59.9956760180185], [10.861938911661747, 59.9956372674555], [10.862084009356094, 59.99561376953193], [10.862200452969857, 59.99559836205985], [10.862370654279035, 59.9955578497233], [10.862474200779182, 59.995509220301805], [10.862580041749492, 59.99548673721484], [10.862726943510214, 59.995484693615516], [10.86284335446114, 59.99550255223], [10.862961635828098, 59.99550689302997], [10.863108582236974, 59.99550592886816], [10.863196438390288, 59.99549951482754], [10.863318257992617, 59.995520059457], [10.863422398132025, 59.99555137906935], [10.863549835651806, 59.995584417604405], [10.863664501258421, 59.99561480797069], [10.86373259935774, 59.99561568531735], [10.863816772403029, 59.99559135328019], [10.863866785187406, 59.99556172281861], [10.86393133192319, 59.995557993211385], [10.863985110459613, 59.99557145825641], [10.864053248201134, 59.99559643262683], [10.864101672071847, 59.99562690272003], [10.864180800734646, 59.99566444974429], [10.864225576160985, 59.9956752952172], [10.864299106543594, 59.99566717141381], [10.864363584809428, 59.99566254080645], [10.864411717698752, 59.995643641002765], [10.864483302080098, 59.99560227925682], [10.864549540689683, 59.99556632536214], [10.864569176590859, 59.99556001779927], [10.864585381995385, 59.99555099592365], [10.864649773527443, 59.9955312574754], [10.86473575211908, 59.99552837895034], [10.864805583740877, 59.99552112891764], [10.864880652265361, 59.99547628046497], [10.865002214607351, 59.99539980295121], [10.865100571673143, 59.995353887127756], [10.865230991343559, 59.9952855096701], [10.865300907561952, 59.99524598352366], [10.865368654111785, 59.99521088540524], [10.865449366793687, 59.99521710286655], [10.865544306481018, 59.99521432533537], [10.86563554626264, 59.995205228433164], [10.865791525245891, 59.99518080830297], [10.86585742488357, 59.99516192544742], [10.865907567096496, 59.99514129017442], [10.865970087645326, 59.9950891241142], [10.86601819455681, 59.9950172664741], [10.866053101668964, 59.99490741167986], [10.866062059686046, 59.99480267849926], [10.866090423673766, 59.994723637895554], [10.866090103516534, 59.99463569590192], [10.866080875403178, 59.99456302915464], [10.866082221674157, 59.994466058604885], [10.866110312506388, 59.99434753941441], [10.866151259095323, 59.99425684509599], [10.866190407152766, 59.99417337766986], [10.866215158240022, 59.994106001364536], [10.866236385210458, 59.994053889781526], [10.866250497116997, 59.99399553143053], [10.866282535186384, 59.99392730573383], [10.866335917990039, 59.993834753294294], [10.866426676039127, 59.99374759948717], [10.866521381774708, 59.99364609281049], [10.866591040735997, 59.99356978520418], [10.866669556896085, 59.99351308682196], [10.866760655374957, 59.99345911875243], [10.86683224117061, 59.99342342125519], [10.866898576170142, 59.99337946658088], [10.866928737990559, 59.99335065268236], [10.866964881355223, 59.99330844877394], [10.867061292285364, 59.99313578735468], [10.867143044820207, 59.99301724103793], [10.867864156973596, 59.99123976008343], [10.868362722375075, 59.99105578485477], [10.870260437789012, 59.990355324868155], [10.871613440504682, 59.98979125929989], [10.871631662169866, 59.989761709956625], [10.871642276373828, 59.98974424012782], [10.87170102329652, 59.98968044576566], [10.871725826802182, 59.98963554862626], [10.871750606887774, 59.98958795282132], [10.871795365313405, 59.98954565856273], [10.871889895482427, 59.98948990732], [10.87196517637394, 59.98945036692433], [10.87206161827395, 59.98941526425347], [10.87217105201806, 59.98940259761556], [10.872255171066875, 59.98939435229922], [10.872342729824382, 59.98938441629672], [10.872417864961186, 59.98936905636439], [10.872491435546639, 59.98933314785412], [10.872569919214126, 59.98926934169714], [10.872650046656824, 59.989201001577506], [10.87273767063804, 59.98912723162766], [10.872852075185698, 59.98906607818772], [10.872937832078604, 59.98901301937858], [10.873025309859184, 59.98896630679751], [10.873089852980778, 59.98893658954222], [10.873145031296778, 59.988897048041224], [10.873200185730438, 59.9888260377594], [10.873235756239355, 59.98877392524279], [10.873289313166156, 59.98871284437407], [10.873371426278739, 59.988640070995], [10.873460654790737, 59.98855915798704], [10.87351420157655, 59.988509675200696], [10.873571345174085, 59.98847019543449], [10.873644543024184, 59.98842429492997], [10.873717817638557, 59.98835331285814], [10.873796296846175, 59.98828231255706], [10.873871011583915, 59.98820409227619], [10.873967389007163, 59.988127718258625], [10.874040685372444, 59.988073818835225], [10.874078366565378, 59.988052251533446], [10.874135454111816, 59.98802616578153], [10.874224919373999, 59.988000913708646], [10.874307097239841, 59.98796932068172], [10.874389321631947, 59.987938806539304], [10.87445186039996, 59.98791361147389], [10.874519850726506, 59.987882112870324], [10.874609426102738, 59.987841579332354], [10.874618306485619, 59.98783799079484], [10.87463448523201, 59.98784784748458], [10.874666512854347, 59.98782268678147], [10.87469162635963, 59.98780836724147], [10.874721854528532, 59.98778036243022], [10.874745034172113, 59.98774269641639], [10.874773587474568, 59.98772381022627], [10.874823647491196, 59.98771665495504], [10.874870153843526, 59.98768331554157], [10.874925177264819, 59.98758451880881], [10.874978582042434, 59.98750014626567], [10.87502482454106, 59.98740844667504], [10.87505475359523, 59.98730077312229], [10.875104278909536, 59.98718849743911], [10.875112804790252, 59.98710856511224], [10.875126907068468, 59.98703141424266], [10.875124981795286, 59.98698927618334], [10.875123037187937, 59.9869847204519], [10.875113880718997, 59.98693003889474], [10.875136605542043, 59.986838412818706], [10.87516498679224, 59.98677195839185], [10.875164736152755, 59.98672070259046], [10.875118087326094, 59.98666161096056], [10.875051487310165, 59.98660423257736], [10.874979390798648, 59.98654056870689], [10.874938072593476, 59.9864804752951], [10.87490561452424, 59.9864428665234], [10.87492500347899, 59.98638089597418], [10.874994593771172, 59.98631348355728], [10.875074830481083, 59.98623264854652], [10.875130190702514, 59.986171444222904], [10.875190644313665, 59.986106802985056], [10.875244351295501, 59.986057414145], [10.875279814380464, 59.98601329981671], [10.875326192349258, 59.985959367030006], [10.875377795830452, 59.98588222047732], [10.875415044951703, 59.985816583073515], [10.87542933905266, 59.98577531304745], [10.87544525295181, 59.98572680951075], [10.875445095092124, 59.98572230923489], [10.875444843728326, 59.98567393026657], [10.875446730055497, 59.985648725111], [10.875444659802854, 59.985623575267404], [10.875393044221887, 59.98558851473761], [10.876109307597797, 59.98547372039193], [10.877822694678091, 59.985471294853994], [10.878395001087021, 59.98548361474101], [10.880332805326448, 59.9849208455035], [10.881293399101338, 59.984748564905296], [10.882665967497413, 59.98457619915001], [10.883551695703654, 59.98419054840228], [10.88447226938136, 59.983782784059834], [10.884540083991597, 59.98372079599462], [10.884558257678396, 59.98371462028831], [10.8847928752701, 59.983634373664145], [10.885005593604342, 59.98354265352846], [10.885422281548111, 59.9834136944787], [10.88583194659495, 59.98332533296095], [10.88596259025013, 59.983284725668895], [10.886207430497835, 59.98321603358591], [10.886232704702739, 59.98320899992278], [10.886740558545647, 59.98305671790854], [10.886873871739626, 59.98302059921988], [10.890039346777098, 59.98191428413621], [10.890117798593018, 59.981882115462696], [10.89028230832208, 59.98179841491967], [10.890610830450232, 59.98164367467265], [10.890927402236708, 59.981515802960054], [10.891172284279875, 59.98141042123779], [10.8914921403453, 59.98129074270663], [10.891808494227076, 59.98116457127611], [10.892107086898612, 59.98107452760071], [10.892416354702522, 59.980985175367934], [10.892806375506701, 59.98089132682774], [10.893155103850528, 59.98080203389125], [10.89337527954371, 59.98078290992018], [10.894277351930985, 59.98069466811456], [10.894533269895636, 59.980659303128625], [10.894996892722263, 59.98063445186825], [10.89557336420594, 59.98059513093786], [10.896019470472561, 59.980597242919345], [10.896641993724387, 59.98048598654375], [10.8968658549806, 59.980470387468095], [10.897707221401093, 59.980391201937884], [10.898391214422329, 59.98034991047617], [10.898758310490132, 59.980332292067025], [10.899191706651182, 59.980325456056605], [10.89965747163394, 59.980319446150325], [10.900330792962452, 59.98031503535993], [10.900751492525, 59.98029916801858], [10.901086659936063, 59.980314805165975], [10.901909033424369, 59.9803657290321], [10.902591684588405, 59.98041059531948], [10.903001876329622, 59.98042163701969], [10.903471250599102, 59.98044881121461], [10.903903013399736, 59.98048416614946], [10.904276679774274, 59.9805265256182], [10.904336588897127, 59.98053243265985], [10.905913096269552, 59.980723459925976], [10.906711931443484, 59.98045993399514], [10.907410273555058, 59.98022843737013], [10.90835058523978, 59.9801990083247], [10.90890504523452, 59.980182232756036], [10.909132261724912, 59.980206187390095], [10.910455642731062, 59.98034632804197], [10.91094575600324, 59.98047868184052], [10.911141206268553, 59.98053760993045], [10.911485587421724, 59.98064575150262], [10.91187701365903, 59.9807869984652], [10.912284087952822, 59.98088872048742], [10.912676963345428, 59.98098775309307], [10.912932496634138, 59.981184930444805], [10.913193131723583, 59.98137570301552], [10.913400386925755, 59.98155852577168], [10.913737311330033, 59.981892906007424], [10.913875734089247, 59.98198953167824], [10.91437585406674, 59.9823667296559], [10.91479920390938, 59.98278164476089], [10.915085198140428, 59.98298227887384], [10.915482368600559, 59.983321577681856], [10.915923918732075, 59.983685176360815], [10.916113652493966, 59.98384155819882], [10.915986526499683, 59.98325771962252], [10.916269709448828, 59.98218104442932], [10.916668634976725, 59.981470548864586], [10.916710673723458, 59.981246094089585], [10.91679885504894, 59.98104752391716], [10.917151216893128, 59.98059946289188], [10.917387026171566, 59.98029047326638], [10.91743532043838, 59.98023200078214], [10.917542457596976, 59.98016627032564], [10.917460309707826, 59.98000899600047], [10.917607951217889, 59.97985047708573], [10.917585963309277, 59.979749460252286], [10.91768276105362, 59.97964825624834], [10.917683421802957, 59.97950613298885], [10.917660116994865, 59.979254301200996], [10.917601165883578, 59.97916643453043], [10.917500211519435, 59.979138404045514], [10.917447323066675, 59.97915996164895], [10.917360371685016, 59.97931370701353], [10.91723217011988, 59.97941933330442], [10.917116723631501, 59.97945936244406], [10.916959508919998, 59.97949477069016], [10.916805198543733, 59.97957207618295], [10.916659817704629, 59.97963805960274], [10.916544723375695, 59.97965921864134], [10.916483910890912, 59.97961265078806], [10.916523013133824, 59.97948907190938], [10.916499931489797, 59.97941876879751], [10.916579198483179, 59.97932007818813], [10.91677712766919, 59.9792687588869], [10.916983357845295, 59.97913992704005], [10.917257549948063, 59.97884111777871], [10.917255486488392, 59.97870655276068], [10.917152563445551, 59.978560682439856], [10.91713214962418, 59.978506555519175], [10.917000049090257, 59.9783907093088], [10.917060445815773, 59.97818462487582], [10.91705709950582, 59.97801828290455], [10.916978826413407, 59.97791111718827], [10.916935729236481, 59.97780090409197], [10.91695821403804, 59.977736417823515], [10.91690254868882, 59.97769612376111], [10.916768900433569, 59.977498323816775], [10.916508043788493, 59.97734288514918], [10.916375736699543, 59.97720985917511], [10.916160498464807, 59.97707147678341], [10.915926935708956, 59.97698422309611], [10.91571459488848, 59.97697215929454], [10.915432864543627, 59.97704272787356], [10.915334345945924, 59.97709245001677], [10.915191354928657, 59.977126049291414], [10.915071646566581, 59.97709015343799], [10.914764924261108, 59.977055023434446], [10.914610023576717, 59.977035388190785], [10.914485859749327, 59.976997824756154], [10.91432214177658, 59.97694788585194], [10.914229476532189, 59.97692981927941], [10.914128553896628, 59.97688416535307], [10.914038417796576, 59.97680926558584], [10.914033601471903, 59.976729098357104], [10.91411067501023, 59.976626386629896], [10.914148573722574, 59.97653441668408], [10.914045760674757, 59.976450313903335], [10.914048132057953, 59.97637585365658], [10.913953551801747, 59.97624831041763], [10.91382314456698, 59.97616541958099], [10.91371936346416, 59.976074631974846], [10.91366601553508, 59.975989454201354], [10.91365906554506, 59.97589897176618], [10.913682504171948, 59.975791900342536], [10.913597419187075, 59.975647028931355], [10.913259334968743, 59.97522081585841], [10.912890720731582, 59.97506526447068], [10.912781888772114, 59.97500237138396], [10.912598830863793, 59.975059809650524], [10.912473705721368, 59.975078046053326], [10.91217027919975, 59.97520673346967], [10.912074685722235, 59.97520080184627], [10.911954168690722, 59.97517009207568], [10.911825163468926, 59.97517472186142], [10.911708999159801, 59.97527873766356], [10.911680050915098, 59.97531416260025], [10.911626890747296, 59.97538731684043], [10.911568125501576, 59.975441955440154], [10.911531292790423, 59.975606602385675], [10.911298726220226, 59.97587171781765], [10.911250856295991, 59.97604438355685], [10.910946244269935, 59.976500654580796], [10.910914197907841, 59.97666428081869], [10.911036649072798, 59.976823169609965], [10.911190945823778, 59.97693917169119], [10.911310740874265, 59.97701355493063], [10.911510556102055, 59.97712413534134], [10.91165604875931, 59.97720686742416], [10.911625438571141, 59.97746494080221], [10.911502663749836, 59.97749457865569], [10.911495164108091, 59.97753642204527], [10.911685899247903, 59.97762469361982], [10.911640237792358, 59.977833210608715], [10.911811798281757, 59.97800270270908], [10.91184927313733, 59.97808855751061], [10.911718208309276, 59.97816352185822], [10.911321044136992, 59.978099505931084], [10.911186024713412, 59.97806268130778], [10.91109553031384, 59.97801393164223], [10.910813071448857, 59.977865093655126], [10.91060612661704, 59.977687309476735], [10.910402347037756, 59.97753039236535], [10.910356036110144, 59.97743041727473], [10.910134298555615, 59.97732158230528], [10.909909926112908, 59.97721958790724], [10.909590105737195, 59.97704800995001], [10.909347078698557, 59.97688357910023], [10.909255940154914, 59.97675299194066], [10.909131710544793, 59.97637916718753], [10.909059704942962, 59.97622876507485], [10.908998227976971, 59.97604686152302], [10.908970421565908, 59.97599025633139], [10.908968175770422, 59.97572531901605], [10.908989289124817, 59.975593629898626], [10.908930824712217, 59.97549480555802], [10.908748305944613, 59.97535616724101], [10.90865861971223, 59.975300967060015], [10.908357611199694, 59.97504266909158], [10.908188250441611, 59.97502113826804], [10.90803609457098, 59.974896657210515], [10.90795096014077, 59.974803207411156], [10.907984442639597, 59.9747441890975], [10.907896133170071, 59.974638683113085], [10.907884095587788, 59.97454885068823], [10.907813749185067, 59.97447653942368], [10.907744743109085, 59.97442530695559], [10.907751483090419, 59.974350443379194], [10.907519272148868, 59.974214845326955], [10.907181634803763, 59.973919264515295], [10.907167718356616, 59.97379386079664], [10.907053179847418, 59.97363503303681], [10.906910161529991, 59.9735121836426], [10.90687788813506, 59.97329585221213], [10.906711305694124, 59.97310825661014], [10.906542981275676, 59.97305375914014], [10.90628275485716, 59.973044777506324], [10.906024115029537, 59.97306938046815], [10.90585967987618, 59.97313431057211], [10.905700677327355, 59.97315094962985], [10.905487972390052, 59.97312609023342], [10.90528543217459, 59.97300597481511], [10.905159195547117, 59.97288238553431], [10.905038935031328, 59.97278298761867], [10.904948195647346, 59.97269871184247], [10.904767600320897, 59.972610024995994], [10.904731774130429, 59.9725748368093], [10.90452372510878, 59.97252251967443], [10.90438820205399, 59.972398640663826], [10.904213781516743, 59.972328217343005], [10.903838745804556, 59.9722077736781], [10.903585615475185, 59.97209363449671], [10.903324798483002, 59.972019895243974], [10.903000452013101, 59.97187396263798], [10.902539604900936, 59.97173682150198], [10.902360568372936, 59.97173709948192], [10.90211001070059, 59.97177327350624], [10.901805833451316, 59.97180067841769], [10.901573171688534, 59.971845859112626], [10.901233372447715, 59.971900205711194], [10.900964915423101, 59.971927370704776], [10.900607028763575, 59.971972791451286], [10.900213109799541, 59.97197312511904], [10.899711578905517, 59.971911131083225], [10.899370805613977, 59.97184874101242], [10.899114297883512, 59.97175912362057], [10.898976071727605, 59.97168766159633], [10.898850316092627, 59.97159806546081], [10.898527153740252, 59.97143696358742], [10.898293736221229, 59.971311559664436], [10.898060387991327, 59.97121313016711], [10.897773444447278, 59.971105750034745], [10.897468754981324, 59.971034498491655], [10.897110328402873, 59.97099888593979], [10.89666257775018, 59.97095464663238], [10.896017721476507, 59.97090166119384], [10.895546544711362, 59.97082648021631], [10.895118227396756, 59.97075137280858], [10.894888579873502, 59.970705649784726], [10.894548047471227, 59.970634264038694], [10.894243061373663, 59.97055391538478], [10.89377710944817, 59.970446792211156], [10.893472204091093, 59.97034846277842], [10.893167350193197, 59.970241053166646], [10.892943121774417, 59.97015458600137], [10.892514365934629, 59.969984782894095], [10.892236857857743, 59.96986518689084], [10.892028684010603, 59.969770767303096], [10.89188357162952, 59.969701510187875], [10.891542820060861, 59.96952212975259], [10.891109076039076, 59.96966154087618], [10.890901607537955, 59.96972484144456], [10.890782276056333, 59.96976292819683], [10.890549578406302, 59.96981995755061], [10.889728390367097, 59.96982815435087], [10.889477534445723, 59.96954880617954], [10.889447981737417, 59.969376518516945], [10.889438021893081, 59.96907672216777], [10.889885142352627, 59.96913301406117], [10.8900299496238, 59.969110737562595], [10.890369316413665, 59.969043908934864], [10.890790701459048, 59.96897082691512], [10.890400916126662, 59.96849438430397], [10.890328762698875, 59.968377770513335], [10.890274131557316, 59.96818932658168], [10.890219459788188, 59.96800987214032], [10.890200103409493, 59.96774961234128], [10.89016310550921, 59.96750723369483], [10.890126328802983, 59.9673367884592], [10.890071600211733, 59.96713035989557], [10.8899869853095, 59.96686707558325], [10.889942310385868, 59.96676606363039], [10.889891383873902, 59.96666197962318], [10.889817899537226, 59.966511338436916], [10.88972748008392, 59.96630496460116], [10.889654833596566, 59.96613456945679], [10.889547848853777, 59.965911406029306], [10.889521650332572, 59.96574102113027], [10.889501957640265, 59.965548541383164], [10.88948957283523, 59.96534487171748], [10.889474904740647, 59.9651509305357], [10.88950535470593, 59.96492288269841], [10.889540255224988, 59.96472545275924], [10.88955783553214, 59.964680597659736], [10.889593165599065, 59.9645548385796], [10.889628416102207, 59.96444705848998], [10.88969050024085, 59.96428922773825], [10.889769677036101, 59.96407888287307], [10.889840448040566, 59.96392617834957], [10.889893597610941, 59.963827317565055], [10.889946875805961, 59.96373754264605], [10.89005309959908, 59.96346816293592], [10.890101197860863, 59.96336087317697], [10.890125931909685, 59.963275692535866], [10.890144266896536, 59.963168373721096], [10.890131284452405, 59.96305477348986], [10.890124657248718, 59.962985337100406], [10.890102076250976, 59.96289706188276], [10.889990866785931, 59.96269210782874], [10.889927491027565, 59.96261325944148], [10.88990525980667, 59.962588649912526], [10.889839018393621, 59.962515555821696], [10.889743523982585, 59.962454226406976], [10.889649376308487, 59.962386375750405], [10.88954597081186, 59.96231077342601], [10.88943812361507, 59.96223916863397], [10.889366296822805, 59.962176419540484], [10.88924052229015, 59.96210479465772], [10.889137814835879, 59.96201779497173], [10.88903123478251, 59.9620906224887], [10.888692179215411, 59.96227397761875], [10.888372246945725, 59.96244480166501], [10.88809595062429, 59.962593430844564], [10.887907724907206, 59.962704258015876], [10.887536070748126, 59.962625767314755], [10.887239821840186, 59.96255664196368], [10.887131438508803, 59.96254282973548], [10.887094873320613, 59.96257738181644], [10.887012629095143, 59.962640448520844], [10.886921168694748, 59.96273586447551], [10.886811837449308, 59.962862549861114], [10.88626432979745, 59.962723001822525], [10.886168887636385, 59.96281002143677], [10.88611278500103, 59.96289359372021], [10.886029034239474, 59.96298610190497], [10.885812322921465, 59.963059085312075], [10.885571201364327, 59.963214561462834], [10.885651087049991, 59.96328457769515], [10.885746888683865, 59.96336794770998], [10.885851311413408, 59.96345841935664], [10.885923033415217, 59.96351766085203], [10.885943906995877, 59.963558951556614], [10.885943751328975, 59.96361217238018], [10.885979281312913, 59.96364951539941], [10.88599175962224, 59.96371652763832], [10.88602470066162, 59.96380216024537], [10.886051691492954, 59.963867827060454], [10.886043109283735, 59.963947038429325], [10.886006965471172, 59.96402871582615], [10.885883638983309, 59.96413374511719], [10.885706405573336, 59.96420067889014], [10.885643225441088, 59.9642184853953], [10.885429428763251, 59.96423473729668], [10.8854190834653, 59.96429348376242], [10.885395881205197, 59.96438500595871], [10.885342346406686, 59.96450561058407], [10.885161078127643, 59.96469882875561], [10.884916311766013, 59.96479691830871], [10.884708907026416, 59.96483818343922], [10.884621095324437, 59.9649329922611], [10.884358745887765, 59.96515667374852], [10.884277040113917, 59.96533654733787], [10.884456066046283, 59.965478980219615], [10.884473921828734, 59.965570525714874], [10.88449228664082, 59.965699849188404], [10.884441576253359, 59.96583519697074], [10.884422786416513, 59.96599653559954], [10.884368885081468, 59.96613879634156], [10.884458506478396, 59.96649565767374], [10.884547055809062, 59.966741356590404], [10.88450640997402, 59.96683611050734], [10.884498036416764, 59.96691793509975], [10.884400203285901, 59.96703994336817], [10.884306578735648, 59.96713529026945], [10.884275637360462, 59.967211105867165], [10.884033345138072, 59.96743919030612], [10.883007201208413, 59.967600530735076], [10.883269999327068, 59.967636072891786], [10.883239586323056, 59.967729257620654], [10.88319561478649, 59.96781033086416], [10.883173532007163, 59.96787833139046], [10.883149788998628, 59.96795104496271], [10.883118015417875, 59.968049401885644], [10.8830813452054, 59.96816262067552], [10.883031715235747, 59.96831517392346], [10.883024429253801, 59.96839397666536], [10.88291996943291, 59.96840186216941], [10.882775320582963, 59.968405524744135], [10.882554770100338, 59.968410951678926], [10.882181724260978, 59.96842258254342], [10.881938996878134, 59.96865685300018], [10.88175733669647, 59.96883701843501], [10.88164472947126, 59.96893491713796], [10.881518878483352, 59.96899508912592], [10.881487690949925, 59.96902666173107], [10.881355741797218, 59.96908682349756], [10.881267851048255, 59.969137392398395], [10.881217566219066, 59.96915955668082], [10.88109817411194, 59.96920383643443], [10.88099774704575, 59.96923549320013], [10.880865684439417, 59.96928935629811], [10.880790310878773, 59.96931424287514], [10.880682967635602, 59.96933228647273], [10.88055777640008, 59.969368382492846], [10.880324267025173, 59.96941305089057], [10.880428562965061, 59.969511794475956], [10.881026880545797, 59.970121738838074], [10.880776566388576, 59.97022072733244], [10.880725605272787, 59.97025842414541], [10.8804191072178, 59.970656222364866], [10.880306240038383, 59.970776320022644], [10.880256563793726, 59.97090891170952], [10.880238284259786, 59.9710255814602], [10.88023261412686, 59.97115190653454], [10.880214293397081, 59.97128763606132], [10.879976664427964, 59.971424422264555], [10.879862731196956, 59.971502587380265], [10.879642767328225, 59.9715723135461], [10.879284562595743, 59.971686357612874], [10.879638437426278, 59.97183776955473], [10.879883932402363, 59.97195063813606], [10.879827870004885, 59.97205812597162], [10.879341899068308, 59.97314414046546], [10.879090025563857, 59.973144446757644], [10.878315643435482, 59.97313902282402], [10.878233833155042, 59.973139161421194], [10.878170873100878, 59.973139170927595], [10.878076205150416, 59.973117239327216], [10.877887335970632, 59.97306386035257], [10.877849363354786, 59.9730418134601], [10.877729658474133, 59.97301352402864], [10.877647620835575, 59.97298524378984], [10.877553077616547, 59.97296951999796], [10.877540122771896, 59.972856008477166], [10.877494403134449, 59.972556169633066], [10.877342779565119, 59.97244281642642], [10.87745613300179, 59.97231608337509], [10.87750952788509, 59.972289161862804], [10.877537066460754, 59.97224372054367], [10.877574668067355, 59.972199582108594], [10.877624762036888, 59.97214585489869], [10.877731423313502, 59.972069981406285], [10.877787861192934, 59.972025803036445], [10.87788831445822, 59.971959444939586], [10.877950923823393, 59.97189307200187], [10.877982226500086, 59.97185197356252], [10.878091932876417, 59.9717213497382], [10.877738847496762, 59.97145990914413], [10.877668058581776, 59.971210173982755], [10.877645876934048, 59.9711318888515], [10.877625863758508, 59.97106212255282], [10.877595481599862, 59.97095462970661], [10.877543351913419, 59.97065153274063], [10.877579265288349, 59.97054602382582], [10.876534265815831, 59.97035644019801], [10.876411869530214, 59.97053422736893], [10.876105883993382, 59.97082665864507], [10.875993572113487, 59.9710501652941], [10.875926695197352, 59.97118392570005], [10.87589159345073, 59.97122238761824], [10.875859020610035, 59.97130102825927], [10.875843310110033, 59.971371025032006], [10.87581474610424, 59.97145060025702], [10.875821103662966, 59.971475884102375], [10.87582174616851, 59.97159890005119], [10.87584518176466, 59.97173189044428], [10.875637393260194, 59.97180603630775], [10.875428147319758, 59.971844352981556], [10.875343742134797, 59.97186679592275], [10.875259324006462, 59.97188932880969], [10.875197811875555, 59.97192957143164], [10.875141159439625, 59.97197688901975], [10.875061079221002, 59.972043792613285], [10.87499921143845, 59.97209553227532], [10.874895459660594, 59.97207744951052], [10.87481955620182, 59.97205610320039], [10.874495288473746, 59.971969529808526], [10.873969223191711, 59.972553926580645], [10.87438517766087, 59.97267340056198], [10.87507844070277, 59.97284614886335], [10.875830422759762, 59.973143725582226], [10.875812672409253, 59.973179673846055], [10.875812867202903, 59.97321555297288], [10.875813066358505, 59.973287397462535], [10.875870958592776, 59.974149012773275], [10.875835753799329, 59.97427468301133], [10.875748031360784, 59.97466070667516], [10.875712875001533, 59.97481335180782], [10.875624786821916, 59.975082750487424], [10.87537773136735, 59.97585498399616], [10.875306593334434, 59.975953726416336], [10.875271269965705, 59.9760615910086], [10.875182422066029, 59.97618729114944], [10.875093711222586, 59.976357949845244], [10.87496921812258, 59.976546550257694], [10.874933905890623, 59.976654324759366], [10.874862989496796, 59.97678004655813], [10.874791941697495, 59.97693273681554], [10.874738779563643, 59.97702251129801], [10.874685229692746, 59.97704052573621], [10.869580486087647, 59.97689360293036], [10.869415342071637, 59.97605901019982], [10.869396975078258, 59.9759603434144], [10.869269099534465, 59.975430993184524], [10.86910614075294, 59.975036216424364], [10.86896154107093, 59.97470423270247], [10.868888587689971, 59.974470877997504], [10.868780509581867, 59.974300527723464], [10.868636207691376, 59.97409415725515], [10.868474309883888, 59.9738879540183], [10.86832991190654, 59.973663687700515], [10.868167751808599, 59.973439493926286], [10.86804138761703, 59.973269109127386], [10.86793336766999, 59.97305380497108], [10.867806911080136, 59.97282956082552], [10.867788738779259, 59.972766773793175], [10.868217595948384, 59.97259581442054], [10.87032642271589, 59.9716868386304], [10.870451800824616, 59.97168681135076], [10.870666755838599, 59.971713506605205], [10.871025002122837, 59.9717490056275], [10.872059566055077, 59.97184974547466], [10.872309232930588, 59.97193614638075], [10.872593149385063, 59.97200680635181], [10.872930159306533, 59.97201124647408], [10.873217930659075, 59.972109987369564], [10.873770028369925, 59.97188532720865], [10.87386328814201, 59.971830704780444], [10.873978945993192, 59.97177048928919], [10.874164706413696, 59.971694667651306], [10.873924504993449, 59.97146749859591], [10.873778413839293, 59.97133867004829], [10.873655072610617, 59.9713741879105], [10.873504215274131, 59.9714059682918], [10.873384498965827, 59.97139655559059], [10.873321776407986, 59.9713745417116], [10.873258504372608, 59.971352600271075], [10.873220714780595, 59.97131473451978], [10.873201551854814, 59.971279968020355], [10.87320105742334, 59.97124219083666], [10.873000527173238, 59.97135594117399], [10.872811161190786, 59.97126783351921], [10.872596840535346, 59.97119863407933], [10.872426728262061, 59.97113882166585], [10.872243787431618, 59.97106970546597], [10.872117448473816, 59.971009824931656], [10.872035566190535, 59.970984692557046], [10.871871619816723, 59.97091859820586], [10.87170132148581, 59.97085886835508], [10.87150594354018, 59.9707801913938], [10.871392370397148, 59.97073302686172], [10.871291482541842, 59.97069201445665], [10.871165415713204, 59.97063861485883], [10.871083366677272, 59.97061338726951], [10.87041910522725, 59.97035817954192], [10.870020642483718, 59.96994199770864], [10.869935004231406, 59.96982764647563], [10.869887482357539, 59.96976861494314], [10.869782929456901, 59.96965780634574], [10.869723160235875, 59.969607831173896], [10.869666139428245, 59.96952575420197], [10.869527460621773, 59.9694944354239], [10.869350966666763, 59.969428393648286], [10.868556395461582, 59.96914841261547], [10.868639209728823, 59.96933136818705], [10.86792372014589, 59.96981485921882], [10.867207679077502, 59.97013442296793], [10.867162824653677, 59.96995778252943], [10.867247709087417, 59.96924449119527], [10.866888783105763, 59.969180188454224], [10.867073552942056, 59.968307472911796], [10.866914847252568, 59.96802997827506], [10.866843435972896, 59.96756605071462], [10.866365108618801, 59.96756336608394], [10.86599429235369, 59.967561443568144], [10.865880663563262, 59.96756084615784], [10.865849282719303, 59.96760823352246], [10.865774023544292, 59.96764938913817], [10.865635143129733, 59.96755799883352], [10.865232250516673, 59.96754580801827], [10.864942865371805, 59.96758402031925], [10.864470913745404, 59.967587731572294], [10.864407129506997, 59.96740483077273], [10.864212207780215, 59.96746497746536], [10.863916691997979, 59.96750632160083], [10.863608187935792, 59.96750661900192], [10.863249380412102, 59.9674817793814], [10.862928020930623, 59.967412709798516], [10.862871023289287, 59.96736218954224], [10.862852142551464, 59.96731808031172], [10.8628958224904, 59.96726127972401], [10.862738310505975, 59.96720139941562], [10.862435376068532, 59.96704083902101], [10.862139204668043, 59.96694963151646], [10.861628944016243, 59.96683659507854], [10.861471606939284, 59.96683992563281], [10.861564806761312, 59.96657482995916], [10.861457631702521, 59.96655276224693], [10.861312733084993, 59.96651827228223], [10.861243248496672, 59.96646151367108], [10.861148621779238, 59.9664394806907], [10.860803289685318, 59.96657240063933], [10.8607281803404, 59.96669555657948], [10.860577311552191, 59.96676193690449], [10.860527342293796, 59.96681880830576], [10.860300958712713, 59.966869509340015], [10.860112080423832, 59.9668697800619], [10.859992737943237, 59.96690774908311], [10.859904206510782, 59.96685416830721], [10.859702999788487, 59.96683543903839], [10.859733690205104, 59.966674564293655], [10.859764251928354, 59.96649462506379], [10.859782571757483, 59.96633372165168], [10.85994466116996, 59.96598960199776], [10.860004112739967, 59.96595730392907], [10.860309329235909, 59.96589136833202], [10.86057561367396, 59.965788244461116], [10.860702479142976, 59.965701509679775], [10.860856664025945, 59.96565591358332], [10.861010933082401, 59.96562830101637], [10.861186204186959, 59.96562922052298], [10.861203653901972, 59.965548400713786], [10.861203378058633, 59.96545875133948], [10.86120276791984, 59.965333037177174], [10.861202324880981, 59.96527916685824], [10.86130081742898, 59.96523721548714], [10.861212315577419, 59.96513319679712], [10.861148968365804, 59.96505748109208], [10.861110938735056, 59.96499442811608], [10.861066566778941, 59.96493764936047], [10.860967803198536, 59.96483969147275], [10.86089616661052, 59.964749958997245], [10.8608419130412, 59.96469619635515], [10.860775670579281, 59.964603486669745], [10.860679927540897, 59.96448997912648], [10.860636634947877, 59.96444896850964], [10.86071821808166, 59.96438589666611], [10.860762123830735, 59.96435742626481], [10.860824782242489, 59.96430373941172], [10.861025729201915, 59.96417087061859], [10.861408838204984, 59.96399085500196], [10.86174853188675, 59.963958815851306], [10.862198822317408, 59.96385103898184], [10.862323954969748, 59.96382403895576], [10.86300645991923, 59.963815348616954], [10.863068881461858, 59.96370177325383], [10.863430894878672, 59.962972548375824], [10.863445402104302, 59.962945401150364], [10.863153951010618, 59.96281235483017], [10.863096507951507, 59.96278987192911], [10.862983199512165, 59.96273947141788], [10.862932724213634, 59.96271433029161], [10.86267406799436, 59.96260730780121], [10.8625102166182, 59.96253805737838], [10.862310002754112, 59.962442668637514], [10.862181593006117, 59.96238684818294], [10.86201115208562, 59.962374662741986], [10.862059095713928, 59.96213152214824], [10.862081407583057, 59.96201749742156], [10.862107104985007, 59.96188496755773], [10.862127807681304, 59.96177808530334], [10.862160087933349, 59.96169907866019], [10.862162134415042, 59.96160087103089], [10.862188836378001, 59.96155648484931], [10.862245187464548, 59.961207244339676], [10.862788712950685, 59.96111498079901], [10.863108568940289, 59.96095293589475], [10.863484006277744, 59.96060562140163], [10.863500801927515, 59.96047398034265], [10.863656820767666, 59.9592487270367], [10.863284820527054, 59.95911342209141], [10.86341687461188, 59.95909113457876], [10.86349852454798, 59.9590532382158], [10.863269718794394, 59.959008921471465], [10.863005220944194, 59.95894604109479], [10.862872842455351, 59.958917789242214], [10.862639799002178, 59.95886434748066], [10.862211786299365, 59.95876701987901], [10.862431410057667, 59.95869102005949], [10.862594931935732, 59.95865938112578], [10.862435725570577, 59.958195569818585], [10.862322505096964, 59.95821781867682], [10.861806384690192, 59.95817715314356], [10.861638133190327, 59.9585782636946], [10.861021276935054, 59.95851582028313], [10.861183205376976, 59.95811801881364], [10.860037536354769, 59.9579960702089], [10.859728773042656, 59.9578987052312], [10.859564628219589, 59.95779473504315], [10.859488543569007, 59.95764318261974], [10.859538371007407, 59.957501251540336], [10.859682450709942, 59.957349694677404], [10.859518486450137, 59.95724573088756], [10.85937396177314, 59.95729324648519], [10.858355241738565, 59.9574898699107], [10.856782383099864, 59.95757995823848], [10.856969859634486, 59.95721047766113], [10.857313829499846, 59.95667050149586], [10.857362858903603, 59.956364368775695], [10.857529677264768, 59.95607686548308], [10.857607054669467, 59.95594119550576], [10.856725930615351, 59.95594522695721], [10.856687522225053, 59.95579072134546], [10.856643317350194, 59.955752827325156], [10.85651762458498, 59.95576874493542], [10.85641671418151, 59.955749926481374], [10.856391385666262, 59.95570588287475], [10.856403771549006, 59.95565843984574], [10.856221565914167, 59.95574064221849], [10.855102332758747, 59.955947024981896], [10.854454300072325, 59.95595082181313], [10.854384042112699, 59.95571421369626], [10.854477616417752, 59.95552798563045], [10.853692353069823, 59.95585059973047], [10.853346641854962, 59.955945634343266], [10.851257456629869, 59.955944508262014], [10.848787260626183, 59.95666636776475], [10.848718129913806, 59.95664431918667], [10.848439096774069, 59.95664343889104], [10.847916953105013, 59.95665971151813], [10.847312659722242, 59.95663194476109], [10.847161245692497, 59.95648682048059], [10.846878152213762, 59.956515479594934], [10.846695365971073, 59.95641468188272], [10.846381177430317, 59.95594910646597], [10.846449313420035, 59.955674418320676], [10.846336102508806, 59.955649360446344], [10.846291100437524, 59.95537479164052], [10.847370299108878, 59.955183495124245], [10.847802098210162, 59.95453311067661], [10.847929418474916, 59.95317928577904], [10.847563278504822, 59.95284514362381], [10.847312454552151, 59.951374742350254], [10.847392691062634, 59.95092034333], [10.847895217228547, 59.950733703315976], [10.846793636024072, 59.95056123411244], [10.8438850227168, 59.94990431739582], [10.84187640201492, 59.94944540924434], [10.8418572545151, 59.94935084749392], [10.841811922018929, 59.94900352704833], [10.841641250829683, 59.94879233176408], [10.841471192326496, 59.94872627288343], [10.8413513401401, 59.94864435645817], [10.841288206562774, 59.948527545843156], [10.84128145248301, 59.94840136718889], [10.841086638534119, 59.948474068583124], [10.840645564188376, 59.94824093760505], [10.839787834640392, 59.947623132059114], [10.841233266165755, 59.947236839370696], [10.841248867878516, 59.94719390489254], [10.841194779219855, 59.94705930827469], [10.840979513098807, 59.94664080598138], [10.839633556501607, 59.94657888028786], [10.839363168941391, 59.94615135159094], [10.839078768165981, 59.946219602269224], [10.83878951879931, 59.9462608160165], [10.83848112457737, 59.94623893498234], [10.837943450149709, 59.94612178511787], [10.835403586108871, 59.94554842984422], [10.833973069753602, 59.945235614211484], [10.833237238018599, 59.94523940223675], [10.832752718610223, 59.945242865955315], [10.83145686116323, 59.94525338134549], [10.831193105860445, 59.945436725971334], [10.830954761265524, 59.94559471069131], [10.830627430472052, 59.94550972238609], [10.830515271389029, 59.94578445040209], [10.830383848299723, 59.946052724663275], [10.830259124811402, 59.946314736331615], [10.829840350604316, 59.947141798399656], [10.829898779232707, 59.947627645092446], [10.829848504236834, 59.947678203048945], [10.829786598520137, 59.947990756175685], [10.82984968288946, 59.94805065700358], [10.829944228895688, 59.94813259246406], [10.830032777751777, 59.94822090268066], [10.830108292126216, 59.94829027720485], [10.830234612894031, 59.948397494983396], [10.830354617388346, 59.94852357456023], [10.83039238047898, 59.94858671946053], [10.830443076706027, 59.94867814673546], [10.830525199413064, 59.94882325663355], [10.830556993848115, 59.948876861410696], [10.830658424238962, 59.94908507129999], [10.830690050908514, 59.9491670836356], [10.830734532139921, 59.94929652642236], [10.830766653408213, 59.94947008418557], [10.830798701288819, 59.94964993368227], [10.830900165780163, 59.94987073245727], [10.83098249012143, 59.9500285267249], [10.831121235453178, 59.950176686410934], [10.831241300796675, 59.950268151042955], [10.831468184570936, 59.95040678244808], [10.831185253068416, 59.95042588100876], [10.830996274431879, 59.95041342667154], [10.83058669463013, 59.95021812210122], [10.830223719559168, 59.95080221118561], [10.830250262732864, 59.9511682747783], [10.829325457701811, 59.95116273472388], [10.826626729067868, 59.95115863574072], [10.826609111937875, 59.951512062369], [10.826157135222642, 59.95189119989905], [10.826000074105982, 59.95190708255394], [10.825685611504145, 59.951951516065535], [10.825170264535963, 59.95209073302607], [10.825013067228777, 59.95213187622427], [10.824572533179342, 59.95201874085071], [10.824326853200708, 59.9519526002852], [10.82383669646444, 59.95212659783974], [10.823044963595274, 59.95241762939429], [10.823567400398797, 59.952546583342404], [10.823845104093001, 59.95286504626103], [10.823980573477673, 59.953251019281495], [10.823936888252605, 59.953405632447954], [10.823964442259438, 59.954364883602416], [10.823517179029565, 59.954011914051385], [10.823196893693764, 59.95424883990871], [10.822939198633845, 59.95439738709025], [10.822480519002216, 59.95453038964192], [10.822442638854097, 59.95447676919668], [10.819040816996564, 59.95514515879834], [10.81807622899814, 59.956569062526405], [10.817379475379816, 59.95729519930681], [10.817022606607807, 59.95793915425056], [10.816411211675302, 59.959895846544136], [10.815789702543103, 59.96034761346649], [10.815242034144733, 59.960306932486105], [10.815285164790552, 59.95995979981526], [10.815240637095314, 59.95977999792697], [10.815227714544017, 59.9597105344518], [10.815100831559112, 59.95935089864056], [10.815081804262679, 59.95928151104858], [10.815037195018201, 59.95905126525411], [10.81492336129825, 59.95879274655911], [10.814916098569109, 59.95840454105104], [10.814858596954393, 59.95810177573637], [10.814605959141915, 59.95780521957264], [10.814480119221786, 59.957773798372614], [10.814522624168193, 59.9572499666562], [10.814477568254405, 59.95685867205643], [10.814482715509445, 59.95646735433815], [10.814544953262606, 59.956240053310715], [10.814455752647428, 59.955823530311804], [10.814428787053815, 59.95512296970164], [10.814187641481205, 59.95447305911385], [10.814249057880808, 59.95397122801481], [10.814210522342515, 59.953772464093504], [10.814410497485246, 59.953286364492634], [10.814610045390216, 59.95269289478808], [10.815055221139195, 59.95214022583494], [10.815092220854526, 59.95192246327854], [10.815204603234923, 59.95155631087626], [10.815190904879683, 59.95110828912033], [10.815051492740537, 59.95076434839487], [10.815082586907025, 59.95058766793243], [10.815107613454488, 59.950508710551965], [10.815189082095294, 59.95041715948583], [10.815144887389273, 59.950325662422316], [10.815026646466535, 59.95039185875049], [10.81493737332803, 59.95047282092819], [10.814849440450416, 59.95052469483578], [10.814793209718445, 59.9505909719258], [10.814787245582197, 59.950707759659984], [10.814802391960502, 59.950732607195135], [10.814038629273265, 59.95077766220363], [10.81402517875342, 59.950706743639856], [10.813892935144102, 59.95042111308663], [10.813791694860035, 59.95021927725025], [10.813696911215997, 59.950074202337], [10.81343615333826, 59.949782869108326], [10.812780305369323, 59.94924061680102], [10.812679573885372, 59.94919659376582], [10.812490624017114, 59.9490988757379], [10.812351963506632, 59.94903584495724], [10.812056300487464, 59.94899821239146], [10.811640972259314, 59.948954346680765], [10.811307661506582, 59.948973509776664], [10.810999357190191, 59.948929538590804], [10.810647057007623, 59.94889189991707], [10.810244228856229, 59.948866859663774], [10.809640272277102, 59.948826338583046], [10.808979571201881, 59.94879515862392], [10.808211793841233, 59.948685130917475], [10.808096854206324, 59.94861035144045], [10.807934690739879, 59.94854332979319], [10.807607180909478, 59.94840469055554], [10.806971352203512, 59.94819680241019], [10.806681784930069, 59.94811817150214], [10.806165568631014, 59.94797648709087], [10.80581936643223, 59.9479261716994], [10.805422963160211, 59.94787596497652], [10.804938259040155, 59.94780685111009], [10.804541772698675, 59.94775025521892], [10.804271225935972, 59.94771259590654], [10.80424626525568, 59.94781349297528], [10.804053367398106, 59.94856136465604], [10.804223415014523, 59.948649591903276], [10.804218060666818, 59.94892410720994], [10.804250990322657, 59.94907036687091], [10.804018835657414, 59.94925889324451], [10.803728676946935, 59.94955868354776], [10.80236909077176, 59.94924706244458], [10.802199298163428, 59.949291284692194], [10.801708081369403, 59.94914327668631], [10.801549129685974, 59.94931417122853], [10.80135675724843, 59.94960736285], [10.801174754369908, 59.94989791749402], [10.800836560350769, 59.95039973569166], [10.800710976796347, 59.95052646761849], [10.800514675578617, 59.950813778253966], [10.800461179349902, 59.95087663099314], [10.800425541292974, 59.95094850444489], [10.800328541012673, 59.95104063069593], [10.800140269082926, 59.951220660714675], [10.799926761158117, 59.95141310235132], [10.799800686011167, 59.95153235482169], [10.79965771822218, 59.9516490892556], [10.799568477675273, 59.951720962561666], [10.799425636629497, 59.95181971935185], [10.799264620920816, 59.95187374792065], [10.799103680194333, 59.95191869762794], [10.7989785182606, 59.95199958475635], [10.798871469285753, 59.95208042057794], [10.798800095717356, 59.95216122434355], [10.798746644845657, 59.952242061228915], [10.798692903463376, 59.95228701274137], [10.798569970907968, 59.95234180555035], [10.798362336840965, 59.952329428572476], [10.798154465975628, 59.9522411560607], [10.797193885121567, 59.952668625272075], [10.79722612429446, 59.952709845111364], [10.797306385149017, 59.952872812805424], [10.797388491466021, 59.953049506032656], [10.797442001400514, 59.95316756131658], [10.797597408990745, 59.95346599819239], [10.797805848941422, 59.95383823827145], [10.797837542261476, 59.953936086766504], [10.798466650555998, 59.953869385606815], [10.79846019779741, 59.953787358128814], [10.799083175005228, 59.95373646333432], [10.799280047242009, 59.95448435079732], [10.79901582625905, 59.954617000618335], [10.798852392988287, 59.95461079991889], [10.798387525676183, 59.95494870675955], [10.798478324321307, 59.95519266209924], [10.798490950960812, 59.95522741195759], [10.798504120558603, 59.955608527076784], [10.798469227843746, 59.95598550300443], [10.79839825143006, 59.95629074489822], [10.798343170520182, 59.95661906186371], [10.798231437844697, 59.95701804336289], [10.798162545419522, 59.957373254102635], [10.798144648051633, 59.957764618303315], [10.7981879864113, 59.958139682639775], [10.798196730584428, 59.95846518056001], [10.798188972722675, 59.958588564895976], [10.798225206682615, 59.95874113600589], [10.798248641494448, 59.95911196911232], [10.798249078695694, 59.95937713904543], [10.798268381497968, 59.95966745698911], [10.798174182516592, 59.96001574730101], [10.7982285950463, 59.96036571893143], [10.798354305554408, 59.9605451503701], [10.798498071269522, 59.96073351830777], [10.798588134018988, 59.96098482236076], [10.7987857915099, 59.96126293525544], [10.798983756542915, 59.961462292792085], [10.799059455857835, 59.961569545530196], [10.7991269842226, 59.961738398938515], [10.79921741749128, 59.96204339267749], [10.79925399711728, 59.96230360144327], [10.799272309988417, 59.962456139103395], [10.799257629524034, 59.962632712123394], [10.79884900237621, 59.962749699124295], [10.798427771970774, 59.96286987888608], [10.79825172636276, 59.96292037147363], [10.797515893211834, 59.96313859331847], [10.797611460537505, 59.96369703933411], [10.797618474588273, 59.96399371014825], [10.797663237555968, 59.9642840305126], [10.79763913843549, 59.96473831694472], [10.797665207583035, 59.96516749827834], [10.797699019009885, 59.966192965507325], [10.797857240085497, 59.9665431916127], [10.79791423117605, 59.96672303789028], [10.798355197602776, 59.96687745532376], [10.798626002458915, 59.96698778227229], [10.798821653359624, 59.967167464496036], [10.799043309545114, 59.96787738751037], [10.798074113175447, 59.967966341215195], [10.797779384280119, 59.96852510863512], [10.79878677809176, 59.968587620888464], [10.798491468891765, 59.968837157171606], [10.797635303999247, 59.96879978680715], [10.7975664067132, 59.96900493068623], [10.797780346817312, 59.96895429856719], [10.798019321461647, 59.968922626282534], [10.798271175236671, 59.96893506320512], [10.798529464144435, 59.96897593723181], [10.798731123586103, 59.96902633420662], [10.798938909384843, 59.96913024544533], [10.798599269971023, 59.969272540683654], [10.79737932303916, 59.969872838216965], [10.79695783557676, 59.97010027475421], [10.796530106065864, 59.97032454445041], [10.796392292864326, 59.97059915098898], [10.795410175995023, 59.97064082975978], [10.794718317254375, 59.97092509111629], [10.794447906261246, 59.971051602708606], [10.794227947278452, 59.971190423166654], [10.793957373205975, 59.971275837492186], [10.793825396034006, 59.97127270414393], [10.793749512185366, 59.97121912084509], [10.793661264475913, 59.97112450202133], [10.793598002043163, 59.970998401140484], [10.793459358075337, 59.97086279113872], [10.793352105832133, 59.97076810434963], [10.793270083453258, 59.97067674090468], [10.7934522280703, 59.97055038131054], [10.793521532126626, 59.97046510771683], [10.793577787755048, 59.97033571825879], [10.793596439138692, 59.970228416991276], [10.793564964418719, 59.97012742746101], [10.793564635552771, 59.97005800314927], [10.79355844880151, 59.970010690962326], [10.793539061354492, 59.969849845215], [10.793469497904148, 59.96967310060665], [10.79340648832658, 59.96956903680263], [10.793324304149982, 59.96942389977395], [10.793286380960792, 59.96933556202582], [10.793135287712431, 59.96925988648014], [10.792965018433035, 59.96919681546637], [10.792805793771356, 59.96914704489037], [10.792644674339599, 59.96912913298628], [10.792367049093203, 59.969099318448315], [10.792215934613699, 59.96911841042642], [10.792020863436717, 59.96916586002769], [10.791875004254068, 59.96922827883629], [10.791660310659086, 59.96930027758897], [10.79153639104742, 59.9693396588064], [10.791379264570867, 59.969393354492745], [10.79125347841437, 59.96943753084563], [10.79105175809235, 59.96944412529783], [10.790938744848573, 59.9694188465557], [10.79085674759405, 59.9693809814021], [10.790812298670014, 59.9693115864047], [10.790762188830845, 59.96922321846195], [10.790736700391761, 59.969144358331555], [10.790692469485073, 59.96907182310283], [10.790553695972187, 59.96896138168526], [10.790298262722022, 59.968843076942974], [10.790126886974216, 59.96874220256609], [10.790264105700075, 59.9689678657165], [10.790346693695714, 59.96930867162974], [10.790378748649204, 59.96957997808093], [10.790454691513386, 59.96977554006881], [10.79063145828109, 59.97000902988225], [10.79061305746812, 59.97022999071627], [10.790569335897214, 59.97033406327267], [10.790487701410788, 59.97049509974531], [10.790059657727959, 59.97048583175284], [10.78908417550291, 59.97048937183787], [10.788794724712483, 59.97052426984869], [10.788604347953132, 59.970519175412505], [10.787743249191388, 59.9704963287101], [10.787675550492569, 59.970429246932746], [10.787528262046735, 59.97046895611055], [10.787482167436945, 59.97038152417086], [10.787727482995303, 59.97030017111284], [10.787739372047172, 59.97023913984965], [10.787774868419207, 59.97018569609035], [10.787773595461713, 59.97010122540818], [10.787801550596685, 59.97004502319291], [10.787773100985412, 59.96998665890033], [10.787818462993215, 59.969926157652715], [10.787829026190565, 59.969814911789406], [10.787842592078166, 59.96970403120837], [10.787852393551583, 59.96958889410037], [10.78793083802746, 59.969550310320955], [10.787985494660425, 59.96950557222869], [10.787882571246579, 59.96950111338336], [10.78745272651814, 59.969391884059455], [10.787385432094526, 59.96936113935204], [10.787212728234465, 59.96933700626355], [10.786977572082442, 59.969306110394626], [10.786735217752685, 59.96930078933809], [10.786444292086847, 59.969361441369635], [10.786121048132678, 59.96941952943983], [10.785375835420432, 59.969529221320876], [10.785128650282735, 59.96956042745827], [10.784649805046557, 59.96966712532212], [10.784434929251857, 59.96974603034814], [10.784164700896737, 59.969894825442765], [10.784081780261145, 59.96994738064966], [10.783875689397213, 59.97006855584217], [10.783782400536063, 59.97011942955427], [10.783654116198091, 59.97015776560914], [10.783483715808682, 59.970183153576784], [10.783279392983111, 59.97020026341878], [10.783177277394106, 59.97022325082862], [10.783054298558303, 59.97027344469446], [10.782921627246434, 59.97030255694232], [10.782559242401405, 59.97034391958961], [10.782305053148127, 59.970331468010535], [10.782064224737047, 59.97028734470002], [10.78177634085704, 59.97030708221083], [10.781434444424988, 59.970277705519216], [10.781164644623122, 59.97028642162127], [10.781003103787532, 59.970329533865225], [10.780901350086188, 59.97036233225399], [10.780895192118836, 59.97047120157823], [10.78086076832968, 59.970516136033574], [10.780713923338173, 59.97043545653656], [10.78051671272785, 59.97040234773024], [10.780351948868987, 59.970386281553864], [10.780247072096943, 59.970356308781625], [10.779924453495438, 59.97025309556916], [10.77967566297661, 59.97019828229016], [10.779324982160592, 59.97014497074708], [10.778929375159374, 59.97011908161732], [10.77860822141491, 59.9701127500841], [10.778323615933838, 59.97011801883287], [10.778212170212592, 59.97013395998905], [10.778009975600586, 59.970111836981914], [10.777839882102176, 59.970106657664076], [10.777600674168417, 59.97011598634248], [10.77739533666312, 59.97016776196422], [10.777266686900731, 59.970123088223346], [10.77707815300105, 59.970131702091294], [10.776813227857662, 59.97016969865422], [10.776475016866383, 59.970236635967204], [10.776227139127332, 59.970313930154326], [10.776106799662745, 59.97035880711527], [10.77538575000758, 59.970330658430115], [10.773272517304092, 59.97005330072757], [10.772872981934112, 59.969934564626534], [10.772639695610351, 59.96986378095901], [10.772244959437675, 59.969863435736414], [10.772031876721153, 59.96984796766775], [10.771816828975341, 59.9698324358238], [10.771594859757878, 59.96981632203763], [10.771423712126278, 59.96979833120152], [10.77126524028299, 59.969768160031244], [10.770599123009442, 59.96960633437434], [10.770131399930321, 59.96944862551341], [10.769710093876675, 59.96928422294189], [10.769376922156917, 59.96916284051098], [10.768893730442093, 59.96899572910194], [10.768471897886666, 59.968853784225985], [10.76779180965665, 59.968645728382576], [10.766834775679033, 59.96839999881002], [10.766343589323075, 59.96828018542598], [10.766393747067871, 59.96811931941154], [10.766468832113, 59.96774381636781], [10.766483312814346, 59.967335884200466], [10.766517745776737, 59.96686025678548], [10.766001644215361, 59.96686678268314], [10.765768748346227, 59.966860557556714], [10.765516930523217, 59.966860648536574], [10.765372192185614, 59.96686067270216], [10.765321827257424, 59.96685761556048], [10.765278951619061, 59.966803007174455], [10.765239731444868, 59.96675346211034], [10.765132607334303, 59.966655696872444], [10.764779497245135, 59.96629925092095], [10.764552565167113, 59.96601222834078], [10.764287573535013, 59.9654759046575], [10.763909723989796, 59.965334098624275], [10.763676844067373, 59.965416167943964], [10.763563642041742, 59.96545712639103], [10.763469159275292, 59.96549194276748], [10.76322389596879, 59.96557406268562], [10.762984383332684, 59.96539111539923], [10.762065790456527, 59.96564067281153], [10.761505848248332, 59.965817510238715], [10.761424446354418, 59.96607942459263], [10.761323830982123, 59.966066836454345], [10.76125334632302, 59.966054228713716], [10.761059508289032, 59.966038551895785], [10.760769854905242, 59.96602743508725], [10.756924695532973, 59.96585664297378], [10.756748402499559, 59.96585662965137], [10.756377145431049, 59.96584413401989], [10.755974417709691, 59.96581272990976], [10.755653354447855, 59.965765433172535], [10.755395280153358, 59.96572762731081], [10.755181239823314, 59.96568350603985], [10.755005466306022, 59.96564304648138], [10.754784639673732, 59.965588905352845], [10.754325132517478, 59.96545343192932], [10.753972725604722, 59.96530513335954], [10.753298890088, 59.96498660243103], [10.752796080676088, 59.96542528405332], [10.752563248498497, 59.96562422675721], [10.75233679827814, 59.96582931018412], [10.752003392769314, 59.96603768852578], [10.751707796207784, 59.96623649469028], [10.751191919301494, 59.966485924591815], [10.751028214719932, 59.96635979755577], [10.750795260591547, 59.96619888712212], [10.750581053570116, 59.96604424630422], [10.75037954840332, 59.96606319352066], [10.749976882636071, 59.9661137776611], [10.749737695272024, 59.96614544547197], [10.74954877976747, 59.96617388038137], [10.749209102016426, 59.966208779919825], [10.74835312868605, 59.9663131605113], [10.748365990595405, 59.966877982643354], [10.748372392402715, 59.967051639289075], [10.748360057275235, 59.9672567006183], [10.748265676267422, 59.96750290498801], [10.748158772684096, 59.96778377267893], [10.748001788004366, 59.968213005280326], [10.747655606514446, 59.96821316321219], [10.746994525832928, 59.96822266874021], [10.746975687228428, 59.968295343137235], [10.74683081781001, 59.968364758605716], [10.74565362173701, 59.96841550459468], [10.745571780555245, 59.96828607952183], [10.745471047743049, 59.968159910337455], [10.74537028351371, 59.96802420955253], [10.745225391441485, 59.967828546958444], [10.745067987918572, 59.967617194820285], [10.744929338185987, 59.96742461172204], [10.744841250443935, 59.96729219628713], [10.744715324131842, 59.96712484051494], [10.7446206286234, 59.96695453631434], [10.744790592186613, 59.966342206230635], [10.74463943003594, 59.966206584773104], [10.744538608436057, 59.966111883282366], [10.744456784023411, 59.96604243233867], [10.744330641087346, 59.9659131035823], [10.744267900520622, 59.96586261145447], [10.744160799459657, 59.965755388213815], [10.74358274793075, 59.96520152976886], [10.742391722705383, 59.96524766122811], [10.74152920233437, 59.965225812135245], [10.74110120603237, 59.96520694329281], [10.739641044524607, 59.965465906107084], [10.739956010143299, 59.96607493901636], [10.73955955442772, 59.96632108203232], [10.739333025175204, 59.96633371930594], [10.738917673776447, 59.96634330652444], [10.738596696123698, 59.9663275314569], [10.738294408698735, 59.96635605881087], [10.738061685176058, 59.966387555531604], [10.73740074213872, 59.96625827449114], [10.73731272108472, 59.96637501722304], [10.737111401784478, 59.96663070395168], [10.736796893509059, 59.967018862484615], [10.736494762455544, 59.96711995481056], [10.736362457846665, 59.967151550621026], [10.735940991826244, 59.96728097171169], [10.7355632417557, 59.967293743179965], [10.735443580982237, 59.9673315925464], [10.735109994938812, 59.96730640868701], [10.73485815435339, 59.96718963613255], [10.734543524378168, 59.96713287467436], [10.73432944261261, 59.96705715710285], [10.734247638835706, 59.96711718129977], [10.734165970994026, 59.96713297046219], [10.73416583241479, 59.96723709048626], [10.73408412354804, 59.96749268870074], [10.734065168007145, 59.96758415065763], [10.734041743627538, 59.96779245054142], [10.733594002635058, 59.968743849747256], [10.73343321586715, 59.9691927275895], [10.733111249706106, 59.97055696384111], [10.733039678393812, 59.97073654996873], [10.733003814254104, 59.97091603272234], [10.73286069139856, 59.97119427894406], [10.732771334981019, 59.97133786134361], [10.732681607436284, 59.97148152219245], [10.732466824233006, 59.971669957530956], [10.732323667317656, 59.97183148909385], [10.732144814677763, 59.97201110678035], [10.731965807798122, 59.97210979350561], [10.731786799854069, 59.972208479991274], [10.731768895186649, 59.972244406798445], [10.731625508400237, 59.97227132363956], [10.731590873853738, 59.97224637340824], [10.73153741328805, 59.97214204602783], [10.73145791655763, 59.97202122915307], [10.731414743843079, 59.97194286116494], [10.731383761103622, 59.971846454981765], [10.73133773957708, 59.97178184155307], [10.73132951178163, 59.971723218662795], [10.731267200528402, 59.971594325644425], [10.731229310836937, 59.97150003352714], [10.731267125999045, 59.97140567612302], [10.731231252474457, 59.97134166152161], [10.731149277112326, 59.97137227555303], [10.731094384303113, 59.97137229591208], [10.730955997159223, 59.971313142004576], [10.730990262168726, 59.971229639396356], [10.731020337557556, 59.97116191716751], [10.731078791251548, 59.971109230214815], [10.731163790911737, 59.97105236897999], [10.731203131189787, 59.97096705196383], [10.73117925419582, 59.97090459542407], [10.731100304776115, 59.970885312488946], [10.73109186269438, 59.970856175462], [10.731038773396468, 59.97089231129455], [10.731037182951535, 59.97091995428821], [10.730949297807431, 59.97091431976176], [10.730860776636343, 59.97089553674346], [10.730697347305412, 59.97089428771885], [10.73061682292755, 59.97093034395592], [10.730466785547115, 59.97090453198847], [10.730399455353304, 59.970923121510125], [10.730304321353369, 59.970894412419305], [10.730244512524992, 59.9708588454328], [10.730042884538372, 59.970792156244364], [10.729760484293852, 59.97076205471528], [10.729678508751158, 59.9707745937816], [10.729540239809301, 59.9707020456954], [10.729426773705658, 59.97062634423149], [10.729344786005347, 59.970591676412056], [10.729376402636404, 59.97055376681204], [10.729401471939724, 59.97047482191564], [10.729281850189164, 59.970402337281705], [10.729200072631569, 59.97034240928966], [10.72918743252497, 59.97025406016989], [10.729181235478837, 59.97017832804667], [10.729193799034148, 59.970130988927934], [10.72914347484851, 59.97005526554469], [10.729048978721147, 59.97002999336073], [10.728671281828444, 59.970014243605874], [10.728620941868297, 59.969963696740415], [10.728658557858004, 59.969862589650255], [10.72856338926754, 59.969749355478264], [10.728527372059851, 59.969686504255854], [10.728509561244817, 59.96963269499357], [10.728437943487735, 59.969578850371086], [10.728316210287169, 59.969575623434345], [10.728187442110384, 59.96955184668886], [10.728079890479625, 59.969542965090305], [10.727954680870862, 59.96952496861858], [10.727829473186468, 59.96950697200401], [10.72768608256308, 59.969515900463136], [10.72739963455759, 59.969515874294075], [10.727274344214626, 59.96952493991318], [10.727148967709843, 59.96952492101711], [10.7269878961158, 59.96952491285087], [10.726844745085137, 59.969506963295224], [10.726683579748393, 59.96949796027613], [10.726593972520412, 59.96948902950771], [10.726522424388337, 59.969506940264026], [10.726415097265702, 59.96953385219364], [10.72632551307457, 59.96954281535876], [10.726200315944752, 59.969542801297564], [10.726128683533814, 59.96956970146212], [10.726075078920305, 59.96960563813849], [10.726018525614185, 59.969633836416335], [10.725920910700365, 59.96964802459178], [10.725807570833375, 59.96963535666162], [10.725669261181038, 59.969613246135424], [10.725518219969745, 59.969543875982225], [10.725486691494407, 59.969436569650405], [10.72551827638673, 59.96930721255023], [10.725505563680805, 59.96914305982876], [10.725549591870882, 59.969020131423626], [10.725058658313692, 59.968777071293545], [10.724832134272571, 59.96869500037266], [10.724422993634885, 59.96860340611238], [10.723850387515364, 59.96854984700639], [10.723265031093632, 59.96848669999229], [10.722899905331733, 59.96848348011931]]]}, "properties": {"FID": 1, "kommunenum": "0301", "BYDEL": "17", "BYDELSNAVN": "Marka Nord"}}, {"type": "Feature", "id": 2, "geometry": {"type": "Polygon", "coordinates": [[[10.846298598490057, 59.84960900239861], [10.846293012856439, 59.85079773094388], [10.845901472830615, 59.85108530646322], [10.845705607207762, 59.85118404431348], [10.84563466787581, 59.851309927685975], [10.845870270678637, 59.85227007892275], [10.846268433468495, 59.85381367865042], [10.846450631533143, 59.854801002081835], [10.846381530218313, 59.855384595298005], [10.846242048908353, 59.85629135586936], [10.845978104358384, 59.85730585493416], [10.845926725442354, 59.85785332325556], [10.84598268463176, 59.8585174715175], [10.846131765640862, 59.86024965798184], [10.846258863027126, 59.86085095750505], [10.846385002597383, 59.861200832136106], [10.846694240187267, 59.861808153939144], [10.847306240992019, 59.862473497868486], [10.84813108301039, 59.86319842728442], [10.847911883072568, 59.86316561227632], [10.847258032939306, 59.863153147904384], [10.846932689400617, 59.86304405966679], [10.846467554975899, 59.86291482131706], [10.846303756686849, 59.862875032104505], [10.846071604403937, 59.862865810218366], [10.845827956888604, 59.86285128005754], [10.84562723549686, 59.862839454914834], [10.84523878606162, 59.862793375626985], [10.844569605565741, 59.862650400378016], [10.844334278077776, 59.862529224596706], [10.844217065618421, 59.86243569907021], [10.844125757795346, 59.86217063006311], [10.84370306648177, 59.86208246400669], [10.843561330591879, 59.861936282623056], [10.84348933148262, 59.861890130077164], [10.843307291312428, 59.861881947892954], [10.842962200066983, 59.86190673368099], [10.842335456928987, 59.86186354243635], [10.842169079412722, 59.86186592394196], [10.841974107707898, 59.861823884471534], [10.841517897008243, 59.861806580213816], [10.84113645866535, 59.861800361519045], [10.840773297428969, 59.8617466170806], [10.840596881884483, 59.86174921865653], [10.840470370268866, 59.86179448910183], [10.840239546396813, 59.861790423612426], [10.840132413718203, 59.862183907524624], [10.840370275027857, 59.862186037209156], [10.84080301552646, 59.86213516797873], [10.841198270337152, 59.862109546400795], [10.841562324983029, 59.86212186864759], [10.841788251194611, 59.86214366924241], [10.84225450554468, 59.86222368819751], [10.84256766964929, 59.862305608770505], [10.843061833437394, 59.86250564108749], [10.843283411691159, 59.86264094944243], [10.84349717331736, 59.86281737037232], [10.843617400023975, 59.86302553966308], [10.843894129694945, 59.86321456002796], [10.843940614256125, 59.86350212917535], [10.843880403071251, 59.864265825896844], [10.843753669705967, 59.86556608334322], [10.8437373276446, 59.86621616970981], [10.843763464102638, 59.866490597777066], [10.843820555602829, 59.8666704277747], [10.843909236525457, 59.866900797678355], [10.844092371748182, 59.86720662097396], [10.844476888542996, 59.867632276782366], [10.844678366258893, 59.867821433538346], [10.844867333854236, 59.867994819941984], [10.845030920400493, 59.86813665398774], [10.845200932641973, 59.86829433593249], [10.845528434103668, 59.868565426683325], [10.846333152670395, 59.86929629212079], [10.847555789258472, 59.868989099449635], [10.847888418170319, 59.86902028171516], [10.848020456684019, 59.86907695777636], [10.848083562008611, 59.86914009066423], [10.848241392232275, 59.86937974204859], [10.84851794312027, 59.869527834879854], [10.848721914699263, 59.869638571393466], [10.849063263760774, 59.86986351491737], [10.849247839366928, 59.86998784290503], [10.84943234383361, 59.8701199022451], [10.849644945872132, 59.87038501685119], [10.850397050727567, 59.87087080428942], [10.85054277788895, 59.871186136395856], [10.85072630108632, 59.871574049704556], [10.85112474353062, 59.872356351217334], [10.851225680417953, 59.87249188468425], [10.851383098237825, 59.872598989988354], [10.851603142324942, 59.87270294503762], [10.851841935270729, 59.87276271440597], [10.852042821631155, 59.87279089847958], [10.85218117743965, 59.87281288485757], [10.852262844681167, 59.872850614866344], [10.851929932426035, 59.87280990592883], [10.851475120304823, 59.87273001669016], [10.851103293858753, 59.87265292238361], [10.850498504605493, 59.872628448770925], [10.85016304345171, 59.872664079347224], [10.84973617523536, 59.87272424836334], [10.849570278781483, 59.8727452673132], [10.84944579930344, 59.87272245823553], [10.849362744228053, 59.872701584996975], [10.849143280226501, 59.87290100570034], [10.84879933221913, 59.87319791890541], [10.848618860755177, 59.873602039695], [10.848444992323584, 59.87411651074182], [10.84844573526832, 59.87429959425227], [10.848571715518231, 59.87441928649436], [10.848830666538891, 59.87482612802458], [10.849118150712703, 59.87541557983675], [10.849150927749177, 59.87576897742319], [10.850154547259775, 59.87601454416341], [10.850105006818287, 59.876434306227864], [10.852277264781442, 59.876444828905235], [10.853984752380473, 59.876446240738176], [10.855522672220477, 59.876447772851826], [10.856395184357462, 59.87644999638718], [10.856941386797633, 59.876455782681525], [10.85692415782734, 59.87839642122704], [10.8569201141776, 59.880564139917176], [10.857297237621939, 59.880689934743195], [10.857347865697577, 59.88075302830469], [10.857348118390075, 59.88084141880644], [10.85701718813188, 59.88131507798465], [10.85688298310953, 59.88153931516145], [10.856865274940764, 59.88264709179617], [10.856213961655074, 59.88308323655633], [10.856221374878437, 59.88336093529642], [10.856190668818018, 59.883528282299835], [10.855676369918319, 59.88371186383902], [10.855658018593719, 59.883768649034856], [10.855689445512358, 59.883837972180196], [10.8558721438681, 59.88397670592286], [10.85602333129925, 59.88410275831771], [10.856231229777988, 59.884291915835334], [10.856276538756175, 59.884348907998266], [10.856384233887411, 59.88445650722521], [10.856571574649854, 59.88461975231914], [10.856735538840221, 59.88478684567507], [10.856918225092691, 59.88496019391681], [10.857151299029654, 59.88517136159416], [10.857226980827694, 59.88523443437562], [10.857296312277157, 59.885306838873795], [10.857371890570679, 59.88537934927448], [10.857466468085947, 59.88546450574467], [10.85757990398832, 59.88557489188356], [10.857668095244495, 59.88564096579133], [10.857787649648806, 59.885700834687185], [10.857888314421258, 59.8857701788628], [10.857995106407417, 59.88583629832602], [10.858071115983366, 59.88593408682438], [10.858146946984567, 59.88603186971689], [10.858216529101274, 59.88617692909236], [10.858524316849815, 59.88618922538989], [10.858570442254479, 59.88625838097179], [10.858631768683312, 59.886340511811255], [10.858607466866976, 59.886545552634615], [10.858551708831829, 59.88676039349749], [10.858514683325328, 59.88693401503356], [10.858484815358846, 59.887165044913516], [10.858453831977721, 59.8873978383603], [10.858265581498845, 59.8874139402555], [10.857939038123007, 59.88743000448675], [10.857650241838181, 59.88744608716687], [10.857551996839735, 59.88798587584715], [10.857558690817356, 59.88805846545707], [10.857539995225997, 59.88811514975795], [10.857527679387232, 59.88817518232694], [10.85751543405912, 59.88822892307593], [10.857490972486753, 59.88841507807551], [10.857472410592019, 59.88850656299333], [10.856711274355261, 59.8886273529024], [10.85679924660244, 59.888696656756984], [10.85689378923909, 59.88876922533573], [10.857051237664836, 59.88886679174552], [10.857151944139057, 59.888932990529966], [10.857265221996423, 59.88901172301296], [10.857347142730294, 59.8890621351656], [10.857497706520071, 59.88905563667228], [10.857679863354202, 59.88903970272183], [10.857748871586859, 59.88903009735321], [10.857868147495466, 59.88902054568698], [10.857930884349184, 59.88901101158908], [10.858006283531937, 59.889004664362396], [10.858112896948377, 59.888991926471924], [10.858188231921527, 59.88897604590817], [10.858232656437888, 59.88908326963871], [10.858091423261579, 59.889373732219035], [10.858035314147571, 59.88946214593261], [10.857960598405604, 59.88959789719231], [10.857910975920175, 59.88974621661702], [10.857810997630024, 59.88991668730724], [10.857830254887892, 59.8900018996497], [10.85773660143156, 59.890102978745475], [10.857649282471503, 59.890245076162024], [10.85766833179238, 59.890317604722775], [10.857536885998336, 59.890437633580234], [10.857825743525717, 59.89041840512385], [10.85782654284441, 59.890648782199925], [10.857827620320323, 59.8908884290101], [10.857822073143586, 59.891077876775846], [10.857828741257093, 59.89120090556405], [10.857829503866851, 59.89137131015458], [10.857754458867088, 59.8914407867891], [10.857654345654565, 59.89155775665005], [10.857648928111725, 59.891753321822684], [10.857630666595387, 59.89191413712698], [10.857624722151108, 59.89201204301745], [10.857600174227827, 59.89214146139721], [10.857569333641822, 59.892274007906465], [10.857538764148948, 59.892460330628275], [10.85752422406582, 59.892542500394], [10.857545868993252, 59.892687489488885], [10.857571903408065, 59.892902027081405], [10.857585263271458, 59.89311346860042], [10.857981793203418, 59.89330865060128], [10.858061362248847, 59.89336222479243], [10.858017952282491, 59.8934664136022], [10.857875711896757, 59.89351075831898], [10.857254590903594, 59.89367875825462], [10.857164790519864, 59.89370722070032], [10.857020512199279, 59.893742059066824], [10.856970727205919, 59.89383993244877], [10.857059183583951, 59.89401022199102], [10.856956725742933, 59.89417746724074], [10.857049888587698, 59.89429422839199], [10.856949918386064, 59.89438270005375], [10.856950307665244, 59.89449006599635], [10.857158284998372, 59.894679133305395], [10.857133187677316, 59.8947770656515], [10.857114873744818, 59.894877998397206], [10.857090390768473, 59.89500112486025], [10.857015162110578, 59.89505477050914], [10.857040495774969, 59.89509270178375], [10.857034702238945, 59.89519366913129], [10.857085439741244, 59.89536079243518], [10.857029200119994, 59.89542717423987], [10.857030341011667, 59.89568921145248], [10.85677897545438, 59.89569586221451], [10.85655347259364, 59.895822279882154], [10.856359361432908, 59.89598969579717], [10.856372171106306, 59.89609070998054], [10.856316005644935, 59.89619809297309], [10.856159411151863, 59.89627704876022], [10.856474193726415, 59.896728963421005], [10.856171980405819, 59.89731241030328], [10.854956683320411, 59.897495676255346], [10.854297978507558, 59.89850746603503], [10.85348571432852, 59.89850111547189], [10.853140291478164, 59.89852988186682], [10.8530336881516, 59.89852364494929], [10.85307167606836, 59.89898482761987], [10.854273064815173, 59.89909991429323], [10.854173738484885, 59.8993809043403], [10.853973014650624, 59.89998381878559], [10.853973622607322, 59.900150982780055], [10.85389402876408, 59.90016061359215], [10.85395186256842, 59.90048872280316], [10.853939975120856, 59.90072013916046], [10.853426326262397, 59.90108976441756], [10.853454091581373, 59.90177765035905], [10.853421996204952, 59.90208629369035], [10.85318709509955, 59.90294114048481], [10.852817723009121, 59.903088194894835], [10.853352581224746, 59.90312527771191], [10.853650721521232, 59.90315588983056], [10.853523133396829, 59.903349135254146], [10.85342343731422, 59.90353543701633], [10.853007268288742, 59.90363435316085], [10.8528917470476, 59.90432860415795], [10.85285528201231, 59.90450161267362], [10.852812440884437, 59.90477296371116], [10.852656294316606, 59.90507293169985], [10.8524549927306, 59.90548359619232], [10.852984682768346, 59.90547349433774], [10.853550056678264, 59.905464333675354], [10.853901258146053, 59.90545867464621], [10.85442953486993, 59.90544411575083], [10.855025530621324, 59.90544058954112], [10.85559161619251, 59.90543144242686], [10.856019946742984, 59.90542452026889], [10.855984611051886, 59.90581092343977], [10.855935510519705, 59.90634488728117], [10.856249996856828, 59.906253369824476], [10.856031106287205, 59.90671347533617], [10.855949730273485, 59.90688498135007], [10.855847231398771, 59.90697759908505], [10.85593520432921, 59.90698702166658], [10.85613626184484, 59.90697105460155], [10.856280712437952, 59.906958249371854], [10.856406943396427, 59.9071316152875], [10.856501656823294, 59.9072419511256], [10.856599248268354, 59.90731632302071], [10.85680718729983, 59.90748192075758], [10.85679508276818, 59.90755023209877], [10.856572094237748, 59.907551124247156], [10.856421961492254, 59.907734221710776], [10.856541909616926, 59.9078761914406], [10.856466896534485, 59.90795510975456], [10.856316240079353, 59.9080118657326], [10.856173382416543, 59.90840342607461], [10.85596636832938, 59.90846991568808], [10.855755101104275, 59.9085532651743], [10.85558349451648, 59.90858706333651], [10.855477038723649, 59.90869124469761], [10.855351552393804, 59.90875139955498], [10.855251571661404, 59.90888401733872], [10.855209246749508, 59.90895200567027], [10.855145552933273, 59.90908936243226], [10.855114346108884, 59.90914286569508], [10.855076847150436, 59.90921235426336], [10.855064420935491, 59.90926600006348], [10.855340625767376, 59.90913003079502], [10.855497364210713, 59.90904469495587], [10.855647666141406, 59.90897507145852], [10.855835916528383, 59.908873914836995], [10.8563752402347, 59.908602010231014], [10.856565606591204, 59.90852402612489], [10.857276042344875, 59.90868413226232], [10.857735011588137, 59.90877203436158], [10.85833939803341, 59.90889544007096], [10.858502815056884, 59.90862446530055], [10.85889690366623, 59.908621130058144], [10.85881259251485, 59.90899421508334], [10.859950045596854, 59.90923166719362], [10.860552721320952, 59.909357435764846], [10.860797166318735, 59.909408550032225], [10.860915481250613, 59.909433129715524], [10.861201483918459, 59.90950272295483], [10.861326198361553, 59.9095291214293], [10.861393525796458, 59.909543376744644], [10.861727369997283, 59.90954802886642], [10.86184215264854, 59.90957798109916], [10.862001996390397, 59.909619870228944], [10.862169029854865, 59.90970604088268], [10.862273674534668, 59.90972254659469], [10.862386118876723, 59.909742535616424], [10.86251851577492, 59.90976620714993], [10.862985368750888, 59.909608612886096], [10.863335575326683, 59.90953510403674], [10.863587477520452, 59.90946317906654], [10.86388340592863, 59.909378432032014], [10.86421330399202, 59.909283962554], [10.864800991114498, 59.909137801030134], [10.865357626129791, 59.90907274949945], [10.865596669170683, 59.909142836159816], [10.865152089395954, 59.90967804357648], [10.864952454214803, 59.90992540998767], [10.864860555950923, 59.91005091524324], [10.86474833391118, 59.910204463355946], [10.864592694609325, 59.9103745394098], [10.864182522982373, 59.91082298224517], [10.863520395764088, 59.91137661529916], [10.86348841755421, 59.911449337205845], [10.863265670361573, 59.91159176776423], [10.863099860605988, 59.911714050086836], [10.863001824439168, 59.91187289825789], [10.862916607922164, 59.91201074997751], [10.86269778741287, 59.9122279293519], [10.862572088553213, 59.91234724601198], [10.862576663979459, 59.91238092666336], [10.86244964036671, 59.91248932215249], [10.862299501228984, 59.912686902244396], [10.861873665888988, 59.91301490678307], [10.8616357395414, 59.9132171884319], [10.861609520787349, 59.9132810093012], [10.861266328574217, 59.91363534665037], [10.861173629185672, 59.913846060211036], [10.861150116313654, 59.913958518388], [10.861249608097985, 59.91403798071053], [10.861119187826061, 59.91437886738148], [10.860529795073699, 59.914622514193375], [10.861719008081112, 59.91497782785948], [10.862121744278795, 59.91509100827354], [10.86234833750798, 59.91515063810515], [10.862392979413045, 59.9152895144643], [10.86245080712025, 59.915563941028765], [10.862514757068006, 59.91581940864104], [10.862578843176907, 59.916078117604066], [10.862636143516628, 59.916254794308415], [10.862499644935635, 59.91639454134889], [10.86222334841891, 59.916655948346545], [10.862412202099609, 59.916744062429835], [10.862651587670006, 59.91684482350757], [10.862815226400299, 59.9169298065901], [10.862457892333492, 59.917125909544424], [10.86219446954076, 59.91725240580084], [10.862188650728841, 59.91735651983792], [10.862182936592033, 59.91749857842669], [10.862428617077589, 59.9176465605168], [10.86274341771358, 59.9177471739676], [10.863057931312056, 59.917841483764185], [10.863332158925141, 59.91791852271752], [10.864162906135903, 59.91816688299022], [10.864571896920944, 59.91828627484397], [10.864810901961397, 59.918358607624356], [10.865057057976166, 59.918610715235644], [10.86560028722146, 59.919190705224636], [10.865375470716986, 59.919516133314126], [10.866080103943844, 59.91970774219191], [10.866118784649705, 59.91991907665871], [10.868162226299763, 59.920128249541115], [10.868087546807422, 59.92025771438601], [10.868615574478058, 59.92028867053495], [10.869325806172764, 59.920331994938124], [10.869646570262104, 59.92035050975626], [10.869872856847593, 59.92035976715389], [10.870143150120636, 59.92037516857393], [10.87014346429428, 59.920460413510895], [10.8700258849432, 59.92082670539437], [10.86998239642007, 59.92100345256309], [10.869926799903272, 59.92117388661821], [10.870002183310888, 59.92119270479672], [10.870102741326741, 59.92120206283739], [10.870279028654505, 59.92123033990208], [10.87042367341047, 59.921271111080465], [10.870424461319214, 59.921444662356386], [10.870450617203858, 59.921656142033925], [10.872141990207528, 59.921805654731024], [10.873028754030347, 59.92189288473916], [10.873764528654416, 59.92196153030033], [10.87456309418626, 59.92203942211894], [10.875089331010042, 59.921660037332714], [10.875365070441935, 59.92145451070788], [10.87567033928289, 59.92091769221927], [10.876103961219137, 59.920901425048704], [10.876305107152348, 59.920885337768595], [10.876644536961724, 59.92086611871909], [10.877223403189111, 59.92098530555112], [10.877774096703634, 59.9205081360432], [10.877836276752255, 59.92038816558199], [10.878358465758293, 59.92046331497323], [10.878578003711224, 59.92036831953938], [10.878715980634496, 59.920311410992376], [10.878916942448196, 59.92029531421981], [10.879137666494858, 59.920440233753475], [10.879509861421772, 59.920673420322416], [10.880503117267825, 59.92073219479056], [10.880718307117322, 59.92102852646679], [10.880990313898204, 59.9213721293551], [10.880960451533523, 59.92170358959389], [10.880889635565504, 59.9226535156108], [10.881796114653854, 59.92291123113294], [10.882212401275899, 59.92275342311424], [10.882750096661258, 59.92262602404002], [10.882885843581159, 59.92335790502692], [10.882943602267837, 59.92356937980056], [10.882970659170526, 59.92422458606311], [10.883169666559011, 59.924806138780966], [10.883147296587298, 59.92538049903361], [10.883343586755753, 59.925639012139854], [10.883181828218664, 59.92597695815607], [10.8829985617139, 59.926199507836124], [10.882895739317316, 59.92658640939572], [10.882960135845263, 59.92690175698409], [10.882919731369928, 59.92757085741209], [10.882957867783144, 59.92772543525448], [10.88323013425925, 59.92800403541738], [10.88718437975151, 59.92806421561406], [10.887275393143574, 59.92866369470548], [10.887296875138981, 59.929162282262325], [10.8872732727847, 59.929484139209464], [10.887330515057682, 59.92957871274271], [10.88738727191944, 59.92966706792636], [10.887394172827758, 59.92976168834965], [10.887363149179109, 59.929850088316435], [10.887300744535498, 59.92994164543203], [10.88781094739616, 59.93013362091072], [10.888585448494624, 59.930410358991665], [10.889782370286042, 59.9308634622847], [10.890235676652793, 59.931017508247294], [10.890316963827352, 59.93091952738429], [10.890561726037777, 59.93086557757247], [10.890920099154611, 59.93082722075991], [10.891125553828964, 59.93148538097768], [10.891207446917722, 59.931767193107916], [10.89147815140932, 59.93187408915655], [10.891673592241244, 59.93194644976412], [10.891675726688305, 59.93236603050422], [10.89198705776459, 59.932130471479], [10.892296127003899, 59.9319203751778], [10.892302110139962, 59.931879293717216], [10.892491181323726, 59.931961164641024], [10.892560387018658, 59.9319925435994], [10.892680159947865, 59.93203655806158], [10.892780938166934, 59.93208060974029], [10.89290068159879, 59.932127769855555], [10.893127409013191, 59.93222528903439], [10.893234540648136, 59.9322628855625], [10.893392064439748, 59.93232902565447], [10.893587388345068, 59.932413966865546], [10.893738495949677, 59.932476939196], [10.893971729642761, 59.93257115343449], [10.894185977229865, 59.93266243708391], [10.89442545008947, 59.93275981143424], [10.894633420795003, 59.93285116928192], [10.894942114230673, 59.932976953685426], [10.895238146205802, 59.93309649916736], [10.89540225084579, 59.933168865533155], [10.895605711521979, 59.933247493936925], [10.895767738402999, 59.933313500973235], [10.895855871543118, 59.9333512221452], [10.895918824450916, 59.933379617510624], [10.896019621997779, 59.93342357668974], [10.896139374900663, 59.93347073470704], [10.896404036806409, 59.93357455427479], [10.89654261977135, 59.933637493421756], [10.897084673596426, 59.933863959119236], [10.89755105332966, 59.934062080891394], [10.897702353473509, 59.934125055019535], [10.89783465953083, 59.9341721521481], [10.897948136269632, 59.93421938272374], [10.898206363623215, 59.93432317821097], [10.898691710564034, 59.934524493613665], [10.898994186506478, 59.93464719761694], [10.89912025985985, 59.93470704669208], [10.899321954662977, 59.934785613214835], [10.899491988511635, 59.93485797906099], [10.899738033900585, 59.93496184201175], [10.9003303288643, 59.935203972661995], [10.90116332527058, 59.93555132252286], [10.901405565171677, 59.93521199561087], [10.901629814944132, 59.934810881235876], [10.902026614452243, 59.93494604303573], [10.902341628956894, 59.93505294557246], [10.902813367180862, 59.93509639299153], [10.903102810415469, 59.935127514856674], [10.903378197778109, 59.935157839287136], [10.903664435988892, 59.93518445510019], [10.903952005175851, 59.935214797397215], [10.90417843211322, 59.935239731068066], [10.904386041879269, 59.93526470885015], [10.904719480644621, 59.93528631601822], [10.90497108548175, 59.935301781604956], [10.905235063198592, 59.93529830133868], [10.905423810593145, 59.935291762433486], [10.905649928223227, 59.93527568615369], [10.905826168376231, 59.93526597089695], [10.905995724263214, 59.935243640034436], [10.906471597172375, 59.93504606909369], [10.906660720552116, 59.934987123883644], [10.906786204994244, 59.934945890102334], [10.907081511617871, 59.93487289273579], [10.907364660206634, 59.934811294237875], [10.907596764704202, 59.934739387647085], [10.907864705631145, 59.93467614700223], [10.908150304443568, 59.934585942824874], [10.908328821587677, 59.93452288944744], [10.908507370873325, 59.9344508454396], [10.908667861603767, 59.9343697897104], [10.908899750743002, 59.93426182181808], [10.909078308370319, 59.934189687968185], [10.909256588094008, 59.934090753401144], [10.90934570047585, 59.934027708580096], [10.909434645720294, 59.93395584774862], [10.90954129151732, 59.93384794421365], [10.909665729649502, 59.933722162361235], [10.909790320963396, 59.93360528544959], [10.909878930184654, 59.93347946987346], [10.910003321595731, 59.93331772327119], [10.910092019151113, 59.93316502720251], [10.910162590033572, 59.93302129883337], [10.91019765999295, 59.932886536586466], [10.910250596875144, 59.93276087188685], [10.910267852246204, 59.932644167883005], [10.910285118435946, 59.93252737389869], [10.91032017474623, 59.93239270251466], [10.910372787750102, 59.932258036346155], [10.910407888478394, 59.93211428454158], [10.910442208993004, 59.931880960940454], [10.910477106634398, 59.93169233966487], [10.910493747752291, 59.93149487978178], [10.91051109134914, 59.93140506067827], [10.91106328899559, 59.931000360653904], [10.911953603541354, 59.93032591280921], [10.91298641585383, 59.92957047047393], [10.914019225432822, 59.928805939800405], [10.915163753481345, 59.928831378604215], [10.917971741329316, 59.928925915343484], [10.920162546349284, 59.928987785588994], [10.920690400396687, 59.929002610771484], [10.921458090487981, 59.92902045636669], [10.921835311354881, 59.92902935143637], [10.922174969200245, 59.92903636341755], [10.922508438726522, 59.92904417252375], [10.922847807564187, 59.929059355106816], [10.92316231977899, 59.92906837402475], [10.923608781159254, 59.92908669017379], [10.923673301798173, 59.929089316499464], [10.921416190407621, 59.926474965045124], [10.921398241448495, 59.92638639046277], [10.921359340638771, 59.92621328288253], [10.921260275692719, 59.925257648204756], [10.920893635533307, 59.924842517230005], [10.920491773848608, 59.92421429226348], [10.920416412346142, 59.923873096951176], [10.920233817481801, 59.92337861409034], [10.920087780464973, 59.92313304776464], [10.920132378431465, 59.922747019136146], [10.920002155049586, 59.92253017370212], [10.91991237800732, 59.92226405289127], [10.919642238849965, 59.92190198580057], [10.919611929321903, 59.9217829088733], [10.919379126996585, 59.92164883431603], [10.919328446927084, 59.921594938075984], [10.919399566327593, 59.92142290121874], [10.9194051869249, 59.921409229809235], [10.919413240182811, 59.92138889076442], [10.919462900078852, 59.92126321098339], [10.919496942927978, 59.92117714588742], [10.919497393557059, 59.92106279732842], [10.919564892860608, 59.92083571552208], [10.919626438422947, 59.92078520708515], [10.919630666315895, 59.92071296265704], [10.919467544317396, 59.9206297781651], [10.91932875223319, 59.920584658357114], [10.919102613299653, 59.92040520693122], [10.918827569736104, 59.92025939360742], [10.918684127819631, 59.920129796209714], [10.91860527623428, 59.91998610741962], [10.918544440960224, 59.91990851899609], [10.918300362133628, 59.919864809958554], [10.918014518672495, 59.91981414087593], [10.917838361456626, 59.919754015532185], [10.917742347121816, 59.91968001121893], [10.917782506699965, 59.919544238124836], [10.917818158075493, 59.9193679558714], [10.917885532408025, 59.91911138118604], [10.917805968772253, 59.9189050941471], [10.917655496239629, 59.918575053348384], [10.917582545664558, 59.91835143915778], [10.917552149013389, 59.91830302528519], [10.917548453378714, 59.91826173366877], [10.917499654208315, 59.9181693238777], [10.917427727991864, 59.9180887840781], [10.917386281114888, 59.918038499193095], [10.917353549861323, 59.917947935853405], [10.917365513529772, 59.9178652327794], [10.917365334309673, 59.917818655376315], [10.917352649307706, 59.91776746443836], [10.917273853011949, 59.917463291335025], [10.917290806422953, 59.91728472128399], [10.917287797184159, 59.91704862073171], [10.916785621234721, 59.916187646390284], [10.91680453781631, 59.91607899600696], [10.916681893437213, 59.91587370930291], [10.916556140768922, 59.915756255649], [10.916572106629411, 59.91544746820946], [10.916375469631399, 59.91513631339497], [10.916263526964295, 59.9146490481967], [10.916166168872259, 59.91451188566765], [10.91606955492529, 59.91418531141248], [10.915857599630295, 59.914013305733725], [10.915780141605932, 59.91391380303768], [10.915805685547605, 59.91366689992501], [10.915781214410785, 59.91362568206512], [10.91569385775634, 59.9134785800194], [10.915807419070447, 59.91335011984273], [10.916112352280418, 59.91324368850607], [10.916375181100165, 59.913237906052565], [10.916383629721727, 59.913151767359075], [10.916230971236594, 59.91303626567595], [10.916057108600034, 59.912947617990945], [10.915668513900833, 59.91282164826033], [10.915716376592101, 59.912765862313556], [10.915988880211044, 59.91260573998814], [10.91592915313771, 59.9124639911707], [10.915736885868093, 59.91227758148372], [10.915245131873801, 59.91193371040107], [10.914879014446033, 59.911689219349576], [10.914816195077023, 59.91161920923613], [10.914981652821833, 59.91149964234032], [10.915280995285695, 59.911343951137326], [10.915219824301337, 59.91127219453496], [10.914956199689234, 59.91113616523669], [10.914905205698249, 59.91097733402784], [10.914844321064285, 59.91064719141162], [10.9150966106408, 59.91037477925262], [10.915096439470416, 59.91033980001404], [10.914963167505151, 59.91016582800134], [10.914864029115988, 59.91000981864392], [10.914787625873755, 59.90981162877372], [10.91468509671495, 59.90968608209182], [10.91449138010444, 59.909555277946914], [10.914492741614263, 59.90950056661267], [10.914478346754759, 59.909480790119545], [10.91447273085618, 59.90944932733166], [10.914472652291233, 59.90942523009179], [10.914458263993204, 59.90939376538241], [10.914456361345083, 59.909371409277625], [10.91444717563535, 59.9093471182748], [10.914436212947223, 59.9093183675312], [10.914425350502546, 59.90928881055431], [10.914407288725624, 59.90926100811454], [10.914398284029565, 59.909236722563165], [10.914392576668478, 59.90920453895734], [10.914389079712308, 59.90918204343589], [10.914376327351963, 59.90914892115355], [10.914363742873089, 59.90912461484043], [10.914352907139461, 59.909097755626554], [10.914345421508292, 59.90907711441176], [10.914338240993503, 59.90905108772134], [10.914334570615774, 59.90902418192007], [10.914330785157567, 59.909002576200585], [10.914325193395642, 59.90898109461807], [10.914321626707661, 59.9089576974288], [10.914314421449403, 59.90892897293997], [10.914312271808598, 59.908905710555835], [10.91430679605421, 59.90887164547143], [10.914301411003978, 59.90884558461824], [10.914293958668415, 59.90881595385243], [10.914293701977517, 59.90878456770919], [10.914288326975747, 59.90876570029654], [10.914282807580486, 59.90875671774246], [10.914272101430273, 59.90874334921927], [10.91425580884326, 59.90871281392732], [10.914250369767359, 59.90868864005141], [10.914253687266632, 59.90866168036328], [10.91426792719253, 59.90863470126148], [10.914280264051692, 59.9086086506799], [10.914283707528908, 59.908576300931266], [10.914290681017777, 59.90855745716208], [10.914294039914564, 59.90852870139304], [10.914288643968662, 59.90850272961761], [10.914288434852095, 59.908481145605464], [10.914288206586857, 59.90845245810286], [10.914281067651398, 59.908424634429025], [10.914264896426063, 59.90840039726605], [10.914244946167718, 59.90837631199042], [10.914226949154115, 59.90835381598072], [10.914208966029996, 59.90833410774246], [10.914183797824949, 59.908300060091044], [10.91416402215912, 59.90827310345605], [10.914145730627462, 59.908239899025695], [10.91412604255591, 59.90821222615568], [10.91410619898122, 59.90818436781996], [10.914089949079454, 59.90815931891956], [10.914070241531796, 59.90813326306295], [10.914055779522776, 59.90811258482443], [10.914046532236856, 59.90808298819554], [10.914039446744598, 59.90806056094522], [10.91403207269928, 59.90803902349813], [10.914024756759598, 59.90801119519676], [10.91401763801611, 59.90799775749312], [10.914001325219969, 59.90796011959563], [10.91399564109201, 59.907935038505705], [10.913999054299234, 59.907904395760255], [10.914009490355955, 59.90787487076902], [10.914018390088813, 59.90783891370844], [10.914025453119862, 59.90780478867727], [10.914030701013342, 59.90778687984324], [10.914040958858054, 59.90775006684462], [10.91404803030722, 59.90770425356887], [10.914051430692876, 59.90767369992729], [10.914051219288478, 59.9076405176455], [10.914041909079074, 59.90759833202833], [10.914034643102612, 59.90755701850463], [10.914029062410897, 59.907519443914346], [10.914025182786341, 59.90749423871698], [10.914021642082577, 59.907480822704386], [10.914018029488348, 59.90747091066897], [10.914003510434151, 59.90743323774082], [10.913983527315972, 59.90739197955231], [10.913976415477029, 59.9073668545241], [10.913954594905064, 59.90732014406777], [10.91393835226492, 59.90728340692493], [10.91392560111748, 59.90725028458413], [10.913914707555701, 59.907222434576816], [10.91389485884247, 59.90718297888396], [10.913887586366068, 59.9071533526693], [10.913880112177996, 59.90711661842875], [10.913874601749988, 59.90709594850662], [10.913874483234713, 59.90706636481245], [10.913875965293593, 59.90703395463126], [10.913877587900819, 59.90700622286677], [10.913881120476356, 59.90698187827811], [10.913889743060622, 59.906938001430504], [10.913898578929375, 59.906912741821024], [10.913912671506234, 59.90688404934729], [10.913928763238662, 59.90685802599781], [10.913946265339742, 59.90682925885885], [10.91396405601724, 59.90679960281125], [10.913972839421415, 59.90677622925411], [10.913978060647507, 59.906755622648625], [10.91398348678929, 59.906730436798725], [10.91398673222625, 59.90669097897128], [10.913988301910129, 59.90667385467494], [10.913989878073016, 59.90662904004339], [10.913984415770539, 59.90659488492764], [10.913969750290233, 59.906555499480696], [10.913964244879766, 59.906523142264525], [10.913958867591424, 59.90651155648217], [10.91395519210291, 59.906489055455474], [10.91394065875382, 59.906455878159306], [10.913933462505398, 59.90643434620787], [10.91392616265113, 59.906409305641404], [10.913920615849078, 59.90637874450257], [10.913913195926796, 59.90634012327833], [10.913909476256888, 59.906326701777395], [10.913891381891782, 59.90628900800288], [10.91386624530842, 59.90627653970789], [10.913834192805984, 59.90626934090709], [10.9137930728307, 59.90626311985812], [10.913751951032285, 59.90625689792473], [10.913722953236956, 59.90623361040808], [10.913717582981976, 59.906210338189375], [10.91371751194976, 59.90619055573], [10.913713811929693, 59.9061653568967], [10.913726037006633, 59.90612419865657], [10.913736641317268, 59.90608020321976], [10.913745262293281, 59.90605233031491], [10.913757587013059, 59.90601908725367], [10.9137735493553, 59.90597957411217], [10.913782289484663, 59.90595799756898], [10.913794604282549, 59.905917561956585], [10.913806877636032, 59.90587892332067], [10.913815608538526, 59.905857435829134], [10.913824408534584, 59.90582956840121], [10.913833195762795, 59.905801790078485], [10.91384202226104, 59.90577662042136], [10.913840223935708, 59.905757773805334], [10.913829184052656, 59.905728210376125], [10.913820251195048, 59.9057164256249], [10.913811254995167, 59.90570661601045], [10.913787834473554, 59.905686019331476], [10.913746610822626, 59.90566900535476], [10.913709057615275, 59.905655611659334], [10.913676792748678, 59.905645799487296], [10.913655352953338, 59.90563236671628], [10.913622983758112, 59.90561176162121], [10.91359421883512, 59.90559387599542], [10.91357269741607, 59.90557675553799], [10.913551185664508, 59.905550822813225], [10.913536721132749, 59.905518547155985], [10.913525848126312, 59.90550508309931], [10.913511498781746, 59.9054835085768], [10.913502408300262, 59.905470100373336], [10.913489800055828, 59.90545037868146], [10.913475241092359, 59.905414502654665], [10.913469770864948, 59.9053920357561], [10.913458921543938, 59.905362388695075], [10.913451610684321, 59.905330154675525], [10.913444227885728, 59.90530142463374], [10.913442282984809, 59.905280865500394], [10.913438651219634, 59.90525656744916], [10.913433359036516, 59.90524138855722], [10.913433170128895, 59.905234190525576], [10.913425949779302, 59.90520996074135], [10.913424120058842, 59.90520010364343], [10.913418576798579, 59.90518842324606], [10.913418523808666, 59.90518302770112], [10.913405900148156, 59.905160518249794], [10.913396801772901, 59.90513991656562], [10.913389647666698, 59.905116588496824], [10.913382393909927, 59.90510134826219], [10.913373363547384, 59.90508164826815], [10.91335329219129, 59.90503238482407], [10.91334044752258, 59.90499422405457], [10.911889865197155, 59.90040829079901], [10.91142650280336, 59.89681870822279], [10.908981799190988, 59.88834882192293], [10.908981676651349, 59.88834836831658], [10.908945138261252, 59.88825714502588], [10.907627883874936, 59.884957727099554], [10.908592259490067, 59.88082676987477], [10.90934488327035, 59.87760206310954], [10.90988705517969, 59.87527852187543], [10.907158497801055, 59.869893466002885], [10.908831128611553, 59.865967422987616], [10.909348660966035, 59.86475267775502], [10.912340214203809, 59.86010618860721], [10.920006300308128, 59.853722288160995], [10.921554390161504, 59.85206135180997], [10.925606268182644, 59.846255150638655], [10.92647881857699, 59.84512463137204], [10.92651516246458, 59.84492984959523], [10.926376236033011, 59.844694123218964], [10.926370710035851, 59.8446224757205], [10.926370391031517, 59.84461778999422], [10.926363102600854, 59.84460434822273], [10.926303657680357, 59.84449587589739], [10.926228593845439, 59.844171950295525], [10.926241616392971, 59.84396188117957], [10.926354324758243, 59.843748966430574], [10.926397749975923, 59.843564922273025], [10.926406486078317, 59.84348769301583], [10.92638459703748, 59.84340960417343], [10.926399678795743, 59.84324985701362], [10.926438397567265, 59.84318164788748], [10.92655891683621, 59.843056724738595], [10.926739465153913, 59.84282667241324], [10.926861395323224, 59.84263615975926], [10.926919514243943, 59.84250867364556], [10.927141205516191, 59.84230443982843], [10.92733823682979, 59.84214987963503], [10.92738769709529, 59.84209315267397], [10.927411895206784, 59.84196398575987], [10.927480983883308, 59.8418811633715], [10.927666047326854, 59.84178934737215], [10.92772964239695, 59.84169592570188], [10.92777866042929, 59.84157561970553], [10.928022493973863, 59.84144147882904], [10.928219454478835, 59.841302019679325], [10.928231389964083, 59.84122488976834], [10.928230942849748, 59.84114674664777], [10.928386898092594, 59.84098758590413], [10.928530424055982, 59.84082048824063], [10.928752869702773, 59.84076183503171], [10.92896858212985, 59.84071295373007], [10.929096544207457, 59.84066872553269], [10.929215715280694, 59.84060579529232], [10.92925602531183, 59.840506976392064], [10.929210868324818, 59.84041459191919], [10.929051796094393, 59.8403187698479], [10.92902463803718, 59.84027935784561], [10.929047303273986, 59.840202110096115], [10.92903804865431, 59.84012585201236], [10.929043081403975, 59.840081773631155], [10.929107115996741, 59.83976845188246], [10.929177542354104, 59.83963370369258], [10.92923713684706, 59.839464815550485], [10.929391511270602, 59.839248333721784], [10.929467446993804, 59.839122567426124], [10.929602242714958, 59.83900923333841], [10.929686832893038, 59.83884480452524], [10.929680121898272, 59.838629359051616], [10.929683151784573, 59.838527138035175], [10.929757549857012, 59.83846506841167], [10.930045921903103, 59.83836673824969], [10.930182437435215, 59.8382202804911], [10.93028389739393, 59.83819402194928], [10.930464117947464, 59.837909200871], [10.930488133537017, 59.83777993884416], [10.930598127365974, 59.837676534148855], [10.930750418101937, 59.83750035550271], [10.930869271671297, 59.83741943190087], [10.93092209939417, 59.837311650601514], [10.930892831150786, 59.83718865011261], [10.931030870071917, 59.83700627600599], [10.93116734683364, 59.83687321254425], [10.931199304449727, 59.8368426449066], [10.931232144465739, 59.83683556933781], [10.932061064610652, 59.836656506959656], [10.932104900838928, 59.836648603280345], [10.933102369855348, 59.83659145084505], [10.933168587156448, 59.836416382506386], [10.933676364550479, 59.8363115265911], [10.934141418039236, 59.835994785559926], [10.935208031122569, 59.83488811302624], [10.93582200714656, 59.833649390188405], [10.936451922671866, 59.832153755197616], [10.936493366471037, 59.83209659719182], [10.936500683783253, 59.83208639371535], [10.936544203121379, 59.83193903274378], [10.936618285730466, 59.8317944159973], [10.936608836346513, 59.83170205899151], [10.936527592198829, 59.83166969767893], [10.936379254860215, 59.83161341458779], [10.935940417850794, 59.831563793479596], [10.935485547302706, 59.83153579114739], [10.934645931908726, 59.83153886309784], [10.93382738497853, 59.83151857581158], [10.933150747447733, 59.8313555862471], [10.933007929751328, 59.8313243742903], [10.932754765156528, 59.83106623890216], [10.932297972435437, 59.83071333104767], [10.931982262997947, 59.830405876168776], [10.9319105334502, 59.83033514670412], [10.93143375270029, 59.82991940110263], [10.930489028804228, 59.82923364871544], [10.93047853135098, 59.82922163567144], [10.930470164981864, 59.82920824945009], [10.93043249802534, 59.829175975434644], [10.930387762318821, 59.82914015570917], [10.93034657052314, 59.82911334594165], [10.930267721530951, 59.82906586133669], [10.930178346807, 59.829013914318836], [10.930078090988271, 59.828953089130316], [10.929972841659906, 59.82891998016201], [10.929799715162625, 59.828894299465304], [10.929662500083564, 59.82888456496492], [10.929549707456681, 59.82884888514607], [10.929445962867321, 59.82878884986646], [10.929394080883775, 59.82872970231313], [10.929304134092886, 59.82862837818737], [10.929236024205785, 59.82854418322265], [10.929162362282959, 59.82845720794895], [10.929102906172957, 59.82838550848034], [10.929038171439098, 59.828286853194626], [10.928952085364667, 59.82819634677493], [10.928907324954924, 59.82815782783584], [10.92882842930505, 59.828088852717364], [10.928742503449193, 59.82804231617506], [10.928649547819084, 59.82798755987515], [10.928585038880273, 59.82792945846362], [10.928434973800375, 59.827802805339516], [10.92795389618164, 59.8273950939411], [10.927619168817502, 59.827100613742694], [10.927396498991733, 59.82686678709886], [10.927364601959823, 59.82687937462813], [10.927312966432934, 59.826895666214675], [10.92720256660158, 59.82691642921192], [10.927165095772613, 59.82692641629511], [10.927081491474718, 59.82694711190127], [10.926938938145584, 59.82697964582251], [10.926800200586243, 59.8270131063454], [10.926647199826817, 59.827053677332216], [10.926501351967524, 59.82709707783909], [10.926325029050933, 59.8271458257925], [10.926170399718126, 59.82719093171684], [10.92595502850362, 59.82725231537569], [10.925796612460534, 59.82728750265093], [10.925700524385807, 59.82732264438814], [10.925672072828604, 59.82732895474584], [10.925584791392165, 59.827357806759906], [10.925535120726133, 59.827385756268164], [10.925476507307552, 59.827429882070476], [10.925408974975197, 59.82747391020356], [10.925350415840821, 59.827523432439854], [10.925265274302333, 59.82756835317107], [10.925165629341949, 59.8276106674781], [10.925092728625891, 59.8276547991296], [10.924957461860721, 59.82766130398064], [10.924857615156961, 59.827665849868126], [10.92468306948817, 59.82768686996172], [10.924565464962521, 59.827702283105886], [10.924487002295043, 59.827696972576504], [10.924444320964163, 59.827704280289446], [10.924351692591213, 59.82771696211299], [10.924217878933298, 59.827714520430526], [10.924150232277476, 59.82770109348375], [10.92409484964712, 59.82769398116839], [10.924037637153113, 59.827677012686664], [10.923934337205386, 59.82767183055446], [10.923850545964305, 59.82767651458415], [10.923748960319513, 59.82769817780317], [10.92360844033098, 59.82771989273533], [10.92342682181983, 59.82774617560214], [10.923366051451389, 59.82774806714746], [10.923234237416619, 59.82777157926864], [10.92315052988927, 59.82776098144516], [10.923041629073127, 59.82773152936322], [10.922964525851409, 59.82770198528127], [10.922889791441104, 59.827677908914076], [10.922841468840168, 59.82765105555961], [10.922835972501876, 59.82764926671989], [10.922810967292095, 59.82764930066678], [10.922719946977073, 59.82762696666169], [10.922630773115072, 59.82760558914552], [10.922585990596085, 59.82758774591618], [10.922481100463848, 59.82760139418834], [10.922402287758926, 59.827617920081025], [10.92227644677672, 59.82764809036005], [10.922146865833554, 59.82770295905622], [10.921996885486076, 59.82773336939094], [10.921906826399491, 59.827733810810436], [10.921770405180245, 59.827708898532336], [10.921684130537038, 59.827698849246396], [10.92157526896344, 59.82770553984668], [10.921473203354811, 59.827719455042335], [10.921338380445606, 59.82771212369456], [10.921037397106918, 59.82772876584227], [10.920883877797063, 59.82771806656766], [10.920831633327127, 59.827718872309134], [10.920775642069032, 59.8277327781701], [10.919772424796081, 59.82787524698788], [10.919615205444956, 59.82790057398587], [10.919264011817395, 59.82789848052444], [10.919077107621177, 59.82788332596349], [10.918887411297566, 59.82786035261292], [10.918831803687917, 59.82785799643663], [10.918760771908456, 59.82786055553733], [10.918694218545724, 59.82786882831278], [10.91860438846836, 59.82788051407011], [10.91848662834777, 59.82789861412054], [10.918355589183502, 59.827914324429734], [10.918232483322953, 59.827920660328125], [10.918097473054646, 59.827914848141994], [10.918009748407142, 59.82790789751155], [10.917877555725832, 59.827905319763396], [10.91758928401464, 59.82788962219184], [10.917319810129554, 59.827844388588154], [10.917039082313181, 59.82775987489954], [10.916577936796577, 59.82754028658566], [10.916043406350777, 59.82729881540546], [10.915744840910142, 59.827126802986754], [10.915582398928587, 59.827072394497385], [10.914959211030892, 59.826805507101795], [10.914863357446727, 59.82678769223299], [10.91478109367715, 59.82678720338992], [10.914437060416963, 59.826799613832556], [10.914219289050983, 59.82681343278002], [10.91407673206427, 59.82682113819004], [10.914009694208843, 59.82684647512499], [10.913969968187475, 59.82688354134169], [10.913904480013857, 59.82694282282745], [10.913731330750487, 59.827015029577105], [10.913567184843963, 59.827056048181795], [10.913420917911154, 59.82710418619424], [10.913317377270447, 59.82710680998517], [10.913268793621604, 59.82709379103059], [10.912990349671592, 59.827016981702805], [10.912920931243558, 59.82701221545615], [10.912749584099371, 59.82700131142227], [10.912681085726842, 59.82698614402187], [10.91256026890066, 59.82695055931468], [10.912389165380294, 59.82691439845393], [10.912199303693725, 59.82686227953651], [10.911949827458324, 59.826840493711806], [10.911649493505376, 59.826793658122455], [10.911583422112598, 59.82676454092758], [10.91149735471477, 59.82668301334813], [10.911422098310343, 59.82662834465275], [10.911352383927131, 59.82656198172683], [10.911248565301143, 59.82649122972368], [10.911087752416243, 59.82642508860958], [10.911025137991757, 59.8264027310684], [10.910923353361868, 59.826386706967895], [10.910853794951791, 59.826359818185665], [10.91085197968145, 59.82635715444601], [10.910807211686874, 59.82632761972973], [10.910803618916578, 59.82629433172345], [10.910819320711452, 59.82626389195528], [10.910856518901008, 59.826238706150676], [10.910899212504047, 59.826215309678894], [10.910929557254061, 59.826200879588676], [10.911013126850577, 59.82617470953713], [10.911056051259466, 59.82615671501105], [10.911050346487594, 59.82614062312777], [10.91101816005533, 59.8261235281235], [10.91097181056448, 59.82610833010179], [10.910944917307884, 59.82609319801529], [10.910880634621364, 59.82606988919624], [10.910825379597053, 59.82604578278961], [10.910725369828857, 59.82603421926745], [10.91060943429261, 59.8260200019016], [10.910532768305018, 59.82602193241702], [10.910425802957661, 59.826029212335854], [10.910322479018628, 59.82603300998645], [10.910195839527022, 59.82604489207323], [10.910048185502172, 59.82606214490739], [10.909991219504349, 59.8260810506962], [10.909914661461643, 59.8261053704331], [10.909871967301116, 59.826128766588496], [10.909836520669156, 59.826151309341576], [10.909731515677247, 59.82617024847322], [10.909713564787374, 59.82617391585609], [10.909690375738345, 59.82617661016316], [10.909642413285212, 59.82618473790486], [10.909516503375183, 59.82624303473619], [10.909191481623628, 59.82611666625677], [10.90886775075859, 59.82600741855578], [10.908745692198467, 59.825960192530026], [10.908595790474509, 59.82592594590013], [10.908378179138548, 59.82591521416234], [10.90831458666593, 59.825934272806414], [10.9080567388581, 59.82594872116657], [10.907900622040046, 59.82598252051366], [10.907466329914872, 59.826029055003865], [10.90704632920451, 59.82614238636], [10.906834668596904, 59.826214013931256], [10.906803454855128, 59.82620063402904], [10.906572431285342, 59.82609993362916], [10.904665110288388, 59.825832457540066], [10.9042102892028, 59.82590504404115], [10.904163491153394, 59.82591239664579], [10.903506629883466, 59.825719836054766], [10.90331408002704, 59.82570861935832], [10.903114224673752, 59.82566678437611], [10.903044835685401, 59.82567343218548], [10.902982860340646, 59.82567932244925], [10.902805776609757, 59.825658516759376], [10.902167379993733, 59.825652726295324], [10.90141787937587, 59.82554124079376], [10.901056680836572, 59.82548133424493], [10.90091899868315, 59.8254291181668], [10.89952498908812, 59.82490029696572], [10.898083953842926, 59.82437233015112], [10.897715375344607, 59.82434203391054], [10.897535780864903, 59.824086479420636], [10.897514627046347, 59.82403205302998], [10.897481659674922, 59.823947408399405], [10.897394156810503, 59.82392426718385], [10.897329828101856, 59.82390724348119], [10.897053456767233, 59.823885128600025], [10.896803745060577, 59.82384954933538], [10.896482548369457, 59.823778200941184], [10.896488185374581, 59.82374403144681], [10.896499429539022, 59.82367883925931], [10.89677936800908, 59.822043860075425], [10.896495240042405, 59.82185435898264], [10.89603360545673, 59.82176801394551], [10.89561418951441, 59.82173756174423], [10.895611364896563, 59.8217372934599], [10.895558092470795, 59.821733471175946], [10.894899792925605, 59.821685484275534], [10.894696964771173, 59.82162457235654], [10.894636634955683, 59.82162295759272], [10.89460299620506, 59.82162208660025], [10.89398651392266, 59.821605700429785], [10.89394699428267, 59.82160473518287], [10.893895544121433, 59.821600610253675], [10.893818092551735, 59.82159450359516], [10.893811376604736, 59.82159393380099], [10.893779560099066, 59.821591320821], [10.893471240799228, 59.821530167579], [10.892640055716358, 59.82137399900799], [10.892601643488817, 59.821366954627486], [10.892513532264088, 59.82135026443783], [10.892385057278009, 59.821290233994226], [10.89235383066302, 59.821275591672595], [10.891816157749645, 59.82102411860624], [10.89211132956112, 59.819488791013676], [10.891990674475526, 59.819345119420895], [10.891950384785302, 59.81929683708285], [10.891917105111244, 59.819256865510305], [10.891909473677934, 59.819247816372325], [10.891678480588252, 59.81897239341922], [10.891667287967076, 59.818958917079826], [10.891634743359802, 59.81892022737153], [10.891802737688257, 59.81823245730766], [10.891805041840282, 59.818223897628165], [10.89179353591602, 59.8182202116198], [10.891580613539254, 59.81815304423263], [10.89061234574624, 59.81784826950967], [10.890414383050192, 59.81778579392725], [10.890424363605547, 59.81770051261177], [10.890394404076032, 59.81767853676856], [10.890357525143324, 59.81765184871933], [10.890225283239728, 59.81769923052633], [10.889862383400425, 59.817794331421304], [10.889561872631004, 59.81786414125594], [10.88935844488786, 59.81790821614031], [10.889161521009806, 59.817971914438324], [10.888646596356077, 59.81811548220393], [10.888385768911096, 59.81822537181872], [10.888160553438485, 59.8183360153772], [10.88789796849948, 59.81844998544802], [10.887529217316398, 59.818608283266684], [10.887312575121326, 59.81868269051131], [10.887170363167812, 59.81874567185796], [10.887045763519435, 59.81878169090559], [10.886903260648312, 59.818826770671585], [10.886761012666337, 59.81885387560204], [10.886600546869982, 59.81888104041336], [10.886458159036845, 59.818899149830315], [10.886261917093998, 59.818899389225194], [10.886114359446609, 59.81889719690779], [10.885913702096751, 59.81887535955584], [10.885712843875961, 59.81883778127757], [10.885593818273298, 59.81879683115146], [10.885424062096682, 59.8187401773018], [10.88521091284006, 59.81866481054634], [10.885104024980572, 59.8186238809754], [10.884834350474733, 59.81854215773398], [10.884633311204066, 59.818488748011404], [10.884423784763605, 59.81842599171396], [10.88417413805455, 59.818390299113396], [10.882764726246682, 59.81814078672542], [10.882443697282074, 59.818096200826126], [10.882256423911514, 59.81808457739304], [10.881962056271702, 59.81809441200197], [10.881755403835312, 59.818116795710075], [10.881642875096716, 59.81813889374885], [10.881404898350047, 59.818202372504665], [10.881286063730919, 59.81826248380617], [10.88115496166446, 59.81833515734151], [10.881048824422761, 59.81842686484808], [10.880936458140265, 59.81853429162381], [10.88085998818986, 59.81860984571883], [10.88071793383103, 59.818701776278616], [10.880555560699143, 59.8187934285468], [10.880362113213835, 59.818870709969694], [10.88011299269179, 59.81896072092683], [10.879810609728484, 59.819059850958446], [10.879525772777162, 59.819149909400565], [10.879187535300225, 59.819240091318015], [10.878991770726522, 59.81929419094409], [10.878724673995858, 59.81936637267067], [10.878493203360783, 59.81942043080017], [10.878226185778075, 59.81947463220111], [10.878030281197892, 59.81951973609933], [10.877745379898544, 59.81958281529524], [10.877478278125187, 59.819654994512895], [10.877122178329746, 59.819745150157004], [10.876766118504936, 59.81982631517058], [10.876525311609315, 59.819899497850855], [10.876350167519531, 59.81994704796946], [10.876214336386886, 59.819988549318815], [10.876062338139233, 59.82004527721218], [10.87596219621314, 59.82007684021591], [10.875818334196113, 59.82013705983673], [10.875680804608066, 59.82019082535275], [10.87554944705266, 59.82025098766224], [10.875430658266835, 59.820304801921345], [10.875393104921681, 59.8203269098964], [10.87534322439258, 59.82038369568705], [10.875305745890657, 59.820431160232594], [10.875254170254356, 59.82051028115317], [10.875236707292695, 59.82058211119052], [10.875206697493367, 59.82066154896233], [10.87518823431971, 59.82073424652441], [10.875140536338948, 59.82084549691881], [10.875095108406482, 59.82092687801336], [10.875032634307201, 59.821024806827374], [10.874964451413478, 59.82110682291491], [10.874883366603749, 59.82120794404907], [10.874808575238367, 59.82130584616393], [10.87475892738649, 59.821406874946646], [10.874721596429346, 59.82147331591982], [10.874690554783223, 59.8215711532658], [10.874691237520713, 59.8216247608956], [10.874672344348593, 59.821672089766196], [10.874672615776353, 59.82172901218133], [10.874671937984356, 59.82180370620291], [10.87468605380099, 59.82190889491555], [10.874709209214313, 59.82213574737575], [10.874728030521391, 59.82236012509646], [10.874719720336502, 59.82245462961958], [10.874720191441247, 59.822577732189686], [10.874730289668625, 59.82285380456201], [10.8746973304239, 59.82304787594005], [10.874572582093297, 59.82317423913112], [10.874316305609307, 59.823325964343034], [10.873806016534095, 59.823474117490925], [10.873320852615134, 59.823560660788466], [10.873026502435698, 59.82361462328782], [10.87277289377733, 59.823672652483936], [10.872438156620301, 59.823788822091416], [10.871480441879333, 59.82408331203027], [10.87147476563391, 59.824212694905746], [10.871457099973691, 59.824493560515585], [10.871403841100534, 59.82519417914516], [10.871368310447801, 59.82565808073651], [10.871251696102842, 59.826238746390366], [10.871287340894167, 59.826420856180015], [10.871216960437755, 59.82687629019707], [10.872283548703777, 59.827096002083316], [10.874711446849323, 59.82758861764792], [10.87423784997968, 59.828217148526974], [10.873950961501727, 59.828555105778534], [10.873721272903373, 59.82902235212801], [10.873251347970127, 59.82905443943312], [10.871013631063366, 59.82908853653413], [10.870912756418054, 59.830394916176296], [10.870849336452876, 59.831587835833], [10.870057321459349, 59.83257642224872], [10.869734205303287, 59.83320148711317], [10.869711033926363, 59.83364320900891], [10.869880227005632, 59.833624160055614], [10.870024400268782, 59.83362392590654], [10.870300341748942, 59.833645723406875], [10.870513461201796, 59.8336454969059], [10.870500085154987, 59.83387147207815], [10.87041226721798, 59.83414896439804], [10.87029651046345, 59.83419801480919], [10.870144931979576, 59.83422193273301], [10.870020226381921, 59.834222149954066], [10.869823981098602, 59.83420438504281], [10.869502773462766, 59.83416875615218], [10.869217184808942, 59.83411527394461], [10.868966756974146, 59.8340605597947], [10.868697149146566, 59.83399777875755], [10.868339320632206, 59.833916130248966], [10.867950302616299, 59.83382819516029], [10.867486113234174, 59.8337530002305], [10.867147120565315, 59.83372256072701], [10.866897414564939, 59.83371389856464], [10.86668963181355, 59.83371284892484], [10.866470262053268, 59.8337130527826], [10.866269808985606, 59.83374792651859], [10.865969340842412, 59.83379565908965], [10.865856347324025, 59.83382096686885], [10.865605842189646, 59.83389067929013], [10.86547444372999, 59.833947684988686], [10.865192854396025, 59.8340835834057], [10.865011446513577, 59.83417219220782], [10.864836143636415, 59.834226018281804], [10.864704888596119, 59.83427035046609], [10.864456305762484, 59.8341562541251], [10.864313464879306, 59.83410257761194], [10.864170501570575, 59.83407578084452], [10.86399234276695, 59.834085010079036], [10.863826292202953, 59.83411035347237], [10.863644616417645, 59.83414212885667], [10.86343157157769, 59.834151787550944], [10.86331492802877, 59.834157557200605], [10.863143129537654, 59.83414576574798], [10.86292250354579, 59.83411292648445], [10.862804090920326, 59.83401362332967], [10.862809891421529, 59.83390941926194], [10.862804825574514, 59.83384955874571], [10.861919505462307, 59.833847311533006], [10.860803383853192, 59.83384525184677], [10.85982974723253, 59.83336664650263], [10.858563687010049, 59.833418466101186], [10.85822513866958, 59.83340608864262], [10.85838345102759, 59.83380345121671], [10.857192519917636, 59.833826965468056], [10.85718641718275, 59.833861659455415], [10.85655951966442, 59.833833894422185], [10.856595387281596, 59.83347097366146], [10.856438283272087, 59.83338276262687], [10.855635789102976, 59.83333938699453], [10.85451194701487, 59.8329302703395], [10.853947951468784, 59.83296552666473], [10.853578318102274, 59.83301635360809], [10.853214959737612, 59.833079874960106], [10.853355598162368, 59.83378652203947], [10.853859510522101, 59.83437308967292], [10.85481480693832, 59.83506317307325], [10.850173680607718, 59.83453440767806], [10.849389299083352, 59.83434267230445], [10.848535256070196, 59.8339332119658], [10.848076892845782, 59.83371274456298], [10.84706301654276, 59.83418700474027], [10.846420403990903, 59.8350112402056], [10.84627700131545, 59.83520712221688], [10.845958720197311, 59.83562063827882], [10.84627967756718, 59.835951768021424], [10.846587983759074, 59.836266942320556], [10.84672915695496, 59.83644268615579], [10.847115560335839, 59.83686651293456], [10.84738451196737, 59.83722521746083], [10.847617455648976, 59.837566149884786], [10.847814908091074, 59.83789804870742], [10.847884804406036, 59.838072438788004], [10.847936943029188, 59.838200141977076], [10.84796004945648, 59.838526262741745], [10.847934889902387, 59.839374056450445], [10.847969180366103, 59.84015341663233], [10.847477121280228, 59.842554255163385], [10.848529561253452, 59.84246908416447], [10.84852496162731, 59.84293288407747], [10.848112254649381, 59.843207746557084], [10.848330882346621, 59.844725350557724], [10.848348553150501, 59.84609499582811], [10.848368556588841, 59.84639161692931], [10.848255779571353, 59.84640756672758], [10.84737819172098, 59.846512467508795], [10.846854101799401, 59.8465797089734], [10.846859431715624, 59.84700525035599], [10.84702983271014, 59.84729223744342], [10.846924468005572, 59.84761106273369], [10.84675704884252, 59.848134995150694], [10.846577255054859, 59.84867786737298], [10.846515361244252, 59.84891462848357], [10.846298598490057, 59.84960900239861]]]}, "properties": {"FID": 2, "kommunenum": "0301", "BYDEL": "17", "BYDELSNAVN": "Marka Øst"}}, {"type": "Feature", "id": 3, "geometry": {"type": "Polygon", "coordinates": [[[10.771561089782796, 59.930947626328624], [10.771353010192918, 59.93092017276193], [10.77115619534869, 59.93088445009943], [10.770982184888418, 59.93083147550935], [10.77083746197489, 59.93077782358903], [10.770699084308138, 59.93074325730645], [10.770529093187848, 59.93065174695949], [10.770403341937909, 59.93059825389918], [10.770334187635862, 59.930560336460424], [10.770189268648586, 59.930468912124056], [10.769981647535467, 59.93035218593312], [10.769591526720141, 59.93011567230393], [10.769232766959965, 59.92991703028064], [10.768830030475273, 59.92969944067951], [10.768614492953414, 59.92959288684582], [10.766818975451532, 59.930378404709955], [10.766536367631948, 59.9305110257435], [10.765631587622966, 59.93091847468452], [10.765016000953358, 59.93117112299318], [10.764758366883118, 59.93125958608916], [10.764312206702938, 59.93141436651963], [10.763998000891533, 59.93149965915063], [10.763627083428958, 59.931591309426466], [10.763268754093314, 59.93167976716036], [10.762263385939523, 59.931923187437384], [10.76188537022089, 59.93145622449526], [10.761016891672426, 59.930430917180786], [10.76106580676646, 59.92937390748362], [10.761083675861133, 59.92849671981011], [10.759690285220334, 59.928393227494524], [10.759314820528012, 59.92836647807208], [10.759128634038456, 59.928345914679646], [10.756965629263512, 59.92829591858727], [10.75584651016117, 59.92827090878096], [10.755714486459881, 59.92827087938027], [10.755167500717976, 59.92826160741948], [10.754947292765037, 59.92826475834972], [10.751571606448632, 59.928170622917975], [10.751188173240882, 59.92816139735319], [10.750051541199284, 59.9281528570666], [10.749854995873536, 59.92815307633929], [10.749729799877661, 59.928171064122765], [10.749640415640464, 59.92840448066592], [10.7494620370808, 59.928889219135556], [10.74935301077064, 59.92919060801001], [10.749122587174853, 59.92982274815544], [10.749033242984817, 59.93019976339011], [10.748962032403872, 59.930486996661934], [10.748920034514942, 59.93068327809933], [10.748907603673047, 59.93074950504291], [10.748908723314711, 59.9310524718683], [10.74890887275422, 59.931205065435876], [10.74890170531899, 59.93132388433696], [10.748945092752184, 59.93162695699766], [10.74899884958962, 59.93186031829822], [10.749070626887855, 59.93216556600899], [10.749160278490901, 59.9324347945509], [10.74922333452763, 59.932595623164964], [10.749303484001514, 59.93274891142646], [10.749464814601948, 59.93297333707909], [10.749554412586981, 59.933206686134525], [10.749608309037885, 59.933529878583535], [10.749620555690024, 59.93396834976115], [10.749658469058204, 59.93423033196313], [10.749671125078006, 59.93440697801207], [10.749734361656074, 59.93476356159587], [10.749753395822193, 59.934981325346875], [10.749778596272266, 59.93524325701804], [10.749823036785289, 59.93580802093238], [10.749842568021592, 59.93633925079637], [10.749854845295681, 59.93645177347473], [10.74989687043195, 59.93691377413266], [10.749937413036914, 59.93733841100646], [10.749937549337305, 59.93746456870419], [10.75002309965021, 59.93812525205244], [10.75003900095633, 59.93842060295445], [10.750096569736463, 59.939253472275006], [10.750185734313385, 59.94003700757338], [10.750189764898389, 59.94037045976736], [10.750191912992564, 59.94057877620297], [10.750115249626079, 59.94072808225922], [10.750072909975524, 59.9408123168457], [10.74899294849696, 59.942358469892575], [10.748459088635165, 59.94315057891535], [10.748277145649839, 59.9435197496289], [10.748233345064019, 59.9437690239367], [10.748240278082616, 59.943941348401204], [10.748290429110169, 59.94414141398706], [10.748366292371578, 59.944346445873926], [10.748403933781635, 59.94445682079988], [10.748925667054362, 59.944456846932816], [10.749045332062215, 59.944302186283736], [10.749083080289322, 59.944257996512626], [10.749108185589574, 59.94423273028439], [10.749170920193642, 59.94416560920294], [10.749302885062553, 59.94402123597376], [10.749516901659469, 59.944068605526304], [10.749818833000607, 59.94413481734033], [10.750171039673766, 59.944207325613135], [10.750476893591056, 59.944282115047095], [10.750737044654484, 59.94434292993491], [10.750988619405325, 59.94439654458693], [10.75152353599186, 59.94456360167386], [10.754926827746162, 59.94529493103668], [10.755159371861712, 59.94535170011979], [10.755379610803386, 59.94540519535488], [10.755732128283842, 59.94555664516255], [10.757846346024536, 59.94644902088831], [10.760205528248948, 59.94590923766104], [10.760157802444308, 59.94567140179464], [10.76017323112663, 59.94533498169198], [10.760342966647569, 59.945334961121254], [10.760543981964386, 59.94535383925787], [10.760651168613688, 59.94539163780596], [10.760809522531357, 59.94550724125627], [10.761051285383202, 59.94565879834829], [10.761333439868423, 59.94580005644521], [10.761463144798595, 59.94585521210474], [10.761689521629556, 59.94590565736464], [10.761922362447415, 59.945930772634156], [10.762249559978148, 59.94593707452419], [10.762683385880562, 59.945895823850684], [10.76318681899727, 59.9457895532782], [10.763609824407862, 59.945698317756545], [10.764016185175842, 59.94557039863686], [10.764085677764472, 59.94564933241833], [10.764425207584726, 59.9456081900587], [10.764613996278156, 59.94559232092666], [10.764808830948844, 59.94560488048007], [10.765029362659197, 59.94562815657505], [10.764939519847944, 59.945970814917615], [10.764960295272475, 59.946273960266446], [10.76516225344341, 59.9467386656278], [10.765187615432403, 59.94679828556868], [10.76526161460857, 59.946971056017816], [10.765552780954096, 59.946942382153715], [10.765634758498322, 59.94711585754959], [10.766150544354518, 59.94719780733687], [10.767530826571091, 59.947436925379144], [10.768459472350312, 59.94761674173535], [10.769327531513728, 59.94777419478647], [10.77016432335787, 59.94793792128295], [10.771277844093339, 59.94813003855393], [10.771925827590351, 59.948183389270135], [10.772196451636017, 59.94818650079036], [10.77261780099942, 59.94816729552561], [10.772863104449835, 59.948148283249914], [10.77356101393789, 59.948078604803484], [10.77467416564517, 59.94786039762617], [10.775371889278619, 59.947661315794434], [10.775711449000376, 59.94754119950613], [10.775969259429038, 59.94743383642008], [10.776225492486313, 59.9473078996853], [10.776636765617221, 59.94711023645671], [10.777075383421097, 59.94683998787324], [10.777515642694839, 59.946902926167716], [10.777691235381713, 59.94651787306754], [10.777747798664613, 59.946524092096645], [10.778067665312278, 59.94590547839956], [10.778212415842354, 59.94592432470508], [10.778548212286118, 59.94526917645361], [10.780795241192088, 59.94064599155906], [10.781020784567385, 59.93997202056949], [10.781326965829956, 59.93899375238254], [10.782344281710337, 59.936839603951206], [10.782360413127192, 59.936800108891944], [10.782493555386058, 59.936578865963305], [10.782415295214477, 59.93653625734962], [10.781287471580399, 59.93598734658431], [10.780821897625282, 59.93572732151637], [10.780410214931862, 59.93547612545936], [10.780087971822823, 59.93526978443364], [10.779944548295044, 59.935135260583024], [10.779908738648581, 59.935108308072174], [10.779772883815141, 59.93498050065566], [10.779697137567744, 59.934898497791735], [10.779577468968515, 59.934778671870866], [10.779501818531113, 59.93469028894091], [10.77936331466274, 59.934519956196354], [10.77923736182726, 59.93436225353102], [10.779111220755375, 59.93416660103209], [10.778953648203391, 59.93392372461884], [10.77885907199131, 59.93377853711965], [10.778777014448512, 59.933595536510076], [10.778694904945631, 59.93340309339629], [10.77861280807531, 59.93315706099883], [10.778291892352954, 59.93304049233396], [10.777121313529145, 59.93243199539911], [10.776013906679799, 59.93184547490852], [10.775818715584286, 59.93176035694519], [10.775661412750836, 59.931694257918515], [10.77537206083384, 59.93157761569199], [10.774859076327685, 59.931430419042044], [10.774590771779872, 59.93134969718985], [10.774378310565115, 59.93130034934639], [10.774220991225125, 59.931249893738716], [10.774069987323648, 59.93122157950184], [10.773617177774208, 59.93114914068255], [10.773227287747305, 59.93108627281482], [10.772755585947596, 59.931045414362266], [10.772340504140352, 59.93101716132792], [10.771862808051633, 59.93098258108662], [10.771636340893005, 59.93095741562017], [10.771561089782796, 59.930947626328624]]]}, "properties": {"FID": 3, "kommunenum": "0301", "BYDEL": "03", "BYDELSNAVN": "Sagene"}}, {"type": "Feature", "id": 4, "geometry": {"type": "Polygon", "coordinates": [[[10.896825632998105, 59.961098584180824], [10.89707702397367, 59.961223889795384], [10.89707738132807, 59.96122371759648], [10.898237640521764, 59.9606658184174], [10.897590102742205, 59.96033533170806], [10.897465870949087, 59.96027192594988], [10.897237676119241, 59.96015388884496], [10.89724192462691, 59.960151725121136], [10.897197499677652, 59.96012972985218], [10.89719420467237, 59.960131402932], [10.896981266870544, 59.960021255658525], [10.89654326867263, 59.95978017271247], [10.896560411244216, 59.95976991791314], [10.896544993198846, 59.95976340320841], [10.896529580289588, 59.959756978245764], [10.8965159891313, 59.95976515750193], [10.896460686716814, 59.959734718300226], [10.89601262245004, 59.95949384750078], [10.896584510796334, 59.95946526280302], [10.89679938340049, 59.95945595044748], [10.89638644509694, 59.95922308526447], [10.896055418923831, 59.95855329740225], [10.895840970764484, 59.95848107407272], [10.895620164626092, 59.958383478433646], [10.89537410301204, 59.95824805387033], [10.895247787577789, 59.95815043395582], [10.895091270748923, 59.95805780687938], [10.895007728484726, 59.95798975110244], [10.894906473400107, 59.957879425489104], [10.894824040105771, 59.957769146546745], [10.89472263894799, 59.95759489156753], [10.893406070111341, 59.95735111964933], [10.893506381223263, 59.9572722491282], [10.893583016151425, 59.95718913494478], [10.893672119286368, 59.95710811683555], [10.893743415457807, 59.95703625429216], [10.89379667033894, 59.95699134179343], [10.893812778191908, 59.95696262310637], [10.893850216475627, 59.95691946541786], [10.893885761800727, 59.956865548686146], [10.893903511674319, 59.956820698513155], [10.893938915912173, 59.95675778675314], [10.893956306833982, 59.95671292555684], [10.893974056483085, 59.956668074476774], [10.89397389013818, 59.95662311503236], [10.893991497018218, 59.9565692689611], [10.894008723176693, 59.956479448286686], [10.893998777719055, 59.95641647168599], [10.894008256729627, 59.95637181298011], [10.893998215108056, 59.95633131104211], [10.893971900049666, 59.9562731294823], [10.893953836220273, 59.95621925029297], [10.893883488707594, 59.95605054784501], [10.893794309193751, 59.95582983011858], [10.893754336553666, 59.955761782290686], [10.893699729663116, 59.9556093039162], [10.893627413105047, 59.95544782130789], [10.893522262029826, 59.95518821525805], [10.893482241155597, 59.95508006624623], [10.893445835263773, 59.9550179732499], [10.89339512238277, 59.95491075009817], [10.893355649458677, 59.95481988129521], [10.89331952825006, 59.954748267099184], [10.893299636949946, 59.95471204346903], [10.893267891224873, 59.95464272328313], [10.893203991212763, 59.9544755689433], [10.893405450525414, 59.95451637407079], [10.893707736384163, 59.954569581536774], [10.894003642449986, 59.95459759442965], [10.894205185475471, 59.95461313591859], [10.894299505813402, 59.95461292860814], [10.894463109387049, 59.95462216226667], [10.894721261675521, 59.95462499189971], [10.894916195577979, 59.9546215355698], [10.895350211733783, 59.954608445134824], [10.895847142634882, 59.95459830235297], [10.896149330108257, 59.95459153256588], [10.896293976435375, 59.95459459918415], [10.896243356756468, 59.95453143490619], [10.89618635810857, 59.954458991608156], [10.896135550258032, 59.95439591173041], [10.896059893036373, 59.95434239709193], [10.895984151407662, 59.95427943928746], [10.895895803821718, 59.95422274236557], [10.895700145605222, 59.954122063295344], [10.895384889025355, 59.95400570098931], [10.895000619027396, 59.95390525789737], [10.895074939348671, 59.95366850766674], [10.894684427137463, 59.95361848812094], [10.89436960562831, 59.95356525188912], [10.893998099619385, 59.9534964019682], [10.893746182068917, 59.95344620325767], [10.893374532922884, 59.9533582871568], [10.89313518093735, 59.95330506242869], [10.892656451650053, 59.95316993057102], [10.892461093633456, 59.95311034399846], [10.892234101833907, 59.953025406265624], [10.892000913238585, 59.95294998428834], [10.891673052872534, 59.95282413778469], [10.891338839552613, 59.95268883215509], [10.891086765065117, 59.95258503830836], [10.890878501873066, 59.95247487758817], [10.890556935354077, 59.95231425060078], [10.890380279035496, 59.95221667319172], [10.890197234838968, 59.952112783084566], [10.890064841100147, 59.952034118066756], [10.88995122358546, 59.95196161396991], [10.889862756245556, 59.95190167154731], [10.889566048089018, 59.951693895618995], [10.889111052245712, 59.9513315723863], [10.8887760917905, 59.951013181564846], [10.88840306066348, 59.95063183477913], [10.8883081849441, 59.95051522825146], [10.887941391231973, 59.950155922010346], [10.887789647717701, 59.949992046940935], [10.887387865645834, 59.94962157713333], [10.886867017565352, 59.94921834811341], [10.886160509963048, 59.94879187573804], [10.885617999080097, 59.948508532165896], [10.884839715657376, 59.9481797001935], [10.883941360352235, 59.94788262444901], [10.883147543515753, 59.94766900964585], [10.88156051432059, 59.94732368975406], [10.880578290947119, 59.94709760385642], [10.879835045903862, 59.946902811608346], [10.879070513580423, 59.94665151616578], [10.878354399443161, 59.946405865335606], [10.877705389883424, 59.946166897139726], [10.876388366625543, 59.94564456815111], [10.875001973610894, 59.94512122212416], [10.873496502999902, 59.94454845534063], [10.87236747469341, 59.944163871379295], [10.87150760197689, 59.943877532953756], [10.870128278503472, 59.943484183640145], [10.870044667260071, 59.94344901467686], [10.860208399623405, 59.94060385461745], [10.859100418819404, 59.94033993241994], [10.858143640396946, 59.94014531044683], [10.858169664544194, 59.940378818195626], [10.85821918545505, 59.94063365335375], [10.858266135331599, 59.94088040616057], [10.858342881593002, 59.941192741119266], [10.858457664483574, 59.94159654318286], [10.858527925356078, 59.94180159055448], [10.858559650106749, 59.94191200907554], [10.858649090358666, 59.94218014749494], [10.858745774928936, 59.94244626617537], [10.859033389699016, 59.94276918680478], [10.859410155352013, 59.943046987075626], [10.859948226090058, 59.94336060497454], [10.860665393142934, 59.943736942875205], [10.86129293319331, 59.9440503998839], [10.861777005165845, 59.944346039443175], [10.86210024877569, 59.944615046534956], [10.862351863584745, 59.94483909498328], [10.862567614565716, 59.94509923939709], [10.862731812549553, 59.94534742486169], [10.862891452062485, 59.94557469685298], [10.862985431107084, 59.945795321778476], [10.863030134356933, 59.94593401904748], [10.863100257863287, 59.94617061707438], [10.863164457594701, 59.9465078192471], [10.862914183670688, 59.946552916007676], [10.862753666991418, 59.94664282001777], [10.86259398214312, 59.94680216037572], [10.862443356717684, 59.9469032538322], [10.86224270569529, 59.94702030877706], [10.862035913975118, 59.9472382283256], [10.861936718527389, 59.947547551656136], [10.861905935940662, 59.94776542585059], [10.861938154756114, 59.94792944570666], [10.862090127912468, 59.948188036463684], [10.862115597911208, 59.948298437408404], [10.862084898791263, 59.94849410679725], [10.86205433419529, 59.948724576546695], [10.862092629342076, 59.94882557943705], [10.862143489158445, 59.948973821118656], [10.862219591050124, 59.94912519313837], [10.862170214038596, 59.949355610516804], [10.86220858804848, 59.949544998431065], [10.86224691535064, 59.94970894005395], [10.86194606005395, 59.949999610406124], [10.861783440610573, 59.95011767964285], [10.861605149709233, 59.95024352701827], [10.861444686494636, 59.95038737786789], [10.861266130740042, 59.950495235468914], [10.861111922958477, 59.95060331785563], [10.860944678071645, 59.950675116503014], [10.860835606397819, 59.950751889341554], [10.860798110196747, 59.95083396840997], [10.860717053310431, 59.95101079269918], [10.86046298957803, 59.95098977247716], [10.86003114979492, 59.95094833004], [10.859388651927834, 59.95087419019967], [10.858762057431374, 59.95077609266486], [10.858511296378108, 59.950731525191], [10.85832530696114, 59.95068503888028], [10.85800993409903, 59.950615332851726], [10.857305167206, 59.950424229297354], [10.856826361870292, 59.950263875365714], [10.856325494128061, 59.95006065795826], [10.85593146982677, 59.94988606460495], [10.855464446235755, 59.949585725904264], [10.855275276475817, 59.949438613474044], [10.854800276313284, 59.94903875993971], [10.854408693401888, 59.94959575184024], [10.854227092608927, 59.95003302750969], [10.8540581289919, 59.950244574765435], [10.853989271264064, 59.95032359685681], [10.853786146532725, 59.950467175396284], [10.853631967108461, 59.95060492116336], [10.853392652666129, 59.950542003390666], [10.852933362515538, 59.950526646118455], [10.852461583621421, 59.950536608604324], [10.8518327432294, 59.95059413259872], [10.848795470772165, 59.950906472926945], [10.84788323593605, 59.95099388833273], [10.847392691062634, 59.95092034333], [10.847312454552151, 59.951374742350254], [10.847563278504822, 59.95284514362381], [10.847929418474916, 59.95317928577904], [10.847802098210162, 59.95453311067661], [10.847370299108878, 59.955183495124245], [10.846291100437524, 59.95537479164052], [10.846336102508806, 59.955649360446344], [10.846449313420035, 59.955674418320676], [10.846381177430317, 59.95594910646597], [10.846695365971073, 59.95641468188272], [10.846878152213762, 59.956515479594934], [10.847161245692497, 59.95648682048059], [10.847312659722242, 59.95663194476109], [10.847916953105013, 59.95665971151813], [10.848439096774069, 59.95664343889104], [10.848718129913806, 59.95664431918667], [10.848787260626183, 59.95666636776475], [10.851257456629869, 59.955944508262014], [10.853346641854962, 59.955945634343266], [10.853692353069823, 59.95585059973047], [10.854477616417752, 59.95552798563045], [10.854384042112699, 59.95571421369626], [10.854454300072325, 59.95595082181313], [10.855102332758747, 59.955947024981896], [10.856221565914167, 59.95574064221849], [10.856403771549006, 59.95565843984574], [10.856391385666262, 59.95570588287475], [10.85641671418151, 59.955749926481374], [10.85651762458498, 59.95576874493542], [10.856643317350194, 59.955752827325156], [10.856687522225053, 59.95579072134546], [10.856725930615351, 59.95594522695721], [10.857607054669467, 59.95594119550576], [10.857529677264768, 59.95607686548308], [10.857362858903603, 59.956364368775695], [10.857313829499846, 59.95667050149586], [10.856969859634486, 59.95721047766113], [10.856782383099864, 59.95757995823848], [10.858355241738565, 59.9574898699107], [10.85937396177314, 59.95729324648519], [10.859518486450137, 59.95724573088756], [10.859682450709942, 59.957349694677404], [10.859538371007407, 59.957501251540336], [10.859488543569007, 59.95764318261974], [10.859564628219589, 59.95779473504315], [10.859728773042656, 59.9578987052312], [10.860037536354769, 59.9579960702089], [10.861183205376976, 59.95811801881364], [10.861021276935054, 59.95851582028313], [10.861638133190327, 59.9585782636946], [10.861806384690192, 59.95817715314356], [10.862322505096964, 59.95821781867682], [10.862435725570577, 59.958195569818585], [10.862594931935732, 59.95865938112578], [10.862431410057667, 59.95869102005949], [10.862211786299365, 59.95876701987901], [10.862639799002178, 59.95886434748066], [10.862872842455351, 59.958917789242214], [10.863005220944194, 59.95894604109479], [10.863269718794394, 59.959008921471465], [10.86349852454798, 59.9590532382158], [10.86341687461188, 59.95909113457876], [10.863284820527054, 59.95911342209141], [10.863656820767666, 59.9592487270367], [10.863500801927515, 59.96047398034265], [10.863484006277744, 59.96060562140163], [10.863108568940289, 59.96095293589475], [10.862788712950685, 59.96111498079901], [10.862245187464548, 59.961207244339676], [10.862188836378001, 59.96155648484931], [10.862162134415042, 59.96160087103089], [10.862160087933349, 59.96169907866019], [10.862127807681304, 59.96177808530334], [10.862107104985007, 59.96188496755773], [10.862081407583057, 59.96201749742156], [10.862059095713928, 59.96213152214824], [10.86201115208562, 59.962374662741986], [10.862181593006117, 59.96238684818294], [10.862310002754112, 59.962442668637514], [10.8625102166182, 59.96253805737838], [10.86267406799436, 59.96260730780121], [10.862932724213634, 59.96271433029161], [10.862983199512165, 59.96273947141788], [10.863096507951507, 59.96278987192911], [10.863153951010618, 59.96281235483017], [10.863445402104302, 59.962945401150364], [10.863430894878672, 59.962972548375824], [10.863068881461858, 59.96370177325383], [10.86300645991923, 59.963815348616954], [10.862323954969748, 59.96382403895576], [10.862198822317408, 59.96385103898184], [10.86174853188675, 59.963958815851306], [10.861408838204984, 59.96399085500196], [10.861025729201915, 59.96417087061859], [10.860824782242489, 59.96430373941172], [10.860762123830735, 59.96435742626481], [10.86071821808166, 59.96438589666611], [10.860636634947877, 59.96444896850964], [10.860679927540897, 59.96448997912648], [10.860775670579281, 59.964603486669745], [10.8608419130412, 59.96469619635515], [10.86089616661052, 59.964749958997245], [10.860967803198536, 59.96483969147275], [10.861066566778941, 59.96493764936047], [10.861110938735056, 59.96499442811608], [10.861148968365804, 59.96505748109208], [10.861212315577419, 59.96513319679712], [10.86130081742898, 59.96523721548714], [10.861202324880981, 59.96527916685824], [10.86120276791984, 59.965333037177174], [10.861203378058633, 59.96545875133948], [10.861203653901972, 59.965548400713786], [10.861186204186959, 59.96562922052298], [10.861010933082401, 59.96562830101637], [10.860856664025945, 59.96565591358332], [10.860702479142976, 59.965701509679775], [10.86057561367396, 59.965788244461116], [10.860309329235909, 59.96589136833202], [10.860004112739967, 59.96595730392907], [10.85994466116996, 59.96598960199776], [10.859782571757483, 59.96633372165168], [10.859764251928354, 59.96649462506379], [10.859733690205104, 59.966674564293655], [10.859702999788487, 59.96683543903839], [10.859904206510782, 59.96685416830721], [10.859992737943237, 59.96690774908311], [10.860112080423832, 59.9668697800619], [10.860300958712713, 59.966869509340015], [10.860527342293796, 59.96681880830576], [10.860577311552191, 59.96676193690449], [10.8607281803404, 59.96669555657948], [10.860803289685318, 59.96657240063933], [10.861148621779238, 59.9664394806907], [10.861243248496672, 59.96646151367108], [10.861312733084993, 59.96651827228223], [10.861457631702521, 59.96655276224693], [10.861564806761312, 59.96657482995916], [10.861471606939284, 59.96683992563281], [10.861628944016243, 59.96683659507854], [10.862139204668043, 59.96694963151646], [10.862435376068532, 59.96704083902101], [10.862738310505975, 59.96720139941562], [10.8628958224904, 59.96726127972401], [10.862852142551464, 59.96731808031172], [10.862871023289287, 59.96736218954224], [10.862928020930623, 59.967412709798516], [10.863249380412102, 59.9674817793814], [10.863608187935792, 59.96750661900192], [10.863916691997979, 59.96750632160083], [10.864212207780215, 59.96746497746536], [10.864407129506997, 59.96740483077273], [10.864470913745404, 59.967587731572294], [10.864942865371805, 59.96758402031925], [10.865232250516673, 59.96754580801827], [10.865635143129733, 59.96755799883352], [10.865774023544292, 59.96764938913817], [10.865849282719303, 59.96760823352246], [10.865880663563262, 59.96756084615784], [10.86599429235369, 59.967561443568144], [10.866365108618801, 59.96756336608394], [10.866843435972896, 59.96756605071462], [10.866914847252568, 59.96802997827506], [10.867073552942056, 59.968307472911796], [10.866888783105763, 59.969180188454224], [10.867247709087417, 59.96924449119527], [10.867162824653677, 59.96995778252943], [10.867207679077502, 59.97013442296793], [10.86792372014589, 59.96981485921882], [10.868639209728823, 59.96933136818705], [10.868556395461582, 59.96914841261547], [10.869350966666763, 59.969428393648286], [10.869527460621773, 59.9694944354239], [10.869666139428245, 59.96952575420197], [10.869723160235875, 59.969607831173896], [10.869782929456901, 59.96965780634574], [10.869887482357539, 59.96976861494314], [10.869935004231406, 59.96982764647563], [10.870020642483718, 59.96994199770864], [10.87041910522725, 59.97035817954192], [10.871083366677272, 59.97061338726951], [10.871165415713204, 59.97063861485883], [10.871291482541842, 59.97069201445665], [10.871392370397148, 59.97073302686172], [10.87150594354018, 59.9707801913938], [10.87170132148581, 59.97085886835508], [10.871871619816723, 59.97091859820586], [10.872035566190535, 59.970984692557046], [10.872117448473816, 59.971009824931656], [10.872243787431618, 59.97106970546597], [10.872426728262061, 59.97113882166585], [10.872596840535346, 59.97119863407933], [10.872811161190786, 59.97126783351921], [10.873000527173238, 59.97135594117399], [10.87320105742334, 59.97124219083666], [10.873201551854814, 59.971279968020355], [10.873220714780595, 59.97131473451978], [10.873258504372608, 59.971352600271075], [10.873321776407986, 59.9713745417116], [10.873384498965827, 59.97139655559059], [10.873504215274131, 59.9714059682918], [10.873655072610617, 59.9713741879105], [10.873778413839293, 59.97133867004829], [10.873924504993449, 59.97146749859591], [10.874164706413696, 59.971694667651306], [10.873978945993192, 59.97177048928919], [10.87386328814201, 59.971830704780444], [10.873770028369925, 59.97188532720865], [10.873217930659075, 59.972109987369564], [10.872930159306533, 59.97201124647408], [10.872593149385063, 59.97200680635181], [10.872309232930588, 59.97193614638075], [10.872059566055077, 59.97184974547466], [10.871025002122837, 59.9717490056275], [10.870666755838599, 59.971713506605205], [10.870451800824616, 59.97168681135076], [10.87032642271589, 59.9716868386304], [10.868217595948384, 59.97259581442054], [10.867788738779259, 59.972766773793175], [10.867806911080136, 59.97282956082552], [10.86793336766999, 59.97305380497108], [10.86804138761703, 59.973269109127386], [10.868167751808599, 59.973439493926286], [10.86832991190654, 59.973663687700515], [10.868474309883888, 59.9738879540183], [10.868636207691376, 59.97409415725515], [10.868780509581867, 59.974300527723464], [10.868888587689971, 59.974470877997504], [10.86896154107093, 59.97470423270247], [10.86910614075294, 59.975036216424364], [10.869269099534465, 59.975430993184524], [10.869396975078258, 59.9759603434144], [10.869415342071637, 59.97605901019982], [10.869580486087647, 59.97689360293036], [10.874685229692746, 59.97704052573621], [10.874738779563643, 59.97702251129801], [10.874791941697495, 59.97693273681554], [10.874862989496796, 59.97678004655813], [10.874933905890623, 59.976654324759366], [10.87496921812258, 59.976546550257694], [10.875093711222586, 59.976357949845244], [10.875182422066029, 59.97618729114944], [10.875271269965705, 59.9760615910086], [10.875306593334434, 59.975953726416336], [10.87537773136735, 59.97585498399616], [10.875624786821916, 59.975082750487424], [10.875712875001533, 59.97481335180782], [10.875748031360784, 59.97466070667516], [10.875835753799329, 59.97427468301133], [10.875870958592776, 59.974149012773275], [10.875813066358505, 59.973287397462535], [10.875812867202903, 59.97321555297288], [10.875812672409253, 59.973179673846055], [10.875830422759762, 59.973143725582226], [10.87507844070277, 59.97284614886335], [10.87438517766087, 59.97267340056198], [10.873969223191711, 59.972553926580645], [10.874495288473746, 59.971969529808526], [10.87481955620182, 59.97205610320039], [10.874895459660594, 59.97207744951052], [10.87499921143845, 59.97209553227532], [10.875061079221002, 59.972043792613285], [10.875141159439625, 59.97197688901975], [10.875197811875555, 59.97192957143164], [10.875259324006462, 59.97188932880969], [10.875343742134797, 59.97186679592275], [10.875428147319758, 59.971844352981556], [10.875637393260194, 59.97180603630775], [10.87584518176466, 59.97173189044428], [10.87582174616851, 59.97159890005119], [10.875821103662966, 59.971475884102375], [10.87581474610424, 59.97145060025702], [10.875843310110033, 59.971371025032006], [10.875859020610035, 59.97130102825927], [10.87589159345073, 59.97122238761824], [10.875926695197352, 59.97118392570005], [10.875993572113487, 59.9710501652941], [10.876105883993382, 59.97082665864507], [10.876411869530214, 59.97053422736893], [10.876534265815831, 59.97035644019801], [10.877579265288349, 59.97054602382582], [10.877543351913419, 59.97065153274063], [10.877595481599862, 59.97095462970661], [10.877625863758508, 59.97106212255282], [10.877645876934048, 59.9711318888515], [10.877668058581776, 59.971210173982755], [10.877738847496762, 59.97145990914413], [10.878091932876417, 59.9717213497382], [10.877982226500086, 59.97185197356252], [10.877950923823393, 59.97189307200187], [10.87788831445822, 59.971959444939586], [10.877787861192934, 59.972025803036445], [10.877731423313502, 59.972069981406285], [10.877624762036888, 59.97214585489869], [10.877574668067355, 59.972199582108594], [10.877537066460754, 59.97224372054367], [10.87750952788509, 59.972289161862804], [10.87745613300179, 59.97231608337509], [10.877342779565119, 59.97244281642642], [10.877494403134449, 59.972556169633066], [10.877540122771896, 59.972856008477166], [10.877553077616547, 59.97296951999796], [10.877647620835575, 59.97298524378984], [10.877729658474133, 59.97301352402864], [10.877849363354786, 59.9730418134601], [10.877887335970632, 59.97306386035257], [10.878076205150416, 59.973117239327216], [10.878170873100878, 59.973139170927595], [10.878233833155042, 59.973139161421194], [10.878315643435482, 59.97313902282402], [10.879090025563857, 59.973144446757644], [10.879341899068308, 59.97314414046546], [10.879827870004885, 59.97205812597162], [10.879883932402363, 59.97195063813606], [10.879638437426278, 59.97183776955473], [10.879284562595743, 59.971686357612874], [10.879642767328225, 59.9715723135461], [10.879862731196956, 59.971502587380265], [10.879976664427964, 59.971424422264555], [10.880214293397081, 59.97128763606132], [10.88023261412686, 59.97115190653454], [10.880238284259786, 59.9710255814602], [10.880256563793726, 59.97090891170952], [10.880306240038383, 59.970776320022644], [10.8804191072178, 59.970656222364866], [10.880725605272787, 59.97025842414541], [10.880776566388576, 59.97022072733244], [10.881026880545797, 59.970121738838074], [10.880428562965061, 59.969511794475956], [10.880324267025173, 59.96941305089057], [10.88055777640008, 59.969368382492846], [10.880682967635602, 59.96933228647273], [10.880790310878773, 59.96931424287514], [10.880865684439417, 59.96928935629811], [10.88099774704575, 59.96923549320013], [10.88109817411194, 59.96920383643443], [10.881217566219066, 59.96915955668082], [10.881267851048255, 59.969137392398395], [10.881355741797218, 59.96908682349756], [10.881487690949925, 59.96902666173107], [10.881518878483352, 59.96899508912592], [10.88164472947126, 59.96893491713796], [10.88175733669647, 59.96883701843501], [10.881938996878134, 59.96865685300018], [10.882181724260978, 59.96842258254342], [10.882554770100338, 59.968410951678926], [10.882775320582963, 59.968405524744135], [10.88291996943291, 59.96840186216941], [10.883024429253801, 59.96839397666536], [10.883031715235747, 59.96831517392346], [10.8830813452054, 59.96816262067552], [10.883118015417875, 59.968049401885644], [10.883149788998628, 59.96795104496271], [10.883173532007163, 59.96787833139046], [10.88319561478649, 59.96781033086416], [10.883239586323056, 59.967729257620654], [10.883269999327068, 59.967636072891786], [10.883007201208413, 59.967600530735076], [10.884033345138072, 59.96743919030612], [10.884275637360462, 59.967211105867165], [10.884306578735648, 59.96713529026945], [10.884400203285901, 59.96703994336817], [10.884498036416764, 59.96691793509975], [10.88450640997402, 59.96683611050734], [10.884547055809062, 59.966741356590404], [10.884458506478396, 59.96649565767374], [10.884368885081468, 59.96613879634156], [10.884422786416513, 59.96599653559954], [10.884441576253359, 59.96583519697074], [10.88449228664082, 59.965699849188404], [10.884473921828734, 59.965570525714874], [10.884456066046283, 59.965478980219615], [10.884277040113917, 59.96533654733787], [10.884358745887765, 59.96515667374852], [10.884621095324437, 59.9649329922611], [10.884708907026416, 59.96483818343922], [10.884916311766013, 59.96479691830871], [10.885161078127643, 59.96469882875561], [10.885342346406686, 59.96450561058407], [10.885395881205197, 59.96438500595871], [10.8854190834653, 59.96429348376242], [10.885429428763251, 59.96423473729668], [10.885643225441088, 59.9642184853953], [10.885706405573336, 59.96420067889014], [10.885883638983309, 59.96413374511719], [10.886006965471172, 59.96402871582615], [10.886043109283735, 59.963947038429325], [10.886051691492954, 59.963867827060454], [10.88602470066162, 59.96380216024537], [10.88599175962224, 59.96371652763832], [10.885979281312913, 59.96364951539941], [10.885943751328975, 59.96361217238018], [10.885943906995877, 59.963558951556614], [10.885923033415217, 59.96351766085203], [10.885851311413408, 59.96345841935664], [10.885746888683865, 59.96336794770998], [10.885651087049991, 59.96328457769515], [10.885571201364327, 59.963214561462834], [10.885812322921465, 59.963059085312075], [10.886029034239474, 59.96298610190497], [10.88611278500103, 59.96289359372021], [10.886168887636385, 59.96281002143677], [10.88626432979745, 59.962723001822525], [10.886811837449308, 59.962862549861114], [10.886921168694748, 59.96273586447551], [10.887012629095143, 59.962640448520844], [10.887094873320613, 59.96257738181644], [10.887131438508803, 59.96254282973548], [10.887239821840186, 59.96255664196368], [10.887536070748126, 59.962625767314755], [10.887907724907206, 59.962704258015876], [10.88809595062429, 59.962593430844564], [10.888372246945725, 59.96244480166501], [10.888692179215411, 59.96227397761875], [10.88903123478251, 59.9620906224887], [10.889137814835879, 59.96201779497173], [10.88924052229015, 59.96210479465772], [10.889366296822805, 59.962176419540484], [10.88943812361507, 59.96223916863397], [10.88954597081186, 59.96231077342601], [10.889649376308487, 59.962386375750405], [10.889743523982585, 59.962454226406976], [10.889839018393621, 59.962515555821696], [10.88990525980667, 59.962588649912526], [10.889927491027565, 59.96261325944148], [10.889990866785931, 59.96269210782874], [10.890102076250976, 59.96289706188276], [10.890124657248718, 59.962985337100406], [10.890131284452405, 59.96305477348986], [10.890144266896536, 59.963168373721096], [10.890125931909685, 59.963275692535866], [10.890101197860863, 59.96336087317697], [10.89005309959908, 59.96346816293592], [10.889946875805961, 59.96373754264605], [10.889893597610941, 59.963827317565055], [10.889840448040566, 59.96392617834957], [10.889769677036101, 59.96407888287307], [10.88969050024085, 59.96428922773825], [10.889628416102207, 59.96444705848998], [10.889593165599065, 59.9645548385796], [10.88955783553214, 59.964680597659736], [10.889540255224988, 59.96472545275924], [10.88950535470593, 59.96492288269841], [10.889474904740647, 59.9651509305357], [10.88948957283523, 59.96534487171748], [10.889501957640265, 59.965548541383164], [10.889521650332572, 59.96574102113027], [10.889547848853777, 59.965911406029306], [10.889654833596566, 59.96613456945679], [10.88972748008392, 59.96630496460116], [10.889817899537226, 59.966511338436916], [10.889891383873902, 59.96666197962318], [10.889942310385868, 59.96676606363039], [10.8899869853095, 59.96686707558325], [10.890071600211733, 59.96713035989557], [10.890126328802983, 59.9673367884592], [10.89016310550921, 59.96750723369483], [10.890200103409493, 59.96774961234128], [10.890219459788188, 59.96800987214032], [10.890274131557316, 59.96818932658168], [10.890328762698875, 59.968377770513335], [10.890400916126662, 59.96849438430397], [10.890790701459048, 59.96897082691512], [10.890369316413665, 59.969043908934864], [10.8900299496238, 59.969110737562595], [10.889885142352627, 59.96913301406117], [10.889438021893081, 59.96907672216777], [10.889447981737417, 59.969376518516945], [10.889477534445723, 59.96954880617954], [10.889728390367097, 59.96982815435087], [10.890549578406302, 59.96981995755061], [10.890782276056333, 59.96976292819683], [10.890901607537955, 59.96972484144456], [10.891109076039076, 59.96966154087618], [10.891542820060861, 59.96952212975259], [10.89188357162952, 59.969701510187875], [10.892028684010603, 59.969770767303096], [10.892236857857743, 59.96986518689084], [10.892514365934629, 59.969984782894095], [10.892943121774417, 59.97015458600137], [10.893167350193197, 59.970241053166646], [10.893472204091093, 59.97034846277842], [10.89377710944817, 59.970446792211156], [10.894243061373663, 59.97055391538478], [10.894548047471227, 59.970634264038694], [10.894888579873502, 59.970705649784726], [10.895118227396756, 59.97075137280858], [10.895546544711362, 59.97082648021631], [10.896017721476507, 59.97090166119384], [10.89666257775018, 59.97095464663238], [10.897110328402873, 59.97099888593979], [10.897468754981324, 59.971034498491655], [10.897773444447278, 59.971105750034745], [10.898060387991327, 59.97121313016711], [10.898293736221229, 59.971311559664436], [10.898527153740252, 59.97143696358742], [10.898850316092627, 59.97159806546081], [10.898976071727605, 59.97168766159633], [10.899114297883512, 59.97175912362057], [10.899370805613977, 59.97184874101242], [10.899711578905517, 59.971911131083225], [10.900213109799541, 59.97197312511904], [10.900607028763575, 59.971972791451286], [10.900964915423101, 59.971927370704776], [10.901233372447715, 59.971900205711194], [10.901573171688534, 59.971845859112626], [10.901805833451316, 59.97180067841769], [10.90211001070059, 59.97177327350624], [10.902360568372936, 59.97173709948192], [10.902539604900936, 59.97173682150198], [10.903000452013101, 59.97187396263798], [10.903324798483002, 59.972019895243974], [10.903585615475185, 59.97209363449671], [10.903838745804556, 59.9722077736781], [10.904213781516743, 59.972328217343005], [10.90438820205399, 59.972398640663826], [10.90452372510878, 59.97252251967443], [10.904731774130429, 59.9725748368093], [10.904767600320897, 59.972610024995994], [10.904948195647346, 59.97269871184247], [10.905038935031328, 59.97278298761867], [10.905159195547117, 59.97288238553431], [10.90528543217459, 59.97300597481511], [10.905487972390052, 59.97312609023342], [10.905700677327355, 59.97315094962985], [10.90585967987618, 59.97313431057211], [10.906024115029537, 59.97306938046815], [10.90628275485716, 59.973044777506324], [10.906542981275676, 59.97305375914014], [10.906711305694124, 59.97310825661014], [10.90687788813506, 59.97329585221213], [10.906910161529991, 59.9735121836426], [10.907053179847418, 59.97363503303681], [10.907167718356616, 59.97379386079664], [10.907181634803763, 59.973919264515295], [10.907519272148868, 59.974214845326955], [10.907751483090419, 59.974350443379194], [10.907744743109085, 59.97442530695559], [10.907813749185067, 59.97447653942368], [10.907884095587788, 59.97454885068823], [10.907896133170071, 59.974638683113085], [10.907984442639597, 59.9747441890975], [10.90795096014077, 59.974803207411156], [10.90803609457098, 59.974896657210515], [10.908188250441611, 59.97502113826804], [10.908357611199694, 59.97504266909158], [10.90865861971223, 59.975300967060015], [10.908748305944613, 59.97535616724101], [10.908930824712217, 59.97549480555802], [10.908989289124817, 59.975593629898626], [10.908968175770422, 59.97572531901605], [10.908970421565908, 59.97599025633139], [10.908998227976971, 59.97604686152302], [10.909059704942962, 59.97622876507485], [10.909131710544793, 59.97637916718753], [10.909255940154914, 59.97675299194066], [10.909347078698557, 59.97688357910023], [10.909590105737195, 59.97704800995001], [10.909909926112908, 59.97721958790724], [10.910134298555615, 59.97732158230528], [10.910356036110144, 59.97743041727473], [10.910402347037756, 59.97753039236535], [10.91060612661704, 59.977687309476735], [10.910813071448857, 59.977865093655126], [10.91109553031384, 59.97801393164223], [10.911186024713412, 59.97806268130778], [10.911321044136992, 59.978099505931084], [10.911718208309276, 59.97816352185822], [10.91184927313733, 59.97808855751061], [10.911811798281757, 59.97800270270908], [10.911640237792358, 59.977833210608715], [10.911685899247903, 59.97762469361982], [10.911495164108091, 59.97753642204527], [10.911502663749836, 59.97749457865569], [10.911625438571141, 59.97746494080221], [10.91165604875931, 59.97720686742416], [10.911510556102055, 59.97712413534134], [10.911310740874265, 59.97701355493063], [10.911190945823778, 59.97693917169119], [10.911036649072798, 59.976823169609965], [10.910914197907841, 59.97666428081869], [10.910946244269935, 59.976500654580796], [10.911250856295991, 59.97604438355685], [10.911298726220226, 59.97587171781765], [10.911531292790423, 59.975606602385675], [10.911568125501576, 59.975441955440154], [10.911626890747296, 59.97538731684043], [10.911680050915098, 59.97531416260025], [10.911708999159801, 59.97527873766356], [10.911825163468926, 59.97517472186142], [10.911954168690722, 59.97517009207568], [10.912074685722235, 59.97520080184627], [10.91217027919975, 59.97520673346967], [10.912473705721368, 59.975078046053326], [10.912598830863793, 59.975059809650524], [10.912781888772114, 59.97500237138396], [10.912890720731582, 59.97506526447068], [10.913259334968743, 59.97522081585841], [10.913597419187075, 59.975647028931355], [10.913682504171948, 59.975791900342536], [10.91365906554506, 59.97589897176618], [10.91366601553508, 59.975989454201354], [10.91371936346416, 59.976074631974846], [10.91382314456698, 59.97616541958099], [10.913953551801747, 59.97624831041763], [10.914048132057953, 59.97637585365658], [10.914045760674757, 59.976450313903335], [10.914148573722574, 59.97653441668408], [10.91411067501023, 59.976626386629896], [10.914033601471903, 59.976729098357104], [10.914038417796576, 59.97680926558584], [10.914128553896628, 59.97688416535307], [10.914229476532189, 59.97692981927941], [10.91432214177658, 59.97694788585194], [10.914485859749327, 59.976997824756154], [10.914610023576717, 59.977035388190785], [10.914764924261108, 59.977055023434446], [10.915071646566581, 59.97709015343799], [10.915191354928657, 59.977126049291414], [10.915334345945924, 59.97709245001677], [10.915432864543627, 59.97704272787356], [10.91571459488848, 59.97697215929454], [10.915926935708956, 59.97698422309611], [10.916160498464807, 59.97707147678341], [10.916375736699543, 59.97720985917511], [10.916508043788493, 59.97734288514918], [10.916768900433569, 59.977498323816775], [10.91690254868882, 59.97769612376111], [10.91695821403804, 59.977736417823515], [10.916935729236481, 59.97780090409197], [10.916978826413407, 59.97791111718827], [10.91705709950582, 59.97801828290455], [10.917060445815773, 59.97818462487582], [10.917000049090257, 59.9783907093088], [10.91713214962418, 59.978506555519175], [10.917152563445551, 59.978560682439856], [10.917255486488392, 59.97870655276068], [10.917257549948063, 59.97884111777871], [10.916983357845295, 59.97913992704005], [10.91677712766919, 59.9792687588869], [10.916579198483179, 59.97932007818813], [10.916499931489797, 59.97941876879751], [10.916523013133824, 59.97948907190938], [10.916483910890912, 59.97961265078806], [10.916544723375695, 59.97965921864134], [10.916659817704629, 59.97963805960274], [10.916805198543733, 59.97957207618295], [10.916959508919998, 59.97949477069016], [10.917116723631501, 59.97945936244406], [10.91723217011988, 59.97941933330442], [10.917360371685016, 59.97931370701353], [10.917447323066675, 59.97915996164895], [10.917500211519435, 59.979138404045514], [10.917601165883578, 59.97916643453043], [10.917660116994865, 59.979254301200996], [10.917683421802957, 59.97950613298885], [10.91768276105362, 59.97964825624834], [10.917585963309277, 59.979749460252286], [10.917607951217889, 59.97985047708573], [10.917460309707826, 59.98000899600047], [10.917542457596976, 59.98016627032564], [10.91743532043838, 59.98023200078214], [10.917387026171566, 59.98029047326638], [10.917151216893128, 59.98059946289188], [10.91679885504894, 59.98104752391716], [10.916710673723458, 59.981246094089585], [10.916668634976725, 59.981470548864586], [10.916269709448828, 59.98218104442932], [10.915986526499683, 59.98325771962252], [10.916113652493966, 59.98384155819882], [10.916291548101455, 59.983981930033906], [10.91781424867457, 59.98452519708741], [10.918202500328364, 59.98455744739498], [10.9219533370985, 59.9842581589419], [10.923098758508546, 59.984160794229076], [10.923533885327082, 59.98410088596629], [10.923793854082453, 59.98409373022511], [10.923983913158981, 59.98406274564848], [10.924190653642396, 59.9839793207242], [10.925650262793516, 59.983724241331004], [10.92566337846077, 59.9836628811271], [10.925716007785054, 59.98341312838109], [10.925780644012715, 59.98310809517489], [10.925795474450476, 59.9830444501054], [10.925805075098419, 59.98299269152599], [10.925820428371935, 59.98292043154684], [10.925998277784727, 59.982542476575496], [10.92634039790519, 59.98221464081394], [10.926388219734791, 59.982168647587336], [10.926762013026007, 59.981807895274585], [10.927282565993748, 59.98131142225501], [10.927996732076737, 59.9801421340466], [10.928246036808481, 59.979738603281525], [10.928315093793875, 59.97971682125002], [10.928282569002358, 59.97953492485306], [10.928226871421137, 59.97921178908589], [10.928189274713766, 59.97895151765763], [10.92824155067019, 59.97870004593441], [10.928365380940987, 59.97851147133459], [10.928472234113377, 59.97836759483835], [10.92859693433102, 59.97825070205714], [10.928703477496333, 59.978142868584975], [10.928892299758637, 59.97796259409139], [10.92891086788777, 59.97793412785902], [10.929004896684752, 59.9778361567303], [10.92906713138903, 59.97772245956752], [10.929116691047279, 59.97760243669703], [10.929127792386685, 59.97737207900648], [10.929070042326348, 59.97719542765839], [10.928929243636844, 59.977011446527854], [10.928746307262047, 59.97677626483916], [10.92860412033308, 59.97660797427898], [10.928442487070281, 59.9764825963937], [10.928262560253087, 59.97635719367896], [10.92808247345834, 59.976222883986686], [10.92793882418555, 59.97614238548515], [10.927705409600511, 59.97602602843778], [10.927418358407838, 59.97596366445937], [10.927203063249738, 59.975901270643945], [10.926934050744322, 59.97581186200205], [10.926736835264322, 59.97576728839341], [10.926521514782085, 59.97571388197582], [10.926378100686438, 59.97567816269442], [10.926144725853648, 59.97560675643708], [10.925965578957918, 59.97558009183266], [10.925911629168558, 59.97556224090378], [10.925732334735232, 59.97552658014451], [10.925570976008094, 59.97549093410933], [10.925338279025333, 59.975491293036846], [10.925194541605444, 59.97544657112899], [10.925033290637513, 59.97542899879844], [10.924800495601303, 59.97540247201556], [10.924603404636606, 59.97537587955613], [10.924334471263606, 59.975322340665], [10.924065645075695, 59.97528687648961], [10.923832615779341, 59.97522437743293], [10.92361746176804, 59.97517987299569], [10.923438160908885, 59.9751442990733], [10.923258752756661, 59.97509064965976], [10.92305300710029, 59.97502656606283], [10.922828296307133, 59.974938788673285], [10.922541079462965, 59.974822555388414], [10.922289843611358, 59.97473314797351], [10.922003000365555, 59.9746168344573], [10.921679993634806, 59.974527632184184], [10.921411142883004, 59.974447297967046], [10.921249372214438, 59.97437576139302], [10.920926622519447, 59.974268493834586], [10.92063953520884, 59.97417024072245], [10.920388309390336, 59.97408082963074], [10.920172937187866, 59.97400034979445], [10.919885865384876, 59.973902005937475], [10.919724298858371, 59.97382157258048], [10.919490908761228, 59.97371410112706], [10.919293181312574, 59.97361564484224], [10.919185569621353, 59.97355297453083], [10.919059657728477, 59.9734903672499], [10.918932972687253, 59.973426746269745], [10.91866443767926, 59.97327556874078], [10.918448863863668, 59.97315021597341], [10.918332925277012, 59.97308674719668], [10.918179383845155, 59.97299801922168], [10.918071505592708, 59.97290845767432], [10.917991765073355, 59.97285689873061], [10.91794745642125, 59.9728191139864], [10.917729537596909, 59.972657544482395], [10.917624871611222, 59.97257976944507], [10.917531791439941, 59.97251422088878], [10.917435350848507, 59.97245702028548], [10.917280222395199, 59.97237102866872], [10.917190261010283, 59.972290381958466], [10.91701054506245, 59.97217395937587], [10.91683083216997, 59.97205753651445], [10.916686673397901, 59.97193205535603], [10.916524815555833, 59.9717886734564], [10.916398592397698, 59.97166320817364], [10.916254855095756, 59.97157361265075], [10.916110994779958, 59.97146612161423], [10.916003012548417, 59.971358573001616], [10.915841208167516, 59.971251154483554], [10.915715227677664, 59.97116156917452], [10.915517704448416, 59.97106311347091], [10.915427843560995, 59.9710093511989], [10.915194443580766, 59.97091095138376], [10.914997149631848, 59.970848464628055], [10.914831702752704, 59.970785166104335], [10.914673939636517, 59.970732265508445], [10.914441150415458, 59.97066966688747], [10.914261290024099, 59.97059818865233], [10.914028009894404, 59.97051777205028], [10.913812820909715, 59.97044627747947], [10.91363311650874, 59.970373544983346], [10.913500416128555, 59.970294897015386], [10.913327871928585, 59.97021357518703], [10.913202139229751, 59.97015986807028], [10.912950751161944, 59.97002566234925], [10.912788974168251, 59.96991815091021], [10.912591265832422, 59.96977482057297], [10.912357671127895, 59.96963163545628], [10.912195820841825, 59.969497149344555], [10.911962128423411, 59.96933588910241], [10.911764126259254, 59.96917465662338], [10.911566570819831, 59.969040319674335], [10.911421302697827, 59.96893862392026], [10.910991322018713, 59.9686372201699], [10.910865400222628, 59.968538639689754], [10.91066770853321, 59.96839530725989], [10.910541632175422, 59.96828782147558], [10.910344121026448, 59.9681444931555], [10.910164196730376, 59.968001081535064], [10.90998423072283, 59.96786674908453], [10.909840582800925, 59.967759256517745], [10.909588950680975, 59.96760696513812], [10.909409188779915, 59.967472458331315], [10.909211716869889, 59.96736518254569], [10.909103789264272, 59.96730249363993], [10.908942326490756, 59.96721296817104], [10.908780650667664, 59.96713242648912], [10.908565299281136, 59.96701605295809], [10.908385729157724, 59.966926504000035], [10.908152040754688, 59.966774228022174], [10.907882933262492, 59.96664881183615], [10.907808771124207, 59.96660461224426], [10.907703236835232, 59.96654145650781], [10.907541757763491, 59.96646082968024], [10.907433869240606, 59.966389149019804], [10.907290288895725, 59.96631752878599], [10.907182546013914, 59.96625484378101], [10.907074658940099, 59.966183162817764], [10.906841159488073, 59.96603088996379], [10.906679421884787, 59.96592337078434], [10.906464158258272, 59.9658339694868], [10.906087271946891, 59.96570870750895], [10.905854010772005, 59.965637266520915], [10.905620759253292, 59.96557445738576], [10.90540613503421, 59.96550314437154], [10.905065296151372, 59.9654228751197], [10.90479638343522, 59.96534250265639], [10.904437950320267, 59.96527112536594], [10.904186909686853, 59.9652086585049], [10.90390018636902, 59.96514616172912], [10.903667113268115, 59.96507472232231], [10.903415967920425, 59.964994269512495], [10.903182932896684, 59.96491383975269], [10.902967660163497, 59.96483333306972], [10.902788127946385, 59.964743687258796], [10.902680102762794, 59.964663097585245], [10.902518457620046, 59.96453759421333], [10.902374706942283, 59.964421099170785], [10.902230734097133, 59.96426872407267], [10.902068865894796, 59.96415229409302], [10.901961058375964, 59.96406271984041], [10.901745618767688, 59.96393725085422], [10.901601800660309, 59.963838734809755], [10.901440054336089, 59.963740199428834], [10.901343400969877, 59.963648903826375], [10.901224599882882, 59.96356995477627], [10.901109634345321, 59.96349768939022], [10.900972883576328, 59.96340874244416], [10.90084711604164, 59.96332813839282], [10.90066772953917, 59.96324757457607], [10.900613808077644, 59.96318484921309], [10.900487899535031, 59.96309524981838], [10.90029064910338, 59.96299677805813], [10.900092935045375, 59.96288030871877], [10.89987756203433, 59.962737037557154], [10.899536329736831, 59.96254004009242], [10.899320766811247, 59.96240557203457], [10.899105288952436, 59.96228926805307], [10.898908047422731, 59.962190794171924], [10.898728413461173, 59.962083337246185], [10.8984951649104, 59.961975919508724], [10.898351480816842, 59.961895294322915], [10.898225828446442, 59.961832673112994], [10.898028297111333, 59.96171629696755], [10.89784878595684, 59.96162673420123], [10.89766941593567, 59.961546166209644], [10.897525722948163, 59.96146563010234], [10.897256611903757, 59.96131339858139], [10.897077092195955, 59.96122392384343], [10.896825632998105, 59.961098584180824]]]}, "properties": {"FID": 4, "kommunenum": "0301", "BYDEL": "10", "BYDELSNAVN": "Grorud"}}, {"type": "Feature", "id": 5, "geometry": {"type": "Polygon", "coordinates": [[[10.802314123905793, 59.947509975700676], [10.802219798919348, 59.94741408856475], [10.802161129946075, 59.94727725775908], [10.802320134035423, 59.947265781389795], [10.802872347729645, 59.94674785154381], [10.803223206574325, 59.94612280147541], [10.803265823671708, 59.945409615315704], [10.803180738295442, 59.94486562333864], [10.803346194268055, 59.9449078497439], [10.803502080181083, 59.944954896063074], [10.80341468462896, 59.94454803919506], [10.802317612370546, 59.94350101023888], [10.802204079972043, 59.943396958201454], [10.800981332458017, 59.94227730623914], [10.800017020919894, 59.94139435443365], [10.799764820941347, 59.941164223631446], [10.799401171540854, 59.94109382197011], [10.798890275845997, 59.9409975031255], [10.798537957768717, 59.940940946801526], [10.797594178017828, 59.94076490495491], [10.796895691197003, 59.940655668801], [10.793280572395865, 59.940020451530955], [10.791768085952205, 59.93974257884996], [10.791365419988763, 59.93966074709611], [10.790868146409307, 59.93955062439022], [10.789955989871073, 59.93934910268546], [10.789037031180271, 59.93911939229159], [10.788540033522217, 59.93899029719925], [10.788131084845256, 59.9388705805019], [10.78789196923477, 59.938794957181365], [10.78746402741218, 59.938662582290064], [10.786752863207367, 59.938416753566656], [10.786406847933083, 59.938268653369065], [10.78523604376293, 59.93774537736192], [10.784826767469127, 59.93755937147663], [10.782976614678432, 59.93679035084548], [10.782594307952927, 59.93661509183157], [10.782493555386058, 59.936578865963305], [10.782360413127192, 59.936800108891944], [10.782344281710337, 59.936839603951206], [10.781326965829956, 59.93899375238254], [10.781020784567385, 59.93997202056949], [10.780795241192088, 59.94064599155906], [10.778548212286118, 59.94526917645361], [10.778212415842354, 59.94592432470508], [10.778067665312278, 59.94590547839956], [10.777747798664613, 59.946524092096645], [10.777691235381713, 59.94651787306754], [10.777515642694839, 59.946902926167716], [10.777075383421097, 59.94683998787324], [10.776636765617221, 59.94711023645671], [10.776225492486313, 59.9473078996853], [10.775969259429038, 59.94743383642008], [10.775711449000376, 59.94754119950613], [10.775371889278619, 59.947661315794434], [10.77467416564517, 59.94786039762617], [10.77356101393789, 59.948078604803484], [10.772863104449835, 59.948148283249914], [10.77261780099942, 59.94816729552561], [10.772196451636017, 59.94818650079036], [10.771925827590351, 59.948183389270135], [10.771277844093339, 59.94813003855393], [10.77016432335787, 59.94793792128295], [10.769327531513728, 59.94777419478647], [10.768459472350312, 59.94761674173535], [10.767530826571091, 59.947436925379144], [10.766150544354518, 59.94719780733687], [10.765634758498322, 59.94711585754959], [10.765552780954096, 59.946942382153715], [10.76526161460857, 59.946971056017816], [10.765187615432403, 59.94679828556868], [10.76516225344341, 59.9467386656278], [10.764960295272475, 59.946273960266446], [10.764939519847944, 59.945970814917615], [10.765029362659197, 59.94562815657505], [10.764808830948844, 59.94560488048007], [10.764613996278156, 59.94559232092666], [10.764425207584726, 59.9456081900587], [10.764085677764472, 59.94564933241833], [10.764016185175842, 59.94557039863686], [10.763609824407862, 59.945698317756545], [10.76318681899727, 59.9457895532782], [10.762683385880562, 59.945895823850684], [10.762249559978148, 59.94593707452419], [10.761922362447415, 59.945930772634156], [10.761689521629556, 59.94590565736464], [10.761463144798595, 59.94585521210474], [10.761333439868423, 59.94580005644521], [10.761051285383202, 59.94565879834829], [10.760809522531357, 59.94550724125627], [10.760651168613688, 59.94539163780596], [10.760543981964386, 59.94535383925787], [10.760342966647569, 59.945334961121254], [10.76017323112663, 59.94533498169198], [10.760157802444308, 59.94567140179464], [10.760205528248948, 59.94590923766104], [10.757846346024536, 59.94644902088831], [10.755732128283842, 59.94555664516255], [10.755379610803386, 59.94540519535488], [10.755159371861712, 59.94535170011979], [10.754926827746162, 59.94529493103668], [10.75152353599186, 59.94456360167386], [10.750988619405325, 59.94439654458693], [10.750737044654484, 59.94434292993491], [10.750476893591056, 59.944282115047095], [10.750171039673766, 59.944207325613135], [10.749818833000607, 59.94413481734033], [10.749516901659469, 59.944068605526304], [10.749302885062553, 59.94402123597376], [10.749170920193642, 59.94416560920294], [10.749108185589574, 59.94423273028439], [10.749083080289322, 59.944257996512626], [10.749045332062215, 59.944302186283736], [10.748925667054362, 59.944456846932816], [10.748403933781635, 59.94445682079988], [10.748366292371578, 59.944346445873926], [10.748290429110169, 59.94414141398706], [10.748240278082616, 59.943941348401204], [10.748233345064019, 59.9437690239367], [10.748277145649839, 59.9435197496289], [10.748459088635165, 59.94315057891535], [10.74899294849696, 59.942358469892575], [10.750072909975524, 59.9408123168457], [10.746928320759787, 59.94124814474545], [10.746877938090856, 59.94112818704214], [10.74680872989214, 59.940923098549334], [10.746745639935474, 59.94068008397857], [10.746707846247775, 59.940544436902414], [10.746619487453012, 59.94026373944293], [10.743604096097393, 59.9411058603685], [10.743432101019499, 59.941157129316764], [10.743589455779794, 59.94131480441583], [10.74399807748886, 59.941787937314785], [10.742584729035332, 59.942057685313856], [10.742256299625268, 59.94211990098702], [10.741994494385121, 59.94221034560067], [10.741709391478668, 59.94235659433798], [10.74134479419242, 59.942782612821254], [10.741263056149016, 59.94286781891487], [10.741093405687579, 59.94294676496693], [10.741018014228542, 59.943003493308474], [10.740697294773796, 59.94298466908489], [10.739533489276154, 59.942438902079054], [10.737504289199777, 59.941537637467476], [10.736690350189686, 59.94117068284347], [10.734507617381098, 59.94005848637388], [10.731778838373886, 59.93877353564904], [10.731626545315418, 59.938517189142615], [10.731393869818563, 59.93811967292695], [10.731186270954202, 59.93792411589229], [10.731085686699727, 59.93789253100257], [10.730947276265397, 59.93786106885313], [10.730865596816047, 59.93783576156485], [10.730758797622343, 59.9378232168037], [10.730705285702577, 59.93781851491329], [10.730597980834714, 59.937804335759], [10.730444349365076, 59.93778532791317], [10.730324883378344, 59.93776958546598], [10.730168697722752, 59.938055675272274], [10.730133164484036, 59.93818130778934], [10.729274415635754, 59.93788523506815], [10.72827273767069, 59.937544236882495], [10.725665208207953, 59.936637051734756], [10.724652673544824, 59.936283532798576], [10.724269134517959, 59.93649812357841], [10.723998761011348, 59.936636900536136], [10.723703164763329, 59.93673781148428], [10.72344529466461, 59.93681989509805], [10.723074477918363, 59.93698714945098], [10.722817296425742, 59.93712221558458], [10.722766275980181, 59.937056536657316], [10.721401362631427, 59.936895481069655], [10.72025669358738, 59.93675658616143], [10.719483136008233, 59.93665240376866], [10.718942180307836, 59.93687013563715], [10.718559553212918, 59.93663739435057], [10.718162392702705, 59.9363715393432], [10.718017714305283, 59.93627358906725], [10.717879624968722, 59.9361884410644], [10.717754409283751, 59.936107668919455], [10.71764703543498, 59.93603583875282], [10.71757124044571, 59.935970610792914], [10.717458093936054, 59.93590740411392], [10.717325902198965, 59.93589177530025], [10.716697192843656, 59.935509852464875], [10.715546472765462, 59.93500501743614], [10.714854762238211, 59.935295337260236], [10.714496318843835, 59.93543734304937], [10.714263657177801, 59.93543102952416], [10.714481175795498, 59.9355960967036], [10.714606393133636, 59.93567678294001], [10.714697444095401, 59.93575285048855], [10.714713705393015, 59.935829451188226], [10.714710110703917, 59.93590441587681], [10.714710085005812, 59.93598642134757], [10.714716315084255, 59.93606854037867], [10.714747745053842, 59.93617890504433], [10.714779170363867, 59.93625465024309], [10.71480434076889, 59.936317783416484], [10.714841972665512, 59.93640928651714], [10.714911299326955, 59.93651342020957], [10.714963992934141, 59.93659237537839], [10.715043216854383, 59.93670591311658], [10.715137570418573, 59.93682578799189], [10.715256925709145, 59.93696158312052], [10.715375419663312, 59.93708601985541], [10.715433139408653, 59.937163520061674], [10.715554096000565, 59.937310516308614], [10.715661406942298, 59.9374272153297], [10.71578655845279, 59.93755285752801], [10.715911969406168, 59.93768758985819], [10.71605543928396, 59.937842062536696], [10.716218830851425, 59.93802820455205], [10.716325835305495, 59.938163955601674], [10.716495402253257, 59.93835641255388], [10.716564743030464, 59.93842583770207], [10.71662125781476, 59.93853629850199], [10.71655199200376, 59.938634124967066], [10.716463872173257, 59.9387225256378], [10.71639470589586, 59.93877935263567], [10.71631299704519, 59.93887084018513], [10.716564095238875, 59.93909805012909], [10.716696565355605, 59.93929055854245], [10.71689150978075, 59.939533565879756], [10.717011033266576, 59.939694541040645], [10.717117830103009, 59.93983334246469], [10.717256292543325, 59.9400100397006], [10.716212132502601, 59.94029088377372], [10.71530020875523, 59.9405398754477], [10.714416694012218, 59.940727022204726], [10.714362940336583, 59.94074496506599], [10.714570596563947, 59.940817453217605], [10.714604964968103, 59.94115190108416], [10.714664619123386, 59.94132540772492], [10.714752553430761, 59.94141045495946], [10.715052078442438, 59.94159167611966], [10.715302701707703, 59.94175332184687], [10.715445834399707, 59.94196874882825], [10.715588980005895, 59.94222014309505], [10.71596475861458, 59.94294722221973], [10.716465858457767, 59.94388078360036], [10.7169487957035, 59.9448052991817], [10.717525786940184, 59.94583303980282], [10.717073949992928, 59.9457745572282], [10.716483509694276, 59.94572064659221], [10.715911102713468, 59.94571164976069], [10.715553154296742, 59.94571169534378], [10.715004242509108, 59.94572755742806], [10.714708456059626, 59.94575282224788], [10.714375043165122, 59.94580015128295], [10.714255693275133, 59.94580966519383], [10.713909643197418, 59.945863235835866], [10.713349645439111, 59.945957859460854], [10.712940923769207, 59.9460178395951], [10.712236120935481, 59.94615657073885], [10.711758116582239, 59.946244954463516], [10.711594525074766, 59.9462639064041], [10.711545950410782, 59.94627221569577], [10.711625874464213, 59.94631114560651], [10.711751774969777, 59.94637432124067], [10.711902713053398, 59.94647535956652], [10.711959241699775, 59.946516404425914], [10.712078819614614, 59.946560580969376], [10.712254869037858, 59.946683657409125], [10.712336735127302, 59.946800429855415], [10.712349938956743, 59.94686047560666], [10.712412250735486, 59.94700232803754], [10.712481297733323, 59.94709071873964], [10.71253799266972, 59.94714435752399], [10.71258259858917, 59.94725542090575], [10.712672074311518, 59.94736326840948], [10.712758156219115, 59.94745994582699], [10.71294039644538, 59.947554628263624], [10.712959250323571, 59.94762088303678], [10.712927730711913, 59.94772182487646], [10.712883763197105, 59.947781808199096], [10.712789353160774, 59.94785759436479], [10.712701390680886, 59.94788907985184], [10.71262580893379, 59.9479426396315], [10.712525157947065, 59.94799322416985], [10.712512581962216, 59.94813200979848], [10.712499887560632, 59.94831188385833], [10.712392946098673, 59.94843186157045], [10.712260870353758, 59.948520269122774], [10.712292236436598, 59.948611748202055], [10.71229858857947, 59.948709517352825], [10.712241781356182, 59.94881053483697], [10.712235561606478, 59.948886314709625], [10.712273246701335, 59.948974672492675], [10.71230467720371, 59.94905041813458], [10.712259856246263, 59.94912251283694], [10.712279443263366, 59.94917341536664], [10.712248025496134, 59.94923335769419], [10.712203790702256, 59.949299536845686], [10.712045027536757, 59.9493558732976], [10.712045154949935, 59.94943662457304], [10.712080851065338, 59.949490479496916], [10.712152491797909, 59.94955332704621], [10.712188275981807, 59.949598192285215], [10.712223976296116, 59.949670031332325], [10.71222384637763, 59.949795733908616], [10.712241709119866, 59.94984055510997], [10.712223905500519, 59.94992135229912], [10.712266718680546, 59.94996869494994], [10.712361035496363, 59.950012857903836], [10.712461620697752, 59.95005704540398], [10.712467923782638, 59.950123340999454], [10.712505625191621, 59.95015478112712], [10.712562134615398, 59.9502085031639], [10.71272472423031, 59.950244547804026], [10.712796348191334, 59.9502715175202], [10.712903391206218, 59.95030737239689], [10.713028897024746, 59.950361272542594], [10.71308268690617, 59.950379208539246], [10.713261615958649, 59.95041506460471], [10.713315307075158, 59.95044207922212], [10.713225806642495, 59.95050480676652], [10.71317221124094, 59.95055881235156], [10.713100361307445, 59.950612583436566], [10.712992998189948, 59.95064847393588], [10.712903557052737, 59.95068440737681], [10.712849995350133, 59.95073814474135], [10.712903513218453, 59.95078313700938], [10.713010919152895, 59.95083698748076], [10.713136171771916, 59.9508997814456], [10.713189803354018, 59.950953589995336], [10.713243535651815, 59.95105236134781], [10.713279414844683, 59.951106221672724], [10.71339230115633, 59.951211953179076], [10.713368672835166, 59.95127682503504], [10.713436370480892, 59.95135078364368], [10.713467902002328, 59.95142023808816], [10.713442642973114, 59.95155591299694], [10.713499231200792, 59.951593812121], [10.713618787484648, 59.95166325307387], [10.713725720452407, 59.95172634912739], [10.713794519967438, 59.95180843572349], [10.713801015193969, 59.951874647936954], [10.713820038404325, 59.95195349580131], [10.713870306541917, 59.9520513455248], [10.713933261096507, 59.95215230411274], [10.713977308512506, 59.95219015490171], [10.714084289719978, 59.95230000955518], [10.714138000943297, 59.952344918902774], [10.71417209110777, 59.952423717353476], [10.714298045481616, 59.952474213795256], [10.7144048988546, 59.95253101264977], [10.714424325960982, 59.952569320643924], [10.71444907852489, 59.95262884249069], [10.714495018823786, 59.952693640351875], [10.714587451992108, 59.95276768290744], [10.714725808223081, 59.95282766462687], [10.71481789791786, 59.95286554905815], [10.714914512176632, 59.95289063190062], [10.714996254151151, 59.95291289296853], [10.715078155900928, 59.952960247547736], [10.715027754934123, 59.95304223229215], [10.715002657838276, 59.953099053807264], [10.715034069171685, 59.95319997556097], [10.715071755331405, 59.95328842239765], [10.71509075355512, 59.95332311999128], [10.715122074432312, 59.95342197000964], [10.715128240428985, 59.953528184808235], [10.715121969969651, 59.953584989718834], [10.715139953599975, 59.95369131942779], [10.715175659417719, 59.95374517343902], [10.715172277437643, 59.95384064674449], [10.715191071129881, 59.95395734294413], [10.71521620581609, 59.95402362173272], [10.715247729944748, 59.95410566410974], [10.715279195742022, 59.95416873148188], [10.715234880945081, 59.95421611561258], [10.714882728146677, 59.954298176184814], [10.71476394034343, 59.95428370192721], [10.71462068399949, 59.95426573298387], [10.714441670269927, 59.95429273013112], [10.714328777850186, 59.954329700266776], [10.714226918103622, 59.95434652823313], [10.714179979512519, 59.954412799688114], [10.714186229183131, 59.95446012104024], [10.714173432336686, 59.95453271902018], [10.714173065755148, 59.95457991437434], [10.714286740122771, 59.95465887418695], [10.714405564686428, 59.954696639684336], [10.714495166861562, 59.95475935055143], [10.714513199065859, 59.95481676647289], [10.714530820769625, 59.954912024266555], [10.71452555577707, 59.954977673446535], [10.71451270976071, 59.95508255009281], [10.71446268545463, 59.955144944979025], [10.714418460433164, 59.9552553657838], [10.714405980419286, 59.95529641185193], [10.714412237978452, 59.955365853200746], [10.714475103062005, 59.95547310323649], [10.714494639491292, 59.95553137708681], [10.714548203929628, 59.955630142040626], [10.714537976993519, 59.95565930259012], [10.714569265377566, 59.9557223643413], [10.714562809508115, 59.95581387186175], [10.714751708211928, 59.955886556548336], [10.714839887384146, 59.95594643322867], [10.71489627210263, 59.95603171275424], [10.714965568858165, 59.956129460256044], [10.715003264340963, 59.95618319864082], [10.715084943985607, 59.95622263282356], [10.715147740826485, 59.956299937003884], [10.715198321764467, 59.95637882260319], [10.71516663553841, 59.956467171593594], [10.71512268622724, 59.95657130659639], [10.715154163930336, 59.956656494850016], [10.715305128536626, 59.95671337797706], [10.715411973829083, 59.95676064343866], [10.715512798107474, 59.956814276725986], [10.715588123591898, 59.95689315749333], [10.715657344338103, 59.95697210951754], [10.71572039296463, 59.957022536236], [10.715800436232493, 59.95706632207178], [10.715818406309213, 59.95713812223239], [10.715846001431936, 59.95719926571621], [10.715757876363092, 59.95728452005144], [10.715669791279067, 59.957344508429294], [10.71558783075567, 59.9574264563907], [10.715531235503075, 59.95750221597955], [10.715506184720413, 59.95755589167058], [10.715493496794336, 59.95762210890907], [10.715603359162577, 59.95771263309131], [10.715713646518749, 59.9577957088337], [10.715800220022468, 59.9578472594464], [10.715883509988616, 59.95790616799678], [10.71598414569904, 59.95797238355027], [10.71607221243677, 59.958038730169555], [10.716160306158635, 59.95809239833867], [10.716355318522197, 59.95821221707231], [10.716456062174725, 59.95829426226307], [10.716531380011252, 59.95837323153869], [10.716732818642441, 59.95844892888132], [10.716940497769565, 59.95851520683131], [10.717122981509704, 59.958553061318284], [10.717242656648395, 59.958594087912104], [10.71735576322255, 59.95861934515094], [10.717582430968154, 59.95866358086294], [10.717727171231653, 59.958729879333], [10.717858409741421, 59.95880769865082], [10.717929986877314, 59.9588615492741], [10.718001571208083, 59.95893338308642], [10.718091007865842, 59.95901415883735], [10.718519917079941, 59.95933885820106], [10.718853275195539, 59.95955659387843], [10.719111254092182, 59.95979013274398], [10.719702751703796, 59.960244467983685], [10.719952577808206, 59.9604593064167], [10.720274696763518, 59.96068368673459], [10.720608938203224, 59.96078095615391], [10.720936939297637, 59.96083629952351], [10.721137588717257, 59.960803072282204], [10.721087271390344, 59.96109960793717], [10.72109349405185, 59.96144986173767], [10.721401867386883, 59.961869635228034], [10.721634730302938, 59.962036892349644], [10.721804648357585, 59.962238882148334], [10.721886418832954, 59.96248188925337], [10.721880043172368, 59.96280062216334], [10.721817099220502, 59.96321714818653], [10.721773084748778, 59.96400915857734], [10.721779352534995, 59.96477285927645], [10.7217291812825, 59.96605400574354], [10.7217984165577, 59.96702584342876], [10.721880176670194, 59.967653609887634], [10.721917933228006, 59.96792504047846], [10.722050257298257, 59.96806700168792], [10.72225791134559, 59.96820898024112], [10.722899905331733, 59.96848348011931], [10.723265031093632, 59.96848669999229], [10.723850387515364, 59.96854984700639], [10.724422993634885, 59.96860340611238], [10.724832134272571, 59.96869500037266], [10.725058658313692, 59.968777071293545], [10.725549591870882, 59.969020131423626], [10.725505563680805, 59.96914305982876], [10.72551827638673, 59.96930721255023], [10.725486691494407, 59.969436569650405], [10.725518219969745, 59.969543875982225], [10.725669261181038, 59.969613246135424], [10.725807570833375, 59.96963535666162], [10.725920910700365, 59.96964802459178], [10.726018525614185, 59.969633836416335], [10.726075078920305, 59.96960563813849], [10.726128683533814, 59.96956970146212], [10.726200315944752, 59.969542801297564], [10.72632551307457, 59.96954281535876], [10.726415097265702, 59.96953385219364], [10.726522424388337, 59.969506940264026], [10.726593972520412, 59.96948902950771], [10.726683579748393, 59.96949796027613], [10.726844745085137, 59.969506963295224], [10.7269878961158, 59.96952491285087], [10.727148967709843, 59.96952492101711], [10.727274344214626, 59.96952493991318], [10.72739963455759, 59.969515874294075], [10.72768608256308, 59.969515900463136], [10.727829473186468, 59.96950697200401], [10.727954680870862, 59.96952496861858], [10.728079890479625, 59.969542965090305], [10.728187442110384, 59.96955184668886], [10.728316210287169, 59.969575623434345], [10.728437943487735, 59.969578850371086], [10.728509561244817, 59.96963269499357], [10.728527372059851, 59.969686504255854], [10.72856338926754, 59.969749355478264], [10.728658557858004, 59.969862589650255], [10.728620941868297, 59.969963696740415], [10.728671281828444, 59.970014243605874], [10.729048978721147, 59.97002999336073], [10.72914347484851, 59.97005526554469], [10.729193799034148, 59.970130988927934], [10.729181235478837, 59.97017832804667], [10.72918743252497, 59.97025406016989], [10.729200072631569, 59.97034240928966], [10.729281850189164, 59.970402337281705], [10.729401471939724, 59.97047482191564], [10.729376402636404, 59.97055376681204], [10.729344786005347, 59.970591676412056], [10.729426773705658, 59.97062634423149], [10.729540239809301, 59.9707020456954], [10.729678508751158, 59.9707745937816], [10.729760484293852, 59.97076205471528], [10.730042884538372, 59.970792156244364], [10.730244512524992, 59.9708588454328], [10.730304321353369, 59.970894412419305], [10.730399455353304, 59.970923121510125], [10.730466785547115, 59.97090453198847], [10.73061682292755, 59.97093034395592], [10.730697347305412, 59.97089428771885], [10.730860776636343, 59.97089553674346], [10.730949297807431, 59.97091431976176], [10.731037182951535, 59.97091995428821], [10.731038773396468, 59.97089231129455], [10.73109186269438, 59.970856175462], [10.731100304776115, 59.970885312488946], [10.73117925419582, 59.97090459542407], [10.731203131189787, 59.97096705196383], [10.731163790911737, 59.97105236897999], [10.731078791251548, 59.971109230214815], [10.731020337557556, 59.97116191716751], [10.730990262168726, 59.971229639396356], [10.730955997159223, 59.971313142004576], [10.731094384303113, 59.97137229591208], [10.731149277112326, 59.97137227555303], [10.731231252474457, 59.97134166152161], [10.731267125999045, 59.97140567612302], [10.731229310836937, 59.97150003352714], [10.731267200528402, 59.971594325644425], [10.73132951178163, 59.971723218662795], [10.73133773957708, 59.97178184155307], [10.731383761103622, 59.971846454981765], [10.731414743843079, 59.97194286116494], [10.73145791655763, 59.97202122915307], [10.73153741328805, 59.97214204602783], [10.731590873853738, 59.97224637340824], [10.731625508400237, 59.97227132363956], [10.731768895186649, 59.972244406798445], [10.731786799854069, 59.972208479991274], [10.731965807798122, 59.97210979350561], [10.732144814677763, 59.97201110678035], [10.732323667317656, 59.97183148909385], [10.732466824233006, 59.971669957530956], [10.732681607436284, 59.97148152219245], [10.732771334981019, 59.97133786134361], [10.73286069139856, 59.97119427894406], [10.733003814254104, 59.97091603272234], [10.733039678393812, 59.97073654996873], [10.733111249706106, 59.97055696384111], [10.73343321586715, 59.9691927275895], [10.733594002635058, 59.968743849747256], [10.734041743627538, 59.96779245054142], [10.734065168007145, 59.96758415065763], [10.73408412354804, 59.96749268870074], [10.73416583241479, 59.96723709048626], [10.734165970994026, 59.96713297046219], [10.734247638835706, 59.96711718129977], [10.73432944261261, 59.96705715710285], [10.734543524378168, 59.96713287467436], [10.73485815435339, 59.96718963613255], [10.735109994938812, 59.96730640868701], [10.735443580982237, 59.9673315925464], [10.7355632417557, 59.967293743179965], [10.735940991826244, 59.96728097171169], [10.736362457846665, 59.967151550621026], [10.736494762455544, 59.96711995481056], [10.736796893509059, 59.967018862484615], [10.737111401784478, 59.96663070395168], [10.73731272108472, 59.96637501722304], [10.73740074213872, 59.96625827449114], [10.738061685176058, 59.966387555531604], [10.738294408698735, 59.96635605881087], [10.738596696123698, 59.9663275314569], [10.738917673776447, 59.96634330652444], [10.739333025175204, 59.96633371930594], [10.73955955442772, 59.96632108203232], [10.739956010143299, 59.96607493901636], [10.739641044524607, 59.965465906107084], [10.74110120603237, 59.96520694329281], [10.74152920233437, 59.965225812135245], [10.742391722705383, 59.96524766122811], [10.74358274793075, 59.96520152976886], [10.744160799459657, 59.965755388213815], [10.744267900520622, 59.96586261145447], [10.744330641087346, 59.9659131035823], [10.744456784023411, 59.96604243233867], [10.744538608436057, 59.966111883282366], [10.74463943003594, 59.966206584773104], [10.744790592186613, 59.966342206230635], [10.7446206286234, 59.96695453631434], [10.744715324131842, 59.96712484051494], [10.744841250443935, 59.96729219628713], [10.744929338185987, 59.96742461172204], [10.745067987918572, 59.967617194820285], [10.745225391441485, 59.967828546958444], [10.74537028351371, 59.96802420955253], [10.745471047743049, 59.968159910337455], [10.745571780555245, 59.96828607952183], [10.74565362173701, 59.96841550459468], [10.74683081781001, 59.968364758605716], [10.746975687228428, 59.968295343137235], [10.746994525832928, 59.96822266874021], [10.747655606514446, 59.96821316321219], [10.748001788004366, 59.968213005280326], [10.748158772684096, 59.96778377267893], [10.748265676267422, 59.96750290498801], [10.748360057275235, 59.9672567006183], [10.748372392402715, 59.967051639289075], [10.748365990595405, 59.966877982643354], [10.74835312868605, 59.9663131605113], [10.749209102016426, 59.966208779919825], [10.74954877976747, 59.96617388038137], [10.749737695272024, 59.96614544547197], [10.749976882636071, 59.9661137776611], [10.75037954840332, 59.96606319352066], [10.750581053570116, 59.96604424630422], [10.750795260591547, 59.96619888712212], [10.751028214719932, 59.96635979755577], [10.751191919301494, 59.966485924591815], [10.751707796207784, 59.96623649469028], [10.752003392769314, 59.96603768852578], [10.75233679827814, 59.96582931018412], [10.752563248498497, 59.96562422675721], [10.752796080676088, 59.96542528405332], [10.753298890088, 59.96498660243103], [10.753972725604722, 59.96530513335954], [10.754325132517478, 59.96545343192932], [10.754784639673732, 59.965588905352845], [10.755005466306022, 59.96564304648138], [10.755181239823314, 59.96568350603985], [10.755395280153358, 59.96572762731081], [10.755653354447855, 59.965765433172535], [10.755974417709691, 59.96581272990976], [10.756377145431049, 59.96584413401989], [10.756748402499559, 59.96585662965137], [10.756924695532973, 59.96585664297378], [10.760769854905242, 59.96602743508725], [10.761059508289032, 59.966038551895785], [10.76125334632302, 59.966054228713716], [10.761323830982123, 59.966066836454345], [10.761424446354418, 59.96607942459263], [10.761505848248332, 59.965817510238715], [10.762065790456527, 59.96564067281153], [10.762984383332684, 59.96539111539923], [10.76322389596879, 59.96557406268562], [10.763469159275292, 59.96549194276748], [10.763563642041742, 59.96545712639103], [10.763676844067373, 59.965416167943964], [10.763909723989796, 59.965334098624275], [10.764287573535013, 59.9654759046575], [10.764552565167113, 59.96601222834078], [10.764779497245135, 59.96629925092095], [10.765132607334303, 59.966655696872444], [10.765239731444868, 59.96675346211034], [10.765278951619061, 59.966803007174455], [10.765321827257424, 59.96685761556048], [10.765372192185614, 59.96686067270216], [10.765516930523217, 59.966860648536574], [10.765768748346227, 59.966860557556714], [10.766001644215361, 59.96686678268314], [10.766517745776737, 59.96686025678548], [10.766483312814346, 59.967335884200466], [10.766468832113, 59.96774381636781], [10.766393747067871, 59.96811931941154], [10.766343589323075, 59.96828018542598], [10.766834775679033, 59.96839999881002], [10.76779180965665, 59.968645728382576], [10.768471897886666, 59.968853784225985], [10.768893730442093, 59.96899572910194], [10.769376922156917, 59.96916284051098], [10.769710093876675, 59.96928422294189], [10.770131399930321, 59.96944862551341], [10.770599123009442, 59.96960633437434], [10.77126524028299, 59.969768160031244], [10.771423712126278, 59.96979833120152], [10.771594859757878, 59.96981632203763], [10.771816828975341, 59.9698324358238], [10.772031876721153, 59.96984796766775], [10.772244959437675, 59.969863435736414], [10.772639695610351, 59.96986378095901], [10.772872981934112, 59.969934564626534], [10.773272517304092, 59.97005330072757], [10.77538575000758, 59.970330658430115], [10.776106799662745, 59.97035880711527], [10.776227139127332, 59.970313930154326], [10.776475016866383, 59.970236635967204], [10.776813227857662, 59.97016969865422], [10.77707815300105, 59.970131702091294], [10.777266686900731, 59.970123088223346], [10.77739533666312, 59.97016776196422], [10.777600674168417, 59.97011598634248], [10.777839882102176, 59.970106657664076], [10.778009975600586, 59.970111836981914], [10.778212170212592, 59.97013395998905], [10.778323615933838, 59.97011801883287], [10.77860822141491, 59.9701127500841], [10.778929375159374, 59.97011908161732], [10.779324982160592, 59.97014497074708], [10.77967566297661, 59.97019828229016], [10.779924453495438, 59.97025309556916], [10.780247072096943, 59.970356308781625], [10.780351948868987, 59.970386281553864], [10.78051671272785, 59.97040234773024], [10.780713923338173, 59.97043545653656], [10.78086076832968, 59.970516136033574], [10.780895192118836, 59.97047120157823], [10.780901350086188, 59.97036233225399], [10.781003103787532, 59.970329533865225], [10.781164644623122, 59.97028642162127], [10.781434444424988, 59.970277705519216], [10.78177634085704, 59.97030708221083], [10.782064224737047, 59.97028734470002], [10.782305053148127, 59.970331468010535], [10.782559242401405, 59.97034391958961], [10.782921627246434, 59.97030255694232], [10.783054298558303, 59.97027344469446], [10.783177277394106, 59.97022325082862], [10.783279392983111, 59.97020026341878], [10.783483715808682, 59.970183153576784], [10.783654116198091, 59.97015776560914], [10.783782400536063, 59.97011942955427], [10.783875689397213, 59.97006855584217], [10.784081780261145, 59.96994738064966], [10.784164700896737, 59.969894825442765], [10.784434929251857, 59.96974603034814], [10.784649805046557, 59.96966712532212], [10.785128650282735, 59.96956042745827], [10.785375835420432, 59.969529221320876], [10.786121048132678, 59.96941952943983], [10.786444292086847, 59.969361441369635], [10.786735217752685, 59.96930078933809], [10.786977572082442, 59.969306110394626], [10.787212728234465, 59.96933700626355], [10.787385432094526, 59.96936113935204], [10.78745272651814, 59.969391884059455], [10.787882571246579, 59.96950111338336], [10.787985494660425, 59.96950557222869], [10.78793083802746, 59.969550310320955], [10.787852393551583, 59.96958889410037], [10.787842592078166, 59.96970403120837], [10.787829026190565, 59.969814911789406], [10.787818462993215, 59.969926157652715], [10.787773100985412, 59.96998665890033], [10.787801550596685, 59.97004502319291], [10.787773595461713, 59.97010122540818], [10.787774868419207, 59.97018569609035], [10.787739372047172, 59.97023913984965], [10.787727482995303, 59.97030017111284], [10.787482167436945, 59.97038152417086], [10.787528262046735, 59.97046895611055], [10.787675550492569, 59.970429246932746], [10.787743249191388, 59.9704963287101], [10.788604347953132, 59.970519175412505], [10.788794724712483, 59.97052426984869], [10.78908417550291, 59.97048937183787], [10.790059657727959, 59.97048583175284], [10.790487701410788, 59.97049509974531], [10.790569335897214, 59.97033406327267], [10.79061305746812, 59.97022999071627], [10.79063145828109, 59.97000902988225], [10.790454691513386, 59.96977554006881], [10.790378748649204, 59.96957997808093], [10.790346693695714, 59.96930867162974], [10.790264105700075, 59.9689678657165], [10.790126886974216, 59.96874220256609], [10.790298262722022, 59.968843076942974], [10.790553695972187, 59.96896138168526], [10.790692469485073, 59.96907182310283], [10.790736700391761, 59.969144358331555], [10.790762188830845, 59.96922321846195], [10.790812298670014, 59.9693115864047], [10.79085674759405, 59.9693809814021], [10.790938744848573, 59.9694188465557], [10.79105175809235, 59.96944412529783], [10.79125347841437, 59.96943753084563], [10.791379264570867, 59.969393354492745], [10.79153639104742, 59.9693396588064], [10.791660310659086, 59.96930027758897], [10.791875004254068, 59.96922827883629], [10.792020863436717, 59.96916586002769], [10.792215934613699, 59.96911841042642], [10.792367049093203, 59.969099318448315], [10.792644674339599, 59.96912913298628], [10.792805793771356, 59.96914704489037], [10.792965018433035, 59.96919681546637], [10.793135287712431, 59.96925988648014], [10.793286380960792, 59.96933556202582], [10.793324304149982, 59.96942389977395], [10.79340648832658, 59.96956903680263], [10.793469497904148, 59.96967310060665], [10.793539061354492, 59.969849845215], [10.79355844880151, 59.970010690962326], [10.793564635552771, 59.97005800314927], [10.793564964418719, 59.97012742746101], [10.793596439138692, 59.970228416991276], [10.793577787755048, 59.97033571825879], [10.793521532126626, 59.97046510771683], [10.7934522280703, 59.97055038131054], [10.793270083453258, 59.97067674090468], [10.793352105832133, 59.97076810434963], [10.793459358075337, 59.97086279113872], [10.793598002043163, 59.970998401140484], [10.793661264475913, 59.97112450202133], [10.793749512185366, 59.97121912084509], [10.793825396034006, 59.97127270414393], [10.793957373205975, 59.971275837492186], [10.794227947278452, 59.971190423166654], [10.794447906261246, 59.971051602708606], [10.794718317254375, 59.97092509111629], [10.795410175995023, 59.97064082975978], [10.796392292864326, 59.97059915098898], [10.796530106065864, 59.97032454445041], [10.79695783557676, 59.97010027475421], [10.79737932303916, 59.969872838216965], [10.798599269971023, 59.969272540683654], [10.798938909384843, 59.96913024544533], [10.798731123586103, 59.96902633420662], [10.798529464144435, 59.96897593723181], [10.798271175236671, 59.96893506320512], [10.798019321461647, 59.968922626282534], [10.797780346817312, 59.96895429856719], [10.7975664067132, 59.96900493068623], [10.797635303999247, 59.96879978680715], [10.798491468891765, 59.968837157171606], [10.79878677809176, 59.968587620888464], [10.797779384280119, 59.96852510863512], [10.798074113175447, 59.967966341215195], [10.799043309545114, 59.96787738751037], [10.798821653359624, 59.967167464496036], [10.798626002458915, 59.96698778227229], [10.798355197602776, 59.96687745532376], [10.79791423117605, 59.96672303789028], [10.797857240085497, 59.9665431916127], [10.797699019009885, 59.966192965507325], [10.797665207583035, 59.96516749827834], [10.79763913843549, 59.96473831694472], [10.797663237555968, 59.9642840305126], [10.797618474588273, 59.96399371014825], [10.797611460537505, 59.96369703933411], [10.797515893211834, 59.96313859331847], [10.79825172636276, 59.96292037147363], [10.798427771970774, 59.96286987888608], [10.79884900237621, 59.962749699124295], [10.799257629524034, 59.962632712123394], [10.799272309988417, 59.962456139103395], [10.79925399711728, 59.96230360144327], [10.79921741749128, 59.96204339267749], [10.7991269842226, 59.961738398938515], [10.799059455857835, 59.961569545530196], [10.798983756542915, 59.961462292792085], [10.7987857915099, 59.96126293525544], [10.798588134018988, 59.96098482236076], [10.798498071269522, 59.96073351830777], [10.798354305554408, 59.9605451503701], [10.7982285950463, 59.96036571893143], [10.798174182516592, 59.96001574730101], [10.798268381497968, 59.95966745698911], [10.798249078695694, 59.95937713904543], [10.798248641494448, 59.95911196911232], [10.798225206682615, 59.95874113600589], [10.798188972722675, 59.958588564895976], [10.798196730584428, 59.95846518056001], [10.7981879864113, 59.958139682639775], [10.798144648051633, 59.957764618303315], [10.798162545419522, 59.957373254102635], [10.798231437844697, 59.95701804336289], [10.798343170520182, 59.95661906186371], [10.79839825143006, 59.95629074489822], [10.798469227843746, 59.95598550300443], [10.798504120558603, 59.955608527076784], [10.798490950960812, 59.95522741195759], [10.798478324321307, 59.95519266209924], [10.798387525676183, 59.95494870675955], [10.798852392988287, 59.95461079991889], [10.79901582625905, 59.954617000618335], [10.799280047242009, 59.95448435079732], [10.799083175005228, 59.95373646333432], [10.79846019779741, 59.953787358128814], [10.798466650555998, 59.953869385606815], [10.797837542261476, 59.953936086766504], [10.797805848941422, 59.95383823827145], [10.797597408990745, 59.95346599819239], [10.797442001400514, 59.95316756131658], [10.797388491466021, 59.953049506032656], [10.797306385149017, 59.952872812805424], [10.79722612429446, 59.952709845111364], [10.797193885121567, 59.952668625272075], [10.798154465975628, 59.9522411560607], [10.798362336840965, 59.952329428572476], [10.798569970907968, 59.95234180555035], [10.798692903463376, 59.95228701274137], [10.798746644845657, 59.952242061228915], [10.798800095717356, 59.95216122434355], [10.798871469285753, 59.95208042057794], [10.7989785182606, 59.95199958475635], [10.799103680194333, 59.95191869762794], [10.799264620920816, 59.95187374792065], [10.799425636629497, 59.95181971935185], [10.799568477675273, 59.951720962561666], [10.79965771822218, 59.9516490892556], [10.799800686011167, 59.95153235482169], [10.799926761158117, 59.95141310235132], [10.800140269082926, 59.951220660714675], [10.800328541012673, 59.95104063069593], [10.800425541292974, 59.95094850444489], [10.800461179349902, 59.95087663099314], [10.800514675578617, 59.950813778253966], [10.800710976796347, 59.95052646761849], [10.800836560350769, 59.95039973569166], [10.801174754369908, 59.94989791749402], [10.80135675724843, 59.94960736285], [10.801549129685974, 59.94931417122853], [10.801708081369403, 59.94914327668631], [10.802199298163428, 59.949291284692194], [10.80236909077176, 59.94924706244458], [10.803728676946935, 59.94955868354776], [10.804018835657414, 59.94925889324451], [10.804250990322657, 59.94907036687091], [10.804218060666818, 59.94892410720994], [10.804223415014523, 59.948649591903276], [10.804053367398106, 59.94856136465604], [10.80424626525568, 59.94781349297528], [10.803371643124585, 59.947719453359625], [10.803044340459163, 59.94766289963946], [10.803219932784465, 59.94739443719064], [10.803150702985308, 59.947369303804564], [10.803131725709138, 59.94731250252224], [10.803194327463334, 59.947227191476095], [10.802792211720702, 59.947353834390725], [10.80255320440832, 59.94741392325804], [10.802314123905793, 59.947509975700676]], [[10.730276882552056, 59.948542362912114], [10.730270788095593, 59.94850843381986], [10.730270788238249, 59.948508433978255], [10.730276882552056, 59.948542362912114]]]}, "properties": {"FID": 5, "kommunenum": "0301", "BYDEL": "08", "BYDELSNAVN": "Nordre Aker"}}, {"type": "Feature", "id": 6, "geometry": {"type": "Polygon", "coordinates": [[[10.925107583541935, 59.93961460489786], [10.924837111481786, 59.93963716487646], [10.924466317270673, 59.93967559065338], [10.924032667687065, 59.93972681447878], [10.923749937234064, 59.939758702666765], [10.923115085584577, 59.939822847750584], [10.922545361024591, 59.93988774604961], [10.92202704107407, 59.93995135741979], [10.921436869846445, 59.94000617750674], [10.920846886956278, 59.94006091225151], [10.92032847580951, 59.940097541207216], [10.919774028075604, 59.940134310944636], [10.919287392185213, 59.940182080504655], [10.91874017135788, 59.94018922004573], [10.918507516537549, 59.94019271056226], [10.91833767703105, 59.940186638392866], [10.917967710759319, 59.940181825628144], [10.917699123312977, 59.94016424130217], [10.917412756024977, 59.94015572431848], [10.91705497481617, 59.94012035972793], [10.916732680786039, 59.94008492483714], [10.916356792748445, 59.940049625709484], [10.916166837098368, 59.940016313688474], [10.915103524120141, 59.93988992671344], [10.914681495932037, 59.93981030637656], [10.914315595921899, 59.9397565200477], [10.913818973288198, 59.93969481166128], [10.91340255118395, 59.939632263041155], [10.913151921516484, 59.93960569570394], [10.912865335220834, 59.93956119981778], [10.91256115707648, 59.93952568697694], [10.912283444138703, 59.93949207468933], [10.91186155191026, 59.93945794185107], [10.911635328778168, 59.939445615125514], [10.911402457437442, 59.93943344184886], [10.911106950234474, 59.93941482777205], [10.910710646317922, 59.93940279392202], [10.910414949439547, 59.93938426188509], [10.910169777339535, 59.939384651463776], [10.909886829221685, 59.93938188892285], [10.909585030966495, 59.939382316007595], [10.909238938006354, 59.9393859524424], [10.908805144876366, 59.939396034421684], [10.908499865925144, 59.93939707076215], [10.908088660177851, 59.93942448538236], [10.90773088109185, 59.93944294885485], [10.907391240958027, 59.93945235581542], [10.90710511342319, 59.939479697242255], [10.906805853047917, 59.93950600100141], [10.906472671652857, 59.93952549579587], [10.905957106104712, 59.93955784151897], [10.905656548522822, 59.939571425181086], [10.905370453952655, 59.93958977333967], [10.905084202563135, 59.93959921587121], [10.90472486157734, 59.93960998013013], [10.904422336164853, 59.939609025374786], [10.90408956197593, 59.93962663823022], [10.903850701069898, 59.939623795660864], [10.903517363378576, 59.93962421682577], [10.903290862530069, 59.93962139783897], [10.903075099950499, 59.939612888023795], [10.902940566121757, 59.940131789076936], [10.902940767845822, 59.940176569477906], [10.902958838796701, 59.940230447507254], [10.90303078964783, 59.94030218446792], [10.903102704047303, 59.94033795694782], [10.903144048345927, 59.940360101407784], [10.903207003474272, 59.94037266926529], [10.903371283189259, 59.94040052503335], [10.903496567942453, 59.94040028603208], [10.903892525196714, 59.94037169227279], [10.904131617684024, 59.94038721918503], [10.904276360192682, 59.94041221944915], [10.904355426845944, 59.940435087110124], [10.904462829936321, 59.9404707937294], [10.904552628783213, 59.94051557282587], [10.904624511425443, 59.94056033485245], [10.90469639242178, 59.940605095966994], [10.904732429621657, 59.94064991213766], [10.904768278380232, 59.94069481185697], [10.904804315725007, 59.94073962710906], [10.904804615348098, 59.94080248291542], [10.904823023651941, 59.94086527119476], [10.904823060502903, 59.940901235647694], [10.904805514674978, 59.94094609364516], [10.904787899306939, 59.94100893064502], [10.904734639834876, 59.94106292785056], [10.90469914139914, 59.94111675835573], [10.904592093698733, 59.94117969224946], [10.904467286104566, 59.94124279268261], [10.904342203635531, 59.941287812977826], [10.904056653898701, 59.94139590462329], [10.90371747092741, 59.94151311568048], [10.903449692635238, 59.941612227220965], [10.903253022593775, 59.941675339627636], [10.903000727118563, 59.94175209562641], [10.90283153011671, 59.94182487331257], [10.902624351774305, 59.94191355128562], [10.90242995651319, 59.942014764574694], [10.902368105642232, 59.94204979295673], [10.902182147471544, 59.942143625972484], [10.902021614455155, 59.94222458310267], [10.90186125825434, 59.94230554646119], [10.901718461826361, 59.94238651600573], [10.901557890047215, 59.942476462994115], [10.9013616122509, 59.94257545812398], [10.901218815286084, 59.94265642800766], [10.901022784182956, 59.942782403086305], [10.900897771510593, 59.94285430512701], [10.900799461016609, 59.94293198284877], [10.900724031826895, 59.94298259193121], [10.900666183279942, 59.94304318777834], [10.900630711089743, 59.943088026826636], [10.900605329162016, 59.943112141361304], [10.900541793378393, 59.94318685585999], [10.900468151442812, 59.943314300795095], [10.900382232813184, 59.94347436123705], [10.900256316242597, 59.943721645296165], [10.900144250287829, 59.94393951188228], [10.900026013925569, 59.94418262974808], [10.89993891162353, 59.9443594651308], [10.899870648402725, 59.944517286770385], [10.899745838013358, 59.94470050150878], [10.899620540425301, 59.944938363889584], [10.899571591068893, 59.94507619842359], [10.899760346829813, 59.94509178393596], [10.900138222417372, 59.94517647413939], [10.900160695057, 59.94517644320949], [10.900182242174425, 59.94517641393262], [10.900324328875751, 59.94518241912956], [10.900326919580108, 59.945182513837345], [10.900565893685096, 59.945178982663144], [10.900784900703778, 59.94517024462829], [10.90118876213972, 59.94517822644526], [10.901459935286352, 59.94517227869148], [10.901708551432302, 59.94517192252849], [10.90184853564548, 59.94518338050908], [10.901980752159275, 59.945202598355024], [10.902151796000602, 59.94529045465291], [10.902335251600645, 59.945460603547396], [10.902549324780285, 59.94552660218323], [10.9032865055158, 59.94573060619734], [10.904044472015455, 59.94574905186195], [10.904519719010684, 59.9457667954904], [10.904492291758743, 59.9458292378371], [10.904432312427248, 59.9459215970287], [10.90442651428242, 59.94600044581098], [10.904445915643445, 59.94610453250587], [10.904516006636713, 59.94628428029014], [10.904584822663857, 59.94639457935006], [10.904668533034284, 59.94655550932329], [10.904581016377493, 59.946650248477305], [10.90445586920748, 59.946760900551325], [10.9043432580684, 59.94685566862036], [10.904349869337503, 59.946947220834375], [10.903830257628648, 59.947373951771105], [10.90365429628378, 59.947402644537895], [10.90342857815256, 59.947598998056144], [10.903215010470204, 59.947805797727355], [10.902983410667542, 59.9479945944649], [10.902766350607191, 59.94816433272406], [10.903118073516726, 59.94825223295044], [10.903344924248078, 59.948333911565555], [10.903490120411435, 59.94838742726303], [10.903641289057465, 59.948453534428964], [10.903729710904527, 59.94848496469161], [10.904006924291508, 59.948630514282016], [10.904132833390808, 59.9487110312431], [10.904294303702176, 59.94881854599159], [10.9045189668442, 59.949010831020594], [10.904759330705636, 59.9492124150781], [10.905011842782807, 59.94936357816451], [10.90520118917399, 59.94946746301247], [10.905358841788953, 59.94956820548089], [10.905485278162582, 59.94965323233698], [10.905554890169201, 59.94973829044428], [10.905599578338492, 59.94985826786107], [10.905750100682338, 59.949884704008106], [10.9057514815849, 59.94988467866922], [10.905875249941742, 59.94988450546646], [10.905880971959652, 59.949882339914254], [10.905897601768203, 59.94987604680722], [10.905876943766055, 59.94994615277629], [10.905876938567774, 59.94994618698222], [10.905877236704335, 59.949948759555255], [10.905883549798968, 59.95000294450596], [10.90600161145795, 59.95008177677886], [10.906234769826309, 59.950198170245685], [10.90644988620808, 59.95029665026966], [10.906709322028295, 59.950377357463765], [10.906987581028218, 59.950475461064755], [10.907118958865611, 59.950521979125526], [10.907251026852135, 59.950546940616704], [10.90743512574851, 59.950555537463636], [10.907417288054717, 59.95065064509939], [10.90809846912534, 59.950796866357], [10.908546308613419, 59.95089492894946], [10.908976250339158, 59.95098407322545], [10.90933455071626, 59.95105534723942], [10.90965726796051, 59.95111140016506], [10.909424929926029, 59.95118429425699], [10.909142412483794, 59.95127307185726], [10.908709041612294, 59.95140625331742], [10.908210129245786, 59.95154180321938], [10.907590844110464, 59.95170130389634], [10.907245387093313, 59.95179019076312], [10.90664244903663, 59.951955139627195], [10.905825724041645, 59.952164510453755], [10.905335638211648, 59.95230095373933], [10.904971303849798, 59.952395991148016], [10.904443556357858, 59.95253251861076], [10.904035177334148, 59.95263724286576], [10.903400627437032, 59.95280533097409], [10.902866545614465, 59.952948039332355], [10.902382929466329, 59.95308125691114], [10.901924214898143, 59.953198614693406], [10.901509505269658, 59.95330655058963], [10.901176504549696, 59.95338573894803], [10.900937854005205, 59.95343981191805], [10.900617192076323, 59.953503288834675], [10.900265282696386, 59.95357010988931], [10.899906845298355, 59.95362737487057], [10.899636458175621, 59.95366553229429], [10.89939143117347, 59.953694318897426], [10.89908936299457, 59.95372627491399], [10.89867444447715, 59.95376478633475], [10.898372448619904, 59.95379035899704], [10.89808318176142, 59.953797087273465], [10.897667816925301, 59.95381022749957], [10.897466615826822, 59.95381367299882], [10.897120590436161, 59.953814046246414], [10.89682481790661, 59.95380816148422], [10.896258477449154, 59.95378683573892], [10.895924754090778, 59.95375881816261], [10.895459000961289, 59.95371850467935], [10.895257587644805, 59.953690381616916], [10.895074939348671, 59.95366850766674], [10.895000619027396, 59.95390525789737], [10.895384889025355, 59.95400570098931], [10.895700145605222, 59.954122063295344], [10.895895803821718, 59.95422274236557], [10.895984151407662, 59.95427943928746], [10.896059893036373, 59.95434239709193], [10.896135550258032, 59.95439591173041], [10.89618635810857, 59.954458991608156], [10.896243356756468, 59.95453143490619], [10.896293976435375, 59.95459459918415], [10.896149330108257, 59.95459153256588], [10.895847142634882, 59.95459830235297], [10.895350211733783, 59.954608445134824], [10.894916195577979, 59.9546215355698], [10.894721261675521, 59.95462499189971], [10.894463109387049, 59.95462216226667], [10.894299505813402, 59.95461292860814], [10.894205185475471, 59.95461313591859], [10.894003642449986, 59.95459759442965], [10.893707736384163, 59.954569581536774], [10.893405450525414, 59.95451637407079], [10.893203991212763, 59.9544755689433], [10.893267891224873, 59.95464272328313], [10.893299636949946, 59.95471204346903], [10.89331952825006, 59.954748267099184], [10.893355649458677, 59.95481988129521], [10.89339512238277, 59.95491075009817], [10.893445835263773, 59.9550179732499], [10.893482241155597, 59.95508006624623], [10.893522262029826, 59.95518821525805], [10.893627413105047, 59.95544782130789], [10.893699729663116, 59.9556093039162], [10.893754336553666, 59.955761782290686], [10.893794309193751, 59.95582983011858], [10.893883488707594, 59.95605054784501], [10.893953836220273, 59.95621925029297], [10.893971900049666, 59.9562731294823], [10.893998215108056, 59.95633131104211], [10.894008256729627, 59.95637181298011], [10.893998777719055, 59.95641647168599], [10.894008723176693, 59.956479448286686], [10.893991497018218, 59.9565692689611], [10.89397389013818, 59.95662311503236], [10.893974056483085, 59.956668074476774], [10.893956306833982, 59.95671292555684], [10.893938915912173, 59.95675778675314], [10.893903511674319, 59.956820698513155], [10.893885761800727, 59.956865548686146], [10.893850216475627, 59.95691946541786], [10.893812778191908, 59.95696262310637], [10.89379667033894, 59.95699134179343], [10.893743415457807, 59.95703625429216], [10.893672119286368, 59.95710811683555], [10.893583016151425, 59.95718913494478], [10.893506381223263, 59.9572722491282], [10.893406070111341, 59.95735111964933], [10.89472263894799, 59.95759489156753], [10.894824040105771, 59.957769146546745], [10.894906473400107, 59.957879425489104], [10.895007728484726, 59.95798975110244], [10.895091270748923, 59.95805780687938], [10.895247787577789, 59.95815043395582], [10.89537410301204, 59.95824805387033], [10.895620164626092, 59.958383478433646], [10.895840970764484, 59.95848107407272], [10.896055418923831, 59.95855329740225], [10.89638644509694, 59.95922308526447], [10.89679938340049, 59.95945595044748], [10.896584510796334, 59.95946526280302], [10.89601262245004, 59.95949384750078], [10.896460686716814, 59.959734718300226], [10.8965159891313, 59.95976515750193], [10.896529580289588, 59.959756978245764], [10.896544993198846, 59.95976340320841], [10.896560411244216, 59.95976991791314], [10.89654326867263, 59.95978017271247], [10.896981266870544, 59.960021255658525], [10.89719420467237, 59.960131402932], [10.897197499677652, 59.96012972985218], [10.89724192462691, 59.960151725121136], [10.897237676119241, 59.96015388884496], [10.897465870949087, 59.96027192594988], [10.897590102742205, 59.96033533170806], [10.898237640521764, 59.9606658184174], [10.89707738132807, 59.96122371759648], [10.89707704140934, 59.96122388146112], [10.897077092195955, 59.96122392384343], [10.897256611903757, 59.96131339858139], [10.897525722948163, 59.96146563010234], [10.89766941593567, 59.961546166209644], [10.89784878595684, 59.96162673420123], [10.898028297111333, 59.96171629696755], [10.898225828446442, 59.961832673112994], [10.898351480816842, 59.961895294322915], [10.8984951649104, 59.961975919508724], [10.898728413461173, 59.962083337246185], [10.898908047422731, 59.962190794171924], [10.899105288952436, 59.96228926805307], [10.899320766811247, 59.96240557203457], [10.899536329736831, 59.96254004009242], [10.89987756203433, 59.962737037557154], [10.900092935045375, 59.96288030871877], [10.90029064910338, 59.96299677805813], [10.900487899535031, 59.96309524981838], [10.900613808077644, 59.96318484921309], [10.90066772953917, 59.96324757457607], [10.90084711604164, 59.96332813839282], [10.900972883576328, 59.96340874244416], [10.901109634345321, 59.96349768939022], [10.901224599882882, 59.96356995477627], [10.901343400969877, 59.963648903826375], [10.901440054336089, 59.963740199428834], [10.901601800660309, 59.963838734809755], [10.901745618767688, 59.96393725085422], [10.901961058375964, 59.96406271984041], [10.902068865894796, 59.96415229409302], [10.902230734097133, 59.96426872407267], [10.902374706942283, 59.964421099170785], [10.902518457620046, 59.96453759421333], [10.902680102762794, 59.964663097585245], [10.902788127946385, 59.964743687258796], [10.902967660163497, 59.96483333306972], [10.903182932896684, 59.96491383975269], [10.903415967920425, 59.964994269512495], [10.903667113268115, 59.96507472232231], [10.90390018636902, 59.96514616172912], [10.904186909686853, 59.9652086585049], [10.904437950320267, 59.96527112536594], [10.90479638343522, 59.96534250265639], [10.905065296151372, 59.9654228751197], [10.90540613503421, 59.96550314437154], [10.905620759253292, 59.96557445738576], [10.905854010772005, 59.965637266520915], [10.906087271946891, 59.96570870750895], [10.906464158258272, 59.9658339694868], [10.906679421884787, 59.96592337078434], [10.906841159488073, 59.96603088996379], [10.907074658940099, 59.966183162817764], [10.907182546013914, 59.96625484378101], [10.907290288895725, 59.96631752878599], [10.907433869240606, 59.966389149019804], [10.907541757763491, 59.96646082968024], [10.907703236835232, 59.96654145650781], [10.907808771124207, 59.96660461224426], [10.907882933262492, 59.96664881183615], [10.908152040754688, 59.966774228022174], [10.908385729157724, 59.966926504000035], [10.908565299281136, 59.96701605295809], [10.908780650667664, 59.96713242648912], [10.908942326490756, 59.96721296817104], [10.909103789264272, 59.96730249363993], [10.909211716869889, 59.96736518254569], [10.909409188779915, 59.967472458331315], [10.909588950680975, 59.96760696513812], [10.909840582800925, 59.967759256517745], [10.90998423072283, 59.96786674908453], [10.910164196730376, 59.968001081535064], [10.910344121026448, 59.9681444931555], [10.910541632175422, 59.96828782147558], [10.91066770853321, 59.96839530725989], [10.910865400222628, 59.968538639689754], [10.910991322018713, 59.9686372201699], [10.911421302697827, 59.96893862392026], [10.911566570819831, 59.969040319674335], [10.911764126259254, 59.96917465662338], [10.911962128423411, 59.96933588910241], [10.912195820841825, 59.969497149344555], [10.912357671127895, 59.96963163545628], [10.912591265832422, 59.96977482057297], [10.912788974168251, 59.96991815091021], [10.912950751161944, 59.97002566234925], [10.913202139229751, 59.97015986807028], [10.913327871928585, 59.97021357518703], [10.913500416128555, 59.970294897015386], [10.91363311650874, 59.970373544983346], [10.913812820909715, 59.97044627747947], [10.914028009894404, 59.97051777205028], [10.914261290024099, 59.97059818865233], [10.914441150415458, 59.97066966688747], [10.914673939636517, 59.970732265508445], [10.914831702752704, 59.970785166104335], [10.914997149631848, 59.970848464628055], [10.915194443580766, 59.97091095138376], [10.915427843560995, 59.9710093511989], [10.915517704448416, 59.97106311347091], [10.915715227677664, 59.97116156917452], [10.915841208167516, 59.971251154483554], [10.916003012548417, 59.971358573001616], [10.916110994779958, 59.97146612161423], [10.916254855095756, 59.97157361265075], [10.916398592397698, 59.97166320817364], [10.916524815555833, 59.9717886734564], [10.916686673397901, 59.97193205535603], [10.91683083216997, 59.97205753651445], [10.91701054506245, 59.97217395937587], [10.917190261010283, 59.972290381958466], [10.917280222395199, 59.97237102866872], [10.917435350848507, 59.97245702028548], [10.917531791439941, 59.97251422088878], [10.917624871611222, 59.97257976944507], [10.917729537596909, 59.972657544482395], [10.91794745642125, 59.9728191139864], [10.917991765073355, 59.97285689873061], [10.918071505592708, 59.97290845767432], [10.918179383845155, 59.97299801922168], [10.918332925277012, 59.97308674719668], [10.918448863863668, 59.97315021597341], [10.91866443767926, 59.97327556874078], [10.918932972687253, 59.973426746269745], [10.919059657728477, 59.9734903672499], [10.919185569621353, 59.97355297453083], [10.919293181312574, 59.97361564484224], [10.919490908761228, 59.97371410112706], [10.919724298858371, 59.97382157258048], [10.919885865384876, 59.973902005937475], [10.920172937187866, 59.97400034979445], [10.920388309390336, 59.97408082963074], [10.92063953520884, 59.97417024072245], [10.920926622519447, 59.974268493834586], [10.921249372214438, 59.97437576139302], [10.921411142883004, 59.974447297967046], [10.921679993634806, 59.974527632184184], [10.922003000365555, 59.9746168344573], [10.922289843611358, 59.97473314797351], [10.922541079462965, 59.974822555388414], [10.922828296307133, 59.974938788673285], [10.92305300710029, 59.97502656606283], [10.923258752756661, 59.97509064965976], [10.923438160908885, 59.9751442990733], [10.92361746176804, 59.97517987299569], [10.923832615779341, 59.97522437743293], [10.924065645075695, 59.97528687648961], [10.924334471263606, 59.975322340665], [10.924603404636606, 59.97537587955613], [10.924800495601303, 59.97540247201556], [10.925033290637513, 59.97542899879844], [10.925194541605444, 59.97544657112899], [10.925338279025333, 59.975491293036846], [10.925570976008094, 59.97549093410933], [10.925732334735232, 59.97552658014451], [10.925911629168558, 59.97556224090378], [10.925965578957918, 59.97558009183266], [10.926144725853648, 59.97560675643708], [10.926378100686438, 59.97567816269442], [10.926521514782085, 59.97571388197582], [10.926736835264322, 59.97576728839341], [10.926934050744322, 59.97581186200205], [10.927203063249738, 59.975901270643945], [10.927418358407838, 59.97596366445937], [10.927705409600511, 59.97602602843778], [10.92793882418555, 59.97614238548515], [10.92808247345834, 59.976222883986686], [10.928262560253087, 59.97635719367896], [10.928442487070281, 59.9764825963937], [10.92860412033308, 59.97660797427898], [10.928746307262047, 59.97677626483916], [10.928929243636844, 59.977011446527854], [10.929070042326348, 59.97719542765839], [10.929127792386685, 59.97737207900648], [10.929116691047279, 59.97760243669703], [10.92906713138903, 59.97772245956752], [10.929004896684752, 59.9778361567303], [10.92891086788777, 59.97793412785902], [10.928892299758637, 59.97796259409139], [10.928703477496333, 59.978142868584975], [10.92859693433102, 59.97825070205714], [10.928472234113377, 59.97836759483835], [10.928365380940987, 59.97851147133459], [10.92824155067019, 59.97870004593441], [10.928189274713766, 59.97895151765763], [10.928226871421137, 59.97921178908589], [10.928282569002358, 59.97953492485306], [10.928315093793875, 59.97971682125002], [10.928530470449116, 59.97964894162253], [10.928556287285229, 59.979593636926495], [10.928597319070295, 59.979538622774314], [10.928573621628084, 59.979470191558896], [10.928692145137093, 59.979170148860504], [10.928727942192413, 59.97895053376059], [10.928783735658639, 59.97885569754128], [10.928856726004465, 59.97882963177174], [10.928863775279433, 59.97879856209339], [10.928908501662878, 59.97877620746135], [10.928980560116907, 59.9786512158633], [10.928982580404176, 59.97858663570295], [10.928943993304474, 59.97856782223075], [10.92897640234789, 59.978514339607464], [10.929044003877202, 59.978505818552364], [10.929202110025772, 59.978350668337676], [10.929392616489814, 59.97825882250232], [10.92941358764943, 59.97826333649657], [10.929516747503543, 59.978150902802554], [10.929872715415968, 59.97776666589877], [10.929936404875466, 59.97769365090922], [10.929948286317256, 59.97766704542805], [10.930132641256034, 59.977461728347656], [10.930380664950475, 59.97723023454528], [10.93043117507588, 59.97718270580187], [10.930368763183493, 59.97715048013834], [10.930366638288488, 59.977148796583386], [10.930544680866735, 59.977120308617536], [10.93057324256314, 59.97711561638608], [10.931062997143147, 59.97704820155669], [10.931101332903665, 59.976797557488744], [10.931122426178735, 59.97665948270035], [10.931211544190138, 59.976557583020146], [10.931220918171213, 59.97654699368945], [10.931223854459708, 59.97654645492718], [10.931246660511029, 59.97652144540815], [10.93125468077867, 59.976485371046785], [10.931263320570169, 59.97644571913377], [10.931305628583047, 59.97642841448283], [10.931566558688484, 59.97632678288715], [10.931866471870013, 59.97618526663111], [10.932240193052474, 59.97581964453879], [10.932209133196238, 59.97572788086367], [10.932384986895537, 59.975667496396234], [10.932736512845496, 59.9755467213115], [10.932902432743605, 59.97541824022786], [10.932924974943827, 59.97534278502129], [10.933013400224969, 59.9752274663012], [10.933130764451546, 59.97513794524961], [10.933161589600005, 59.975097269437086], [10.933425404650906, 59.97477338618088], [10.933734244914772, 59.97416166233781], [10.933795730582837, 59.97403634214116], [10.933845948861777, 59.97393413923264], [10.93399200727189, 59.9737978523162], [10.934904573764658, 59.97303995152688], [10.935116749745177, 59.972727329434406], [10.935622642041563, 59.97206746575249], [10.936003413564125, 59.97177811206254], [10.936206846216203, 59.97156582327137], [10.936452249601318, 59.97116054118716], [10.936581404182762, 59.97094695067015], [10.937053502237788, 59.970396894978585], [10.93734030564079, 59.970026782558264], [10.93751451988523, 59.96955394335623], [10.937616074446696, 59.96898185494763], [10.93788270082801, 59.96827891692022], [10.937950756531965, 59.96755142797113], [10.937919820379408, 59.96697309867485], [10.937949198187162, 59.96610910883986], [10.938075170832834, 59.965520510709865], [10.937841514863653, 59.96513444523997], [10.937649584420855, 59.96435407862582], [10.9370675973311, 59.963634149802935], [10.936948198234093, 59.9630038230814], [10.937055595494128, 59.9628649935765], [10.937223115008791, 59.96266283480116], [10.937465185374258, 59.962615995075026], [10.937555327010807, 59.9621206943487], [10.93780480300627, 59.96168730626524], [10.937828918747288, 59.961315119451555], [10.937657575678394, 59.96116688671587], [10.937477049481709, 59.96085519092242], [10.937830448162385, 59.960511496493154], [10.93816262362498, 59.96020337924629], [10.938373701422881, 59.95999528045811], [10.938701162523628, 59.959658246463796], [10.93901406391279, 59.95924686065867], [10.939374067236866, 59.958702696758486], [10.939805541348072, 59.95832427274291], [10.940183841074832, 59.95788810769379], [10.94020634594601, 59.95779368069016], [10.940288943606532, 59.95744873901078], [10.940331284330481, 59.9573445838802], [10.940520941404456, 59.95717205380799], [10.940591671023535, 59.95684346999431], [10.940507121215473, 59.95662778751775], [10.940547128603294, 59.95637584535662], [10.940979383030504, 59.9559394534131], [10.941171123909282, 59.955719066618336], [10.941345725629263, 59.95546003204016], [10.94146168258027, 59.955242166489924], [10.94143856524815, 59.955136713449996], [10.941440726779778, 59.95497414079266], [10.941297845125481, 59.95484539964687], [10.94111273707115, 59.95480823032632], [10.94109322563093, 59.954755303284394], [10.941260257362904, 59.95473221861923], [10.941245213724024, 59.954664775782774], [10.94116606244326, 59.9546450755138], [10.94119718926962, 59.95459730537701], [10.941297458074125, 59.954607046528764], [10.941395460867184, 59.95446549758255], [10.94133550409266, 59.95439738995919], [10.941517188816924, 59.95435416747684], [10.941568103167047, 59.9543219312309], [10.941520603700312, 59.95427066014366], [10.941645859299852, 59.9542271380075], [10.941724788820977, 59.95415935308913], [10.941809802255484, 59.954170692607065], [10.941930834869037, 59.95409431370021], [10.942018807836485, 59.95409612463468], [10.94202564597071, 59.95407394916353], [10.942077940298763, 59.95404508126577], [10.94215836477462, 59.95406023536038], [10.942179023392477, 59.954039384236374], [10.942109826331071, 59.954008662713036], [10.942224478497364, 59.95391995009892], [10.942232237296059, 59.95386390828794], [10.942290035120449, 59.95382666898304], [10.9422674890157, 59.95371799840973], [10.94236101026895, 59.95366864287353], [10.942281788232743, 59.953652447270194], [10.942306584192554, 59.953578769250264], [10.942228362976236, 59.95352951896965], [10.942241496665938, 59.953513021665614], [10.942243966896516, 59.95348846291869], [10.942273972904772, 59.953455672838615], [10.94228895700269, 59.95340210064929], [10.942316460118704, 59.95336779443801], [10.942404240916751, 59.95333750302726], [10.942454116220802, 59.95324490718118], [10.942433958464022, 59.95322360791209], [10.942536705968962, 59.953112052355316], [10.942557775127769, 59.95307026639183], [10.94262595731317, 59.953056542210184], [10.942686549606867, 59.95302136691598], [10.942741733879684, 59.95296300990962], [10.942730637227955, 59.95293066154164], [10.94263194046747, 59.952883208524455], [10.942620918308267, 59.95285904425665], [10.94262075864674, 59.95282226752369], [10.94269382594252, 59.95278621780807], [10.942820918051991, 59.952794987003294], [10.942958435664412, 59.95278447646686], [10.943045998858967, 59.95276325863278], [10.943114853668089, 59.952714761629395], [10.943208129089633, 59.952632222736085], [10.943265021227074, 59.952595045707476], [10.943271611361782, 59.95255730817294], [10.943583666612057, 59.952763990486346], [10.94392731475568, 59.95296741767515], [10.944336788710107, 59.95321009210685], [10.944618436770087, 59.95309550098046], [10.944936857653147, 59.95296603824984], [10.945239821764549, 59.952842751361565], [10.94532302407516, 59.95280881056214], [10.945690867759838, 59.95265919915104], [10.945891402144078, 59.952577532826695], [10.94741921153449, 59.951650589912674], [10.950755881581156, 59.94962719236899], [10.950850550892925, 59.94956968582599], [10.951389441564386, 59.949242988584885], [10.950917917158767, 59.949037268456735], [10.95026335528132, 59.94881288412134], [10.95011166248, 59.94866230384301], [10.949499528507733, 59.948558703522345], [10.948627087208928, 59.948199046099305], [10.947890141489042, 59.94807559623723], [10.947794080696058, 59.94805942545427], [10.947638286777885, 59.94803341577205], [10.947567026443028, 59.9477997164926], [10.947524477218392, 59.947661032454484], [10.947490923502208, 59.94755139425477], [10.947345907737267, 59.94736100869216], [10.94705060262389, 59.94712455200786], [10.946905400423853, 59.947054453698854], [10.946747565356473, 59.94700707192533], [10.946528422628223, 59.94695834294149], [10.946322118567576, 59.94694678084879], [10.946069870101292, 59.94693722022663], [10.945785205444777, 59.94699049426445], [10.945667616176927, 59.94703461538733], [10.945569205119508, 59.947071415299305], [10.945384494944287, 59.94714412759138], [10.945256259828872, 59.94723718881347], [10.94514743544795, 59.94733273548072], [10.945151623906385, 59.94746259888779], [10.94520182462308, 59.94756501766084], [10.945241065382078, 59.94764714083983], [10.944997650172873, 59.94778071025563], [10.944345110093392, 59.947632597408116], [10.943690293432441, 59.947451864793756], [10.943032667983758, 59.94726340012004], [10.942762109445308, 59.947128119947884], [10.942604879580752, 59.94703921537267], [10.94244636990159, 59.946864141781475], [10.942517145027976, 59.946832067921996], [10.942533792899761, 59.94678538000468], [10.94246858071429, 59.94674417210531], [10.942507243407675, 59.946636217748946], [10.942580810115729, 59.94656961580607], [10.9426768674599, 59.9464759254733], [10.942704108994588, 59.9464217414881], [10.942915678046084, 59.94628332987639], [10.942923113815544, 59.94626503826971], [10.94294459846781, 59.9462110369294], [10.943002884172888, 59.946168239128745], [10.943007206661129, 59.946119732426794], [10.94293354379489, 59.94598943822925], [10.94285338831047, 59.94592538420241], [10.94274628736943, 59.94590284528628], [10.942673004930104, 59.945879280964185], [10.942538711917681, 59.945882696797575], [10.942464579870622, 59.94586315170303], [10.942300306118204, 59.94586114811189], [10.942284548331788, 59.94568094081075], [10.942265220035505, 59.94545962648829], [10.94246937812164, 59.945317300765815], [10.94258581524202, 59.94523277994578], [10.942628139370761, 59.94520765125627], [10.942868212212808, 59.94513646707017], [10.943302465662459, 59.94500590209328], [10.94327409834504, 59.94492285472457], [10.943236202704306, 59.94492645251718], [10.943249823405758, 59.94490448508175], [10.9432615653461, 59.94488614617275], [10.943247616879406, 59.944819996008086], [10.943242018257317, 59.944811551963475], [10.943252815078084, 59.94473357630845], [10.943297668700522, 59.94468335238699], [10.943450380708805, 59.94460111572054], [10.94368080962684, 59.944500324889965], [10.943758902278525, 59.944430355550544], [10.944024531410758, 59.9443201290023], [10.944242582716122, 59.944229653877315], [10.944380493141516, 59.94417168514385], [10.944712013889205, 59.94406627374063], [10.94496191769672, 59.94397614868992], [10.945095609477685, 59.94391310463422], [10.945282523033086, 59.943787056855555], [10.945976341559922, 59.94322033829009], [10.945987927820338, 59.94316953895279], [10.945196555786815, 59.94312432295067], [10.944640234584673, 59.94296091979542], [10.944394090035637, 59.94288851949574], [10.944167139196932, 59.94276762089675], [10.944157391522626, 59.94274916033861], [10.944090098277062, 59.9426224788041], [10.944046645268559, 59.94249428358336], [10.944222458748216, 59.942296329952974], [10.944223678249575, 59.94226292259772], [10.944255810192818, 59.94219360613179], [10.944143599288319, 59.94218071041515], [10.94395872038227, 59.942192009628], [10.943929117284496, 59.94217473540438], [10.943874665806801, 59.942162809672304], [10.9438257650161, 59.94209234600467], [10.943365371271529, 59.94204436330277], [10.94308831890801, 59.941981527316635], [10.943016775055867, 59.94195846577821], [10.942973768128725, 59.941918931330925], [10.942955530172592, 59.94189517428334], [10.942995675558526, 59.94184093838992], [10.943100952648967, 59.94178160676156], [10.943204852733736, 59.94173940408491], [10.943211398752002, 59.941662466457124], [10.943205560675441, 59.94159593630252], [10.943170514092834, 59.94154406024895], [10.943072115448068, 59.94150470690502], [10.942985001689724, 59.941468309355876], [10.9429495702242, 59.94148403052022], [10.942527814498627, 59.941219932302914], [10.94244823642576, 59.94119518433899], [10.94238436680015, 59.941175325572786], [10.941900564995306, 59.94107860636369], [10.941891891134034, 59.94107627123519], [10.94172989062324, 59.94103100285334], [10.941529912709656, 59.94097539289987], [10.941379810360813, 59.940917813483075], [10.94123120312517, 59.94081730440726], [10.940818542093462, 59.94051715827325], [10.94080093201237, 59.94051463751647], [10.94063282038954, 59.94049003710505], [10.940378374923087, 59.94044614260934], [10.940252005847467, 59.94039819436616], [10.940033321377602, 59.94024661535342], [10.93966101579585, 59.94016141544577], [10.93920995242355, 59.940104805095835], [10.938825727486881, 59.939999905656286], [10.938604028342606, 59.93993885687528], [10.938509380842202, 59.939912832608], [10.938116911470317, 59.93976263353012], [10.937870177461347, 59.93969388838409], [10.93740528256737, 59.939529406731594], [10.936921248450917, 59.939271100292565], [10.93667679387494, 59.939163313790836], [10.936497032737627, 59.93909348474332], [10.936271296786977, 59.93900551427098], [10.936264712417836, 59.93900369330483], [10.936186414679156, 59.93896711345274], [10.935903916943891, 59.938839360428666], [10.9354058285878, 59.93859356101543], [10.935332151889575, 59.93855730267203], [10.93515037412329, 59.93846888914753], [10.934770339577783, 59.93830521819805], [10.934212431932883, 59.93799795942883], [10.933972889681387, 59.93787071938384], [10.93386301083993, 59.937802414696456], [10.933284908630052, 59.937443730529075], [10.932904286251453, 59.93720757103742], [10.932764190647001, 59.93710956241776], [10.93250319298017, 59.93694992039677], [10.931688709424739, 59.936451765220056], [10.9316076569452, 59.936404128663035], [10.93152327814295, 59.93634856755269], [10.931050109206634, 59.93652230410567], [10.930811706554763, 59.93660790181017], [10.930529287409149, 59.93670616478531], [10.93027822302482, 59.9367854367772], [10.930045934708227, 59.936848925365695], [10.92973193612154, 59.93693146608828], [10.929531096825109, 59.93698540658903], [10.929307503569493, 59.937040801493865], [10.92909321697242, 59.937086054058184], [10.92871468256187, 59.93715715747955], [10.928344015213451, 59.93722400771076], [10.928111609921658, 59.93726213598884], [10.927860216095556, 59.93729437178135], [10.927556609920043, 59.93736662015219], [10.927226102796917, 59.93744343031844], [10.926967116285798, 59.93751121244013], [10.926788469456943, 59.93756529596244], [10.926663596318818, 59.93761043362249], [10.92652080795573, 59.93765555622758], [10.926378002070644, 59.93770957817226], [10.926217417610255, 59.93777267084773], [10.926092654449993, 59.93784460376735], [10.925985589179076, 59.937925624643206], [10.925914465073193, 59.93797952613724], [10.925795887075433, 59.93806090988009], [10.925700879383838, 59.938141494861576], [10.925594030648945, 59.93821344144245], [10.925564535004412, 59.93827267642318], [10.92545202895196, 59.938364407218074], [10.925377067033336, 59.93846557135559], [10.925327165512947, 59.93855087766353], [10.925277482773378, 59.9386329535688], [10.92525910331327, 59.93870233288767], [10.925234495442083, 59.93880343547915], [10.925215944427384, 59.93885087188728], [10.925179305586685, 59.93901489743919], [10.925167247377289, 59.93911593986672], [10.925143415533096, 59.939327382361625], [10.925107583541935, 59.93961460489786]]]}, "properties": {"FID": 6, "kommunenum": "0301", "BYDEL": "11", "BYDELSNAVN": "Stovner"}}, {"type": "Feature", "id": 7, "geometry": {"type": "Polygon", "coordinates": [[[10.830741877788594, 59.8624505288257], [10.83074151612147, 59.86236213303635], [10.8307348833043, 59.86228954334423], [10.830734720547715, 59.86221383147255], [10.830740898287079, 59.86216025942219], [10.830746878907052, 59.862094003426414], [10.830740467329125, 59.86203391860531], [10.830746145509966, 59.86193870075268], [10.830763072165546, 59.861254552011104], [10.830756393335768, 59.861140960477115], [10.830774516290388, 59.860897962120426], [10.830824058635226, 59.86067385199781], [10.830860773827514, 59.86037093129659], [10.830928543269563, 59.85997000129759], [10.830098915448486, 59.85953207339267], [10.829671953077826, 59.8593872601626], [10.829461046290408, 59.859312865993154], [10.829228895586288, 59.85926818894053], [10.828560882043647, 59.85916400908876], [10.828159238651448, 59.859113862468746], [10.827423520521528, 59.85904214450467], [10.827355889130686, 59.85903550250872], [10.826653444917435, 59.85905196177237], [10.825581244333426, 59.85922005115926], [10.824954642348338, 59.85952663155917], [10.824321272038993, 59.85964066918021], [10.824132914462968, 59.85959036016894], [10.823638135964005, 59.85955062972041], [10.823520625762452, 59.85954118353543], [10.823274711669468, 59.859521424063935], [10.823261371043406, 59.85952035583453], [10.823092881495294, 59.85950681351397], [10.823084993244244, 59.85950617993949], [10.822973067194715, 59.85949718857144], [10.822965824609483, 59.859496606228575], [10.822924346382381, 59.85949857081741], [10.822851462073336, 59.85950202371148], [10.82275271265298, 59.85950670223668], [10.822433202928972, 59.859521837122955], [10.822288294359007, 59.85952870168138], [10.821949522977002, 59.85952900370196], [10.821698387182806, 59.859481821444604], [10.821503829725208, 59.85942825508949], [10.82128374024137, 59.85932748077968], [10.821018119075486, 59.8591821910576], [10.820894696261275, 59.85911308161777], [10.820812336365405, 59.859005984690675], [10.82078714454913, 59.85894611071716], [10.820761853076364, 59.85889558537556], [10.820749115481176, 59.8588262170745], [10.820786332972743, 59.85862104894693], [10.820917463484625, 59.85845375223853], [10.82119305031422, 59.858229365516635], [10.821286752010984, 59.85808110904173], [10.821398839464234, 59.857806389930296], [10.82159242605519, 59.85753174320478], [10.821742414379349, 59.85738644405438], [10.821955334297694, 59.8571969291231], [10.822136196508405, 59.85695379654714], [10.822248642958083, 59.856735913249416], [10.822341662103486, 59.856439277628944], [10.822396962513828, 59.85607005284869], [10.822183431739742, 59.85604816288102], [10.822095701797567, 59.855972455791694], [10.82186321046478, 59.85584961909697], [10.821605778762066, 59.85576456191732], [10.821411161706548, 59.85574578976575], [10.821273408434315, 59.85578376042501], [10.821229672341603, 59.855837396982565], [10.821242461163578, 59.85591629774074], [10.821600651477116, 59.856152644470086], [10.821613362096612, 59.85620942433171], [10.821319347229341, 59.85648105937381], [10.82106888770773, 59.85662649113901], [10.820585606129578, 59.857075711845], [10.820366631599814, 59.85737356109144], [10.820354518037036, 59.857390095918824], [10.820176000859151, 59.857335059302514], [10.820026137318266, 59.85729096489439], [10.81989740568872, 59.85725446867506], [10.819823235877653, 59.85723345268302], [10.818767461695591, 59.85693410720803], [10.818359904613835, 59.85700386633971], [10.81820200490827, 59.85669152026301], [10.818076230956645, 59.856543118883245], [10.818044392467854, 59.85644517924823], [10.817987750899201, 59.8563696492042], [10.817880678027011, 59.85624027404782], [10.817905476364663, 59.85611410524796], [10.817986642546485, 59.85601301648393], [10.817886844488115, 59.85574900311143], [10.817878672812396, 59.85555237269237], [10.817840926702615, 59.85543887024696], [10.817809125015016, 59.85529372672227], [10.817702252300228, 59.855205448936196], [10.817688866339157, 59.85507590744344], [10.817670764174249, 59.85496824491124], [10.817751570874368, 59.854905538230454], [10.817713870927305, 59.85484571514393], [10.81766974972216, 59.85478577770729], [10.817631841352387, 59.85471623747984], [10.817707086965443, 59.854643733107274], [10.817982862292219, 59.854574191239884], [10.818094963740053, 59.85428382952986], [10.818421021016917, 59.85419529575078], [10.818445504885739, 59.85393649381822], [10.818451519585908, 59.853854503897786], [10.818551642864145, 59.8537660667582], [10.818576264744198, 59.853611389562296], [10.81864837288342, 59.85351972325418], [10.81872638415097, 59.8534408326695], [10.818882707131035, 59.85327353018307], [10.818968669979066, 59.85323517360699], [10.819145724499075, 59.853150350789605], [10.819128874711167, 59.85308246993089], [10.819195362865642, 59.85296724737715], [10.819270804261127, 59.85282200815271], [10.819377705133697, 59.85270519327554], [10.819396019657646, 59.85263339550299], [10.819430444644793, 59.85249881121365], [10.819463857312096, 59.852459052707204], [10.819576344339216, 59.85233899888716], [10.81968267074653, 59.85222531191545], [10.819719689921973, 59.85206437526646], [10.8197511229735, 59.852023295884166], [10.819782323217728, 59.85195703230402], [10.819863208498784, 59.851789758048064], [10.819687479903815, 59.851720421305394], [10.819304828242936, 59.851761752188494], [10.819085451492414, 59.85172402534419], [10.818941147728578, 59.85171467068232], [10.818790404446242, 59.85164846618718], [10.818564167079897, 59.8515003762315], [10.818444829384715, 59.8514530625903], [10.818107493108451, 59.85144952561486], [10.817773874054271, 59.85143774423944], [10.81757228584838, 59.85140498587623], [10.817416128374463, 59.85133069470848], [10.817159004724811, 59.85132458220968], [10.81692677024309, 59.851242744991254], [10.81675695341914, 59.85110085216238], [10.816543827958983, 59.85110728772975], [10.816251288874696, 59.85102892470425], [10.816562025097825, 59.85090852845184], [10.816718813251775, 59.85087683319242], [10.816422961253844, 59.850536266726415], [10.816164835091072, 59.85025246720754], [10.815675393956354, 59.8501582152779], [10.815631143245318, 59.85009512641838], [10.815342484393295, 59.85002578575586], [10.815072819750329, 59.8500072211154], [10.81443306727938, 59.84995718256135], [10.814094179834859, 59.84993200643795], [10.81374295350925, 59.849935298965946], [10.81336627547065, 59.84995765089489], [10.813033580353864, 59.84999830611171], [10.812839455353776, 59.85003698961045], [10.812645396570035, 59.850090781810856], [10.812626464496999, 59.850178743322644], [10.812549021098016, 59.85022608861947], [10.812470250951499, 59.85026125409582], [10.812294716730218, 59.85033397742668], [10.812075287841745, 59.850387679683095], [10.811924660176182, 59.85041300191646], [10.811636156583315, 59.85042907680074], [10.8114730147095, 59.85042603677974], [10.81125339350062, 59.85041310513456], [10.810949601026731, 59.85037743965406], [10.810676376436382, 59.85034454696442], [10.810549191342567, 59.85032278024625], [10.81027136401467, 59.850288121349585], [10.810073787841949, 59.850266179573254], [10.80992330571999, 59.85023782563917], [10.809816669265805, 59.85019054886302], [10.80970347740039, 59.85012436135442], [10.809540024526141, 59.85000460082344], [10.809407985239083, 59.84988799924214], [10.809106389315218, 59.84968309160403], [10.80886021732867, 59.849553229930265], [10.808309188149119, 59.849393417928965], [10.807945019941098, 59.849261140697074], [10.807775792568284, 59.849217081333], [10.80759258067381, 59.84918615277661], [10.807414269808133, 59.84917731898458], [10.807146602865195, 59.84916851249005], [10.806997855261503, 59.849157653827994], [10.806840872202063, 59.8491483307236], [10.806602674900933, 59.84914531872501], [10.80637945978925, 59.84915105546291], [10.806138653891928, 59.84916450321378], [10.805665922796905, 59.849187545495376], [10.805248209871264, 59.849209373596864], [10.804877023583531, 59.84922926826353], [10.80478152851933, 59.84906959074943], [10.804512181032774, 59.84898906351219], [10.804382976865671, 59.84897486948479], [10.804291903898328, 59.84896441006133], [10.803917521492666, 59.84889203758844], [10.803713388782679, 59.848891006510684], [10.803533847837985, 59.848893367419535], [10.803366700863117, 59.84891221931387], [10.80314474129248, 59.84895476631664], [10.802980353912787, 59.84895032726921], [10.802848932565675, 59.84892113487318], [10.802804249690515, 59.84878231888179], [10.802772766619357, 59.84871172024762], [10.802720152494748, 59.848661306260055], [10.802642292963876, 59.84864101755954], [10.802497507667024, 59.84863135971985], [10.802371883826758, 59.84863130485951], [10.802254090107557, 59.84864426670469], [10.802115135539855, 59.84868047166298], [10.802055506639626, 59.84870832899726], [10.801974741403942, 59.8487422553129], [10.801937267909498, 59.8487673133318], [10.801927872615712, 59.84867179343408], [10.801905718422834, 59.84861650820927], [10.801989088185971, 59.84857043719621], [10.802095977000368, 59.84848951056682], [10.802184975823478, 59.848408732641545], [10.802291673583461, 59.84832788929281], [10.802469691398752, 59.84816615318309], [10.80257644955633, 59.84807632080155], [10.802700843577732, 59.847914670093665], [10.802771979115127, 59.84780688594845], [10.802825302831824, 59.84771705574221], [10.802896314105894, 59.84762725093814], [10.802931811657237, 59.84752857894501], [10.803035113230106, 59.847276251242064], [10.80307341696371, 59.84711562828877], [10.803090997950704, 59.84697196632051], [10.803108449255287, 59.84687325850542], [10.803090286442599, 59.84672962443749], [10.803072232904572, 59.84662196047691], [10.803045430880967, 59.8464589886224], [10.803017837781159, 59.84630795076951], [10.802981915742697, 59.84617337093651], [10.802937839523114, 59.8460269319933], [10.802849472437531, 59.84582503957882], [10.802766449955538, 59.84567996474791], [10.80265900490261, 59.84547350672135], [10.802551311162865, 59.84527612261229], [10.802443928906131, 59.84506067560021], [10.802390023456894, 59.84494404382891], [10.80233636158378, 59.8448453118756], [10.802300505777922, 59.8447824855658], [10.802238309766867, 59.84467350107225], [10.802093643765476, 59.8444590213936], [10.80203074890942, 59.844361253709806], [10.801835273960737, 59.844100552607706], [10.801665940402744, 59.843938603539605], [10.801513346179945, 59.843795531000616], [10.801066698967173, 59.84349056967728], [10.80054881793296, 59.8432305366761], [10.800245132181264, 59.8430600667185], [10.799811512987482, 59.84287150791954], [10.799709735744978, 59.84282707495779], [10.799424082154367, 59.84271058796105], [10.798995952566903, 59.842656982830796], [10.798657101964181, 59.842612345252086], [10.79849640444156, 59.84260864714527], [10.798302156067122, 59.84259614350079], [10.798107747738122, 59.84259622327606], [10.79772961644647, 59.84257685180326], [10.797204639588655, 59.84253039528025], [10.796364044973343, 59.842439315637236], [10.796094474171895, 59.84242053363093], [10.795950356221878, 59.842414306001096], [10.795881494143948, 59.842515325468085], [10.795781646783343, 59.8426353147335], [10.795656576119788, 59.84281213366007], [10.79560696132142, 59.84302670152748], [10.796735395596182, 59.84299769329814], [10.796760903983074, 59.84315226266038], [10.796732173483615, 59.84323262754392], [10.796732569105888, 59.84335825046799], [10.79641709061421, 59.84364775800544], [10.796480072492226, 59.84369517942604], [10.796395605524197, 59.84426496563053], [10.79634286956378, 59.84463300826644], [10.796628631168089, 59.84478547115291], [10.79657529525254, 59.844875298942874], [10.796433009108872, 59.84506388591321], [10.796276553063072, 59.845282590257696], [10.795637351624016, 59.845541692371455], [10.795453836170303, 59.84582741582973], [10.79581392779383, 59.845936131104594], [10.795601388605396, 59.84613191136241], [10.795348085185852, 59.84636604020272], [10.79530101778685, 59.846403377543105], [10.7951259184479, 59.846646481779814], [10.796211070813845, 59.84676588858653], [10.796048658782663, 59.847119364515244], [10.796384468508466, 59.84716436052557], [10.796225067470125, 59.84768499539664], [10.795963195581184, 59.84812268749291], [10.797594527615278, 59.848450077006554], [10.798172780913252, 59.84896417085154], [10.797419436647639, 59.849339850973855], [10.797130836786815, 59.84932415063525], [10.796792149565995, 59.849324381422896], [10.796514372500182, 59.849336180257374], [10.796147958492812, 59.84934370451046], [10.795859257875959, 59.84928070357768], [10.79573846163907, 59.84921129203496], [10.795668844073406, 59.849040924636505], [10.795605920661613, 59.84898730194895], [10.79543020225183, 59.848949492086106], [10.795122662686062, 59.84886448636812], [10.794934520918517, 59.84882034433047], [10.794790139727898, 59.84880466648626], [10.794497215623075, 59.848888267521055], [10.79433693850455, 59.84893331253589], [10.794213418646509, 59.84892792202938], [10.794113078301342, 59.84889324162099], [10.793949668364945, 59.848760873905334], [10.793830170221133, 59.848593585201606], [10.793786122442661, 59.84847690478521], [10.793791972552425, 59.848344377173554], [10.793597473663276, 59.848253004551644], [10.793402746009965, 59.84818041629407], [10.793157605183723, 59.84808112847934], [10.79292593795657, 59.848016617791245], [10.792729318188963, 59.84799153311684], [10.792568211554515, 59.84798520778209], [10.792405182438763, 59.847988441545546], [10.792267150851387, 59.84796639994711], [10.792185623704748, 59.84792854384943], [10.792122714926057, 59.84788759695302], [10.792085094962564, 59.84784026652541], [10.792022204645331, 59.84777090679128], [10.791934057484399, 59.847638428296285], [10.791720653874837, 59.847518573518826], [10.791720423355724, 59.84742712194246], [10.791789314804971, 59.84733878301883], [10.791876952192103, 59.847278827781366], [10.792190238905878, 59.84722492704338], [10.792108424306882, 59.8471271780136], [10.79193276833028, 59.847016894326224], [10.791844758798165, 59.84692856768286], [10.791727778040281, 59.84681638484205], [10.791493107213245, 59.84670789714752], [10.791245706745423, 59.84660116032873], [10.791049337646765, 59.84649362818829], [10.7908705431868, 59.84637712742414], [10.79073330190622, 59.84626978023516], [10.790656231410308, 59.84620661969808], [10.790570062233451, 59.846127792243976], [10.790525831871138, 59.845985838065126], [10.790468851361664, 59.84578080584539], [10.790205464302387, 59.84575249943589], [10.789829257758488, 59.845714824525295], [10.789685071145026, 59.84569914665559], [10.789333468074968, 59.845639330222056], [10.789170441494802, 59.84556352428858], [10.78910716068836, 59.84526711531493], [10.788831063975458, 59.84511899138009], [10.788278797078423, 59.8449773042953], [10.787946510702637, 59.84487647213291], [10.78778936456385, 59.84480085322583], [10.787757834432197, 59.84471253473881], [10.787833052446226, 59.8446462499253], [10.787676090783577, 59.844545190586636], [10.78752573259598, 59.84453596578815], [10.787318884271794, 59.84463705596417], [10.787155717749465, 59.84462454311753], [10.787024071257772, 59.844567723294084], [10.786785239595135, 59.844359647032924], [10.7864428718997, 59.84418044130161], [10.786176444091698, 59.84406337217794], [10.786126238871208, 59.84400970190962], [10.78611992313903, 59.84393397091168], [10.786276207611461, 59.843738289732315], [10.786213272985007, 59.843593216351], [10.786037551540627, 59.843558540581526], [10.785761682597993, 59.84348927328809], [10.785316183392268, 59.84339793175138], [10.784971137124213, 59.843344426997604], [10.784776821558307, 59.84330987236135], [10.784525865717411, 59.843275299396076], [10.784199655423498, 59.84320288513536], [10.78394275195209, 59.84264678963641], [10.783746656749495, 59.842473976418916], [10.784494454005634, 59.84216185793374], [10.784654212650892, 59.84171299760743], [10.783833118816661, 59.841425997140576], [10.783904220917503, 59.84125537049375], [10.783644261379115, 59.841094534731525], [10.783547019499343, 59.84105823636333], [10.783487983704955, 59.84081761621274], [10.783653309715962, 59.840690204429286], [10.78353742179707, 59.84050207000496], [10.783399175152567, 59.84032544659849], [10.7829658484188, 59.84002273574533], [10.782721261682049, 59.83991553132932], [10.782617143407634, 59.83984610237615], [10.782509992879502, 59.83977522704797], [10.782277958647079, 59.83959577334419], [10.782152816505565, 59.8395061577674], [10.781879953239901, 59.83928798668902], [10.781553584611181, 59.83911143802957], [10.78135909108075, 59.83903901712487], [10.780976382560379, 59.83890669524052], [10.780617282068945, 59.83877701774035], [10.780047881078263, 59.8385883467433], [10.779828476034133, 59.838496870979135], [10.779407957519302, 59.838307762090864], [10.779440346989325, 59.83844826122837], [10.77954814289393, 59.83895084564687], [10.779531468354394, 59.83951641958413], [10.779318028246465, 59.840019028275705], [10.779127449785776, 59.84027645162394], [10.778814061662532, 59.840579474225514], [10.778475849612857, 59.84081615005515], [10.778181385438735, 59.84084166886015], [10.778005561561889, 59.84082909759198], [10.777811291496818, 59.84081971041868], [10.777616788976228, 59.84080087384157], [10.777096606646813, 59.84100292717994], [10.776958678834527, 59.84110711408414], [10.7767895663442, 59.84121767209383], [10.77670335719851, 59.841233873647006], [10.776283816753372, 59.84148330664613], [10.775807615098817, 59.84161600515713], [10.775569525964908, 59.84171391453862], [10.77535642980007, 59.84189786706531], [10.775053596250348, 59.84202723285844], [10.774926797290084, 59.84217035004162], [10.7736290012964, 59.84280281703238], [10.741253064771028, 59.8473480646969], [10.739014808881926, 59.85386966992602], [10.73880016637054, 59.8544946566338], [10.731614135482063, 59.87541052710058], [10.7310066395576, 59.877178567163334], [10.742415725965197, 59.88729347632348], [10.751703609434768, 59.890925256502314], [10.747707443536957, 59.894057186891516], [10.755615325313606, 59.89595800100456], [10.756120945685463, 59.89603752133045], [10.756330956457372, 59.895802958457814], [10.756616610340293, 59.895494585539616], [10.757149953011346, 59.89499278533868], [10.757539071827573, 59.8946518692309], [10.757965669131165, 59.89421640025625], [10.758348330711689, 59.893787156441235], [10.758724417264471, 59.89329161053273], [10.758793452043514, 59.89320643716721], [10.759139061426973, 59.893278900364855], [10.760131541620897, 59.893505915971865], [10.759742717730564, 59.894118216161274], [10.759360635730218, 59.8949985940168], [10.75958086373697, 59.89546876171199], [10.759769793861786, 59.895900965440845], [10.759921040779552, 59.89637745165104], [10.760110169159049, 59.89696098979525], [10.760244949702358, 59.89722024607634], [10.76028019025558, 59.89727506192577], [10.760406088383393, 59.89752539950661], [10.760509122085471, 59.89774595796675], [10.760525351284304, 59.89778145881952], [10.760607498624584, 59.897932916775545], [10.760896910734992, 59.89848812371722], [10.761079323102631, 59.898674372438855], [10.76158491382865, 59.89918088324401], [10.761936723049665, 59.899136556421844], [10.762027445299992, 59.89929242648657], [10.761958223158432, 59.89930188622009], [10.762030004642098, 59.89942243734774], [10.762141767872789, 59.89944006462909], [10.762089301298712, 59.89952721229205], [10.762129572064577, 59.89959594642779], [10.762657600335109, 59.899866514390595], [10.763059803538349, 59.90006838002497], [10.76355621895766, 59.90033010387937], [10.764272404037037, 59.90045602320886], [10.765032746269176, 59.900597835578964], [10.766038025165912, 59.90078681887316], [10.767074393085922, 59.90084012144562], [10.767784181001112, 59.90087455003489], [10.768644730796455, 59.90089314256579], [10.769542876793778, 59.9009116791542], [10.770215029280614, 59.90092402403988], [10.771138511369847, 59.90084481643291], [10.771916257950279, 59.9007883441735], [10.772523617704426, 59.90076128058283], [10.773694806337978, 59.900701791353974], [10.77464334156328, 59.90064782105328], [10.775277858754535, 59.90060983829079], [10.775730299541598, 59.90058767670364], [10.775998021937268, 59.900621806886534], [10.77643675815796, 59.90060747623549], [10.776722586765091, 59.90058931554075], [10.776919194986743, 59.9005802492973], [10.777133412181056, 59.90056221704446], [10.777383617536213, 59.90054408080532], [10.777654247084511, 59.900530016562506], [10.77781233696028, 59.90051701548393], [10.778080246292395, 59.90049899655629], [10.77829482997949, 59.90048088381142], [10.778562929114038, 59.900462779604204], [10.77888130832371, 59.90043774591985], [10.778759495497734, 59.90029914589395], [10.779142512869589, 59.90022322445997], [10.779745244239377, 59.900062005535325], [10.78019710772062, 59.89993865642282], [10.780517142232421, 59.899938578560224], [10.780975867504663, 59.899928829736616], [10.781365267535254, 59.899922341723375], [10.781767203155432, 59.89991580522636], [10.782150342379353, 59.89990929355388], [10.782420344534463, 59.899902932321716], [10.78271545675422, 59.8998933280284], [10.783067411727968, 59.899889951541745], [10.783569830498674, 59.89987718735711], [10.783821004955193, 59.89987390635124], [10.785241030491816, 59.90002792317855], [10.785844386490314, 59.90009706004706], [10.786742823188032, 59.900185082511435], [10.787415237624863, 59.90025732214462], [10.787957263842193, 59.90030767083975], [10.7888307084494, 59.900405130035836], [10.789226721472236, 59.900455206392245], [10.789105296509783, 59.901030282538386], [10.790553205206287, 59.90107642660857], [10.791357581337294, 59.901111774948475], [10.791810037911171, 59.90115438784299], [10.79202493868362, 59.901171869347515], [10.792073906933572, 59.90117811122326], [10.794222682399628, 59.90155691809742], [10.794605996861415, 59.90161979024314], [10.796020395027881, 59.90185874702495], [10.796221383805952, 59.901902751640634], [10.796428997583785, 59.90195946621267], [10.796592292280613, 59.90199723080856], [10.79676214466949, 59.90203835203881], [10.797378015726943, 59.902183002377335], [10.797629595614529, 59.90225865223635], [10.79802384021929, 59.90240359466219], [10.798221987395161, 59.90250828774702], [10.798447026594781, 59.90263389007843], [10.799321106904314, 59.90308780709058], [10.799705016416256, 59.90342213334882], [10.799999787573007, 59.90320738520493], [10.800363435894983, 59.90291364180798], [10.800664443372748, 59.90267355512465], [10.800971502316214, 59.90242098411646], [10.80148573131836, 59.90202621315012], [10.801905668856133, 59.90171034470174], [10.802445073891516, 59.901318712189074], [10.802827484687564, 59.901037609694626], [10.80313503440052, 59.90081346146057], [10.803131432392938, 59.90076407417692], [10.803128122936549, 59.90065571144826], [10.803112946737862, 59.90053078642578], [10.803112948364712, 59.90053075047713], [10.803121569724755, 59.9004568827383], [10.803148286872478, 59.90033329491242], [10.803148433845301, 59.900332806996495], [10.803202548648084, 59.90019679097138], [10.80326090812587, 59.900079846766154], [10.803332842170867, 59.899972160941566], [10.80337294414958, 59.89991709382012], [10.803385840829394, 59.89990141238776], [10.80339500707533, 59.899889176152534], [10.803418892075982, 59.89986004348342], [10.803450937919118, 59.89982225851842], [10.803510344471672, 59.89975913831962], [10.80351409221366, 59.899755155780376], [10.803580506445233, 59.899690938195945], [10.803580777120564, 59.899690687497284], [10.803581829771083, 59.899689756966765], [10.803673017206975, 59.8996095992332], [10.803762978541046, 59.89953911524161], [10.80391212961299, 59.89942524635708], [10.804008805173517, 59.899351368639614], [10.804120611393627, 59.89926540552776], [10.804278961738785, 59.89914365464082], [10.804437796642931, 59.899021530466406], [10.80449570757474, 59.89897700424174], [10.804616423572487, 59.8988841869615], [10.804703288401827, 59.89881739930665], [10.804759915965205, 59.89877786634763], [10.804796142572346, 59.89875497007588], [10.804224160919748, 59.89862377943406], [10.804118243574043, 59.89859947831094], [10.804228548859243, 59.89848098625394], [10.804240639765071, 59.898449907799844], [10.80449994512646, 59.89778336512858], [10.804552812396587, 59.89753203257312], [10.804641248721257, 59.8972357089804], [10.804694293987346, 59.896930523714154], [10.804694861617234, 59.896644076016884], [10.80470693400636, 59.89642947637427], [10.804706532034613, 59.89622436958316], [10.804718814482282, 59.8960633657499], [10.804718395694431, 59.89591508407812], [10.804711743802525, 59.89579204977102], [10.80468640980324, 59.89567525307619], [10.8046799681066, 59.89556472278958], [10.804660732755766, 59.8954449738374], [10.80459464212916, 59.89499059890383], [10.804527748817064, 59.89469561644056], [10.80447566533457, 59.89440380283766], [10.804311989509607, 59.89418935446724], [10.804173369629117, 59.89397489516815], [10.804021734027302, 59.89357731435469], [10.803983284472249, 59.89321445432044], [10.804088843580326, 59.89271592046221], [10.804244356908915, 59.892119355150044], [10.804381561497358, 59.89166489871447], [10.80443762512005, 59.891466088885124], [10.804449747770454, 59.891358757741166], [10.80461238684849, 59.89104007364085], [10.804756014581926, 59.8907401150205], [10.804955971149832, 59.89038656454849], [10.805193802520522, 59.89002352216986], [10.805600589466701, 59.88948999476538], [10.80590121814719, 59.88916797528562], [10.806189505662713, 59.888874245716124], [10.80642137033085, 59.88865325436455], [10.806665566448137, 59.88844794246668], [10.806828634180308, 59.888318358473555], [10.80699190853227, 59.88818572396297], [10.807148256750411, 59.88806257992151], [10.807342280045757, 59.88791734858669], [10.807687244575746, 59.88768044889386], [10.808690253107713, 59.887026544279685], [10.809492935721003, 59.88656199375569], [10.80990678069273, 59.88633762334247], [10.810765909420399, 59.885904714802834], [10.81136773016942, 59.88558553237812], [10.812208032666167, 59.88513987822473], [10.8130669302539, 59.88464724630803], [10.813762669042303, 59.88418286485834], [10.814257820393852, 59.88379113276711], [10.814470627562129, 59.883585797656316], [10.814902885119608, 59.88317201156909], [10.815157356348124, 59.88290281380756], [10.815591035726964, 59.882322730872446], [10.816191301307896, 59.881558857322986], [10.816303853936915, 59.88141363037905], [10.816886941086233, 59.88071205702132], [10.817688241067613, 59.87991231101715], [10.81825031023119, 59.87939582606685], [10.818614304729648, 59.879058892717254], [10.819212565967959, 59.87856018856774], [10.819237906923435, 59.878537886488104], [10.819709547128632, 59.87819250330248], [10.820404834945784, 59.87770281246567], [10.820818305673255, 59.87740592882789], [10.821288077928294, 59.87708367981745], [10.821889374850452, 59.87665411380496], [10.822496884188109, 59.87621197617832], [10.822784922343343, 59.8759750316967], [10.822966462322515, 59.8758013302316], [10.823192532779457, 59.875555044566745], [10.823317132617195, 59.87542026514056], [10.823354317920598, 59.87538763906983], [10.82342397054742, 59.875321516314024], [10.823817142287679, 59.87485404494275], [10.82407361870476, 59.874519349252914], [10.824229824082776, 59.87429521063413], [10.824423508805967, 59.87404888344582], [10.82456092710209, 59.87386892508339], [10.824692356563686, 59.87369533940505], [10.824988827575588, 59.87328269866707], [10.825113456279073, 59.87313901788983], [10.825311487898718, 59.872896424666116], [10.825505306269662, 59.872681660016106], [10.825682924467689, 59.87248337468284], [10.825914224010983, 59.87226773146702], [10.826087158129642, 59.872091056669895], [10.826341411071049, 59.8718634631046], [10.826572757355661, 59.871638829099695], [10.826950897377143, 59.87134881060276], [10.827232696818342, 59.87111822300032], [10.827445354625175, 59.870946942852626], [10.82762338962856, 59.8708121468432], [10.827820968672293, 59.87064128725091], [10.827927351651642, 59.87055591721154], [10.828202976100167, 59.870347341923406], [10.828672290201387, 59.869914731650276], [10.828797167443287, 59.869763143295486], [10.829059791408522, 59.86944427964263], [10.829338640905485, 59.86896750440969], [10.829444575590472, 59.86869600046216], [10.829581241508016, 59.86830777516802], [10.829699585128495, 59.86801427659594], [10.829975634673286, 59.86724025013076], [10.83003921426981, 59.86710254100233], [10.830116240802443, 59.86679910026334], [10.830184270278647, 59.866540331107856], [10.830215060202276, 59.86634466852892], [10.830294813476089, 59.86579558285143], [10.830350517188492, 59.8655053126119], [10.830456243032243, 59.865233891281875], [10.83054327624108, 59.8649846253089], [10.830611860099177, 59.86484257992284], [10.830685535348511, 59.86439751027575], [10.830721910431539, 59.8640346065265], [10.830742440013228, 59.86385372385506], [10.830737987282118, 59.86323318558416], [10.830738545508531, 59.86312890451565], [10.830738667568285, 59.86310795833974], [10.830739647957788, 59.86289903253298], [10.830741877788594, 59.8624505288257]]]}, "properties": {"FID": 7, "kommunenum": "0301", "BYDEL": "14", "BYDELSNAVN": "Nordstrand"}}, {"type": "Feature", "id": 8, "geometry": {"type": "Polygon", "coordinates": [[[10.806880808084523, 59.924117217557125], [10.806803777011448, 59.924202339936436], [10.806715816508573, 59.92427191939969], [10.806628076186996, 59.92435391282782], [10.806465041913656, 59.92446758656743], [10.806283156215692, 59.9245972028914], [10.806126260377546, 59.924707654826186], [10.805894009656797, 59.92484034149883], [10.805592651669702, 59.92501101866055], [10.805285104482627, 59.92516261583779], [10.80455696260161, 59.925548073537975], [10.803671794363886, 59.92600935550274], [10.803354679528123, 59.92617412999824], [10.802944189366837, 59.926425661752454], [10.802667543251943, 59.9266032349681], [10.802498273016553, 59.92676741584571], [10.802416472954993, 59.92685894794274], [10.80231961455218, 59.92699163011083], [10.802260078893934, 59.927162006989064], [10.802222732328834, 59.927278783005264], [10.8021421184034, 59.92756618589284], [10.802148349932713, 59.92777741197193], [10.802019101349222, 59.92842786517048], [10.801943145819155, 59.928972838735646], [10.802271354890895, 59.92911844340965], [10.8024913441974, 59.929187766874115], [10.802686504328705, 59.92923813610184], [10.802931608105013, 59.92929162499155], [10.803151911417803, 59.92932310371631], [10.803397078997584, 59.92934494430688], [10.803698963054817, 59.92935744293688], [10.803994433925153, 59.92935409170851], [10.804189341396661, 59.92934133070493], [10.804566463212623, 59.92930002846007], [10.805150845141128, 59.92914826086289], [10.80534768426026, 59.929087635802055], [10.805498302160329, 59.92904118304783], [10.805704797230746, 59.929132280383044], [10.805182699778666, 59.92935958344277], [10.804636364741766, 59.9295745143235], [10.804561741262349, 59.929736769215836], [10.804490312087427, 59.929781698035505], [10.804443370989487, 59.929817156562706], [10.804419000914216, 59.92983562204353], [10.804311677190626, 59.92988956724033], [10.804132934236284, 59.929988351010664], [10.803668707562846, 59.93020409613236], [10.803132852797297, 59.93049173659765], [10.802846025962278, 59.930629153183446], [10.802757724389123, 59.930671475312224], [10.8023069312783, 59.93088566660326], [10.801792973184238, 59.931138843421316], [10.801440400813753, 59.93134690148074], [10.801183049385033, 59.93148912184953], [10.800975597589167, 59.931596607512574], [10.800865253928572, 59.931633279965254], [10.800812477278424, 59.931672327717045], [10.800649041598112, 59.931770337073836], [10.800560647798608, 59.9318218264124], [10.800268028490544, 59.93196094191639], [10.800042896038342, 59.93206795248804], [10.799964176860618, 59.932105272966474], [10.799687723692887, 59.93218744791928], [10.799310747774646, 59.932310743571904], [10.798732868767999, 59.93250666227766], [10.79629488588615, 59.93329670778949], [10.795961940437373, 59.933394694605724], [10.795961761164902, 59.9333946889638], [10.793598623405778, 59.93415012157525], [10.793296919523641, 59.93424181703992], [10.79252401317672, 59.934491542818584], [10.791349167655259, 59.93493081607321], [10.790354777226941, 59.935345637616905], [10.789425480239029, 59.93572314990534], [10.788531665519155, 59.936073648200065], [10.788049180893891, 59.936262323332684], [10.787155572595818, 59.93660391840215], [10.785606086262016, 59.93721512417035], [10.785172516230693, 59.93740778220679], [10.784826767469127, 59.93755937147663], [10.78523604376293, 59.93774537736192], [10.786406847933083, 59.938268653369065], [10.786752863207367, 59.938416753566656], [10.78746402741218, 59.938662582290064], [10.78789196923477, 59.938794957181365], [10.788131084845256, 59.9388705805019], [10.788540033522217, 59.93899029719925], [10.789037031180271, 59.93911939229159], [10.789955989871073, 59.93934910268546], [10.790868146409307, 59.93955062439022], [10.791365419988763, 59.93966074709611], [10.791768085952205, 59.93974257884996], [10.793280572395865, 59.940020451530955], [10.796895691197003, 59.940655668801], [10.797594178017828, 59.94076490495491], [10.798537957768717, 59.940940946801526], [10.798890275845997, 59.9409975031255], [10.799401171540854, 59.94109382197011], [10.799764820941347, 59.941164223631446], [10.800017020919894, 59.94139435443365], [10.800981332458017, 59.94227730623914], [10.802204079972043, 59.943396958201454], [10.802317612370546, 59.94350101023888], [10.80341468462896, 59.94454803919506], [10.803502080181083, 59.944954896063074], [10.803346194268055, 59.9449078497439], [10.803180738295442, 59.94486562333864], [10.803265823671708, 59.945409615315704], [10.803223206574325, 59.94612280147541], [10.802872347729645, 59.94674785154381], [10.802320134035423, 59.947265781389795], [10.802161129946075, 59.94727725775908], [10.802219798919348, 59.94741408856475], [10.802314123905793, 59.947509975700676], [10.80255320440832, 59.94741392325804], [10.802792211720702, 59.947353834390725], [10.803194327463334, 59.947227191476095], [10.803131725709138, 59.94731250252224], [10.803150702985308, 59.947369303804564], [10.803219932784465, 59.94739443719064], [10.803044340459163, 59.94766289963946], [10.803371643124585, 59.947719453359625], [10.80424626525568, 59.94781349297528], [10.804271225935972, 59.94771259590654], [10.804541772698675, 59.94775025521892], [10.804938259040155, 59.94780685111009], [10.805422963160211, 59.94787596497652], [10.80581936643223, 59.9479261716994], [10.806165568631014, 59.94797648709087], [10.806681784930069, 59.94811817150214], [10.806971352203512, 59.94819680241019], [10.807607180909478, 59.94840469055554], [10.807934690739879, 59.94854332979319], [10.808096854206324, 59.94861035144045], [10.808211793841233, 59.948685130917475], [10.808979571201881, 59.94879515862392], [10.809640272277102, 59.948826338583046], [10.810244228856229, 59.948866859663774], [10.810647057007623, 59.94889189991707], [10.810999357190191, 59.948929538590804], [10.811307661506582, 59.948973509776664], [10.811640972259314, 59.948954346680765], [10.812056300487464, 59.94899821239146], [10.812351963506632, 59.94903584495724], [10.812490624017114, 59.9490988757379], [10.812679573885372, 59.94919659376582], [10.812780305369323, 59.94924061680102], [10.81343615333826, 59.949782869108326], [10.813696911215997, 59.950074202337], [10.813791694860035, 59.95021927725025], [10.813892935144102, 59.95042111308663], [10.81402517875342, 59.950706743639856], [10.814038629273265, 59.95077766220363], [10.814802391960502, 59.950732607195135], [10.814787245582197, 59.950707759659984], [10.814793209718445, 59.9505909719258], [10.814849440450416, 59.95052469483578], [10.81493737332803, 59.95047282092819], [10.815026646466535, 59.95039185875049], [10.815144887389273, 59.950325662422316], [10.815189082095294, 59.95041715948583], [10.815107613454488, 59.950508710551965], [10.815082586907025, 59.95058766793243], [10.815051492740537, 59.95076434839487], [10.815190904879683, 59.95110828912033], [10.815204603234923, 59.95155631087626], [10.815092220854526, 59.95192246327854], [10.815055221139195, 59.95214022583494], [10.814610045390216, 59.95269289478808], [10.814410497485246, 59.953286364492634], [10.814210522342515, 59.953772464093504], [10.814249057880808, 59.95397122801481], [10.814187641481205, 59.95447305911385], [10.814428787053815, 59.95512296970164], [10.814455752647428, 59.955823530311804], [10.814544953262606, 59.956240053310715], [10.814482715509445, 59.95646735433815], [10.814477568254405, 59.95685867205643], [10.814522624168193, 59.9572499666562], [10.814480119221786, 59.957773798372614], [10.814605959141915, 59.95780521957264], [10.814858596954393, 59.95810177573637], [10.814916098569109, 59.95840454105104], [10.81492336129825, 59.95879274655911], [10.815037195018201, 59.95905126525411], [10.815081804262679, 59.95928151104858], [10.815100831559112, 59.95935089864056], [10.815227714544017, 59.9597105344518], [10.815240637095314, 59.95977999792697], [10.815285164790552, 59.95995979981526], [10.815242034144733, 59.960306932486105], [10.815789702543103, 59.96034761346649], [10.816411211675302, 59.959895846544136], [10.817022606607807, 59.95793915425056], [10.817379475379816, 59.95729519930681], [10.81807622899814, 59.956569062526405], [10.819040816996564, 59.95514515879834], [10.822442638854097, 59.95447676919668], [10.822480519002216, 59.95453038964192], [10.822939198633845, 59.95439738709025], [10.823196893693764, 59.95424883990871], [10.823517179029565, 59.954011914051385], [10.823964442259438, 59.954364883602416], [10.823936888252605, 59.953405632447954], [10.823980573477673, 59.953251019281495], [10.823845104093001, 59.95286504626103], [10.823567400398797, 59.952546583342404], [10.823044963595274, 59.95241762939429], [10.82383669646444, 59.95212659783974], [10.824326853200708, 59.9519526002852], [10.824572533179342, 59.95201874085071], [10.825013067228777, 59.95213187622427], [10.825170264535963, 59.95209073302607], [10.825685611504145, 59.951951516065535], [10.826000074105982, 59.95190708255394], [10.826157135222642, 59.95189119989905], [10.826609111937875, 59.951512062369], [10.826626729067868, 59.95115863574072], [10.829325457701811, 59.95116273472388], [10.830250262732864, 59.9511682747783], [10.830223719559168, 59.95080221118561], [10.83058669463013, 59.95021812210122], [10.830996274431879, 59.95041342667154], [10.831185253068416, 59.95042588100876], [10.831468184570936, 59.95040678244808], [10.831241300796675, 59.950268151042955], [10.831121235453178, 59.950176686410934], [10.83098249012143, 59.9500285267249], [10.830900165780163, 59.94987073245727], [10.830798701288819, 59.94964993368227], [10.830766653408213, 59.94947008418557], [10.830734532139921, 59.94929652642236], [10.830690050908514, 59.9491670836356], [10.830658424238962, 59.94908507129999], [10.830556993848115, 59.948876861410696], [10.830525199413064, 59.94882325663355], [10.830443076706027, 59.94867814673546], [10.83039238047898, 59.94858671946053], [10.830354617388346, 59.94852357456023], [10.830234612894031, 59.948397494983396], [10.830108292126216, 59.94829027720485], [10.830032777751777, 59.94822090268066], [10.829944228895688, 59.94813259246406], [10.82984968288946, 59.94805065700358], [10.829786598520137, 59.947990756175685], [10.829848504236834, 59.947678203048945], [10.829898779232707, 59.947627645092446], [10.829840350604316, 59.947141798399656], [10.830259124811402, 59.946314736331615], [10.830383848299723, 59.946052724663275], [10.830515271389029, 59.94578445040209], [10.830627430472052, 59.94550972238609], [10.830954761265524, 59.94559471069131], [10.831193105860445, 59.945436725971334], [10.83145686116323, 59.94525338134549], [10.832752718610223, 59.945242865955315], [10.833237238018599, 59.94523940223675], [10.833973069753602, 59.945235614211484], [10.835403586108871, 59.94554842984422], [10.837943450149709, 59.94612178511787], [10.83848112457737, 59.94623893498234], [10.83878951879931, 59.9462608160165], [10.839078768165981, 59.946219602269224], [10.839363168941391, 59.94615135159094], [10.839633556501607, 59.94657888028786], [10.840979513098807, 59.94664080598138], [10.841194779219855, 59.94705930827469], [10.841248867878516, 59.94719390489254], [10.841233266165755, 59.947236839370696], [10.839787834640392, 59.947623132059114], [10.840645564188376, 59.94824093760505], [10.841086638534119, 59.948474068583124], [10.84128145248301, 59.94840136718889], [10.841288206562774, 59.948527545843156], [10.8413513401401, 59.94864435645817], [10.841471192326496, 59.94872627288343], [10.841641250829683, 59.94879233176408], [10.841811922018929, 59.94900352704833], [10.8418572545151, 59.94935084749392], [10.84187640201492, 59.94944540924434], [10.8438850227168, 59.94990431739582], [10.846793636024072, 59.95056123411244], [10.847895217228547, 59.950733703315976], [10.847392691062634, 59.95092034333], [10.84788323593605, 59.95099388833273], [10.848795470772165, 59.950906472926945], [10.8518327432294, 59.95059413259872], [10.852461583621421, 59.950536608604324], [10.852933362515538, 59.950526646118455], [10.853392652666129, 59.950542003390666], [10.853631967108461, 59.95060492116336], [10.853786146532725, 59.950467175396284], [10.853989271264064, 59.95032359685681], [10.8540581289919, 59.950244574765435], [10.854227092608927, 59.95003302750969], [10.854408693401888, 59.94959575184024], [10.854800276313284, 59.94903875993971], [10.855275276475817, 59.949438613474044], [10.855464446235755, 59.949585725904264], [10.85593146982677, 59.94988606460495], [10.856325494128061, 59.95006065795826], [10.856826361870292, 59.950263875365714], [10.857305167206, 59.950424229297354], [10.85800993409903, 59.950615332851726], [10.85832530696114, 59.95068503888028], [10.858511296378108, 59.950731525191], [10.858762057431374, 59.95077609266486], [10.859388651927834, 59.95087419019967], [10.86003114979492, 59.95094833004], [10.86046298957803, 59.95098977247716], [10.860717053310431, 59.95101079269918], [10.860798110196747, 59.95083396840997], [10.860835606397819, 59.950751889341554], [10.860944678071645, 59.950675116503014], [10.861111922958477, 59.95060331785563], [10.861266130740042, 59.950495235468914], [10.861444686494636, 59.95038737786789], [10.861605149709233, 59.95024352701827], [10.861783440610573, 59.95011767964285], [10.86194606005395, 59.949999610406124], [10.86224691535064, 59.94970894005395], [10.86220858804848, 59.949544998431065], [10.862170214038596, 59.949355610516804], [10.862219591050124, 59.94912519313837], [10.862143489158445, 59.948973821118656], [10.862092629342076, 59.94882557943705], [10.86205433419529, 59.948724576546695], [10.862084898791263, 59.94849410679725], [10.862115597911208, 59.948298437408404], [10.862090127912468, 59.948188036463684], [10.861938154756114, 59.94792944570666], [10.861905935940662, 59.94776542585059], [10.861936718527389, 59.947547551656136], [10.862035913975118, 59.9472382283256], [10.86224270569529, 59.94702030877706], [10.862443356717684, 59.9469032538322], [10.86259398214312, 59.94680216037572], [10.862753666991418, 59.94664282001777], [10.862914183670688, 59.946552916007676], [10.863164457594701, 59.9465078192471], [10.863100257863287, 59.94617061707438], [10.863030134356933, 59.94593401904748], [10.862985431107084, 59.945795321778476], [10.862891452062485, 59.94557469685298], [10.862731812549553, 59.94534742486169], [10.862567614565716, 59.94509923939709], [10.862351863584745, 59.94483909498328], [10.86210024877569, 59.944615046534956], [10.861777005165845, 59.944346039443175], [10.86129293319331, 59.9440503998839], [10.860665393142934, 59.943736942875205], [10.859948226090058, 59.94336060497454], [10.859410155352013, 59.943046987075626], [10.859033389699016, 59.94276918680478], [10.858745774928936, 59.94244626617537], [10.858649090358666, 59.94218014749494], [10.858559650106749, 59.94191200907554], [10.858527925356078, 59.94180159055448], [10.858457664483574, 59.94159654318286], [10.858342881593002, 59.941192741119266], [10.858266135331599, 59.94088040616057], [10.85821918545505, 59.94063365335375], [10.858169664544194, 59.940378818195626], [10.858143640396946, 59.94014531044683], [10.857721941601115, 59.94006686337437], [10.857123935977164, 59.9399696523402], [10.855210509588556, 59.939766132534565], [10.855091852823099, 59.93974774274775], [10.853814434635533, 59.93959694448785], [10.852328930445461, 59.939427981992374], [10.850592930805302, 59.93922323839105], [10.849161230447939, 59.9390541358214], [10.847586250819749, 59.93884022069966], [10.846547953867649, 59.938670635006005], [10.845384386203378, 59.93843837759279], [10.843790927247216, 59.93804490820599], [10.842591067256766, 59.93767796079169], [10.841355285479203, 59.937266171109925], [10.840295776681602, 59.93683350259977], [10.839689352414485, 59.93655854808267], [10.839023091091141, 59.93619079872555], [10.838810621306367, 59.93606917774981], [10.83877667380065, 59.936049853716725], [10.83875728557578, 59.9360387209342], [10.838291076822667, 59.935716040942765], [10.837749967622464, 59.9353335380862], [10.837623983627209, 59.935226697391705], [10.83737640820826, 59.93501657047291], [10.836974205550751, 59.93464951408898], [10.836622683683816, 59.93428127110512], [10.836296454548098, 59.93390285720982], [10.835907400538586, 59.93345124554296], [10.835528703596571, 59.93298143821992], [10.835253221443612, 59.93258574440781], [10.834858694889302, 59.93201958849808], [10.834346486057465, 59.931123866705896], [10.833944561832416, 59.930307337256394], [10.833846292026903, 59.93005139499008], [10.833738392443601, 59.92969813299585], [10.83373287181154, 59.92965650887389], [10.833732882999877, 59.929656419799976], [10.833709123901079, 59.9294733260834], [10.833686711419471, 59.92930376245081], [10.833673278148446, 59.92900707702994], [10.833753803301285, 59.928584160117985], [10.833964667696574, 59.92775096374909], [10.834231476845613, 59.926674705845926], [10.834330052864976, 59.92613502451444], [10.834328452037406, 59.925598559108764], [10.834303159480909, 59.92539770394913], [10.83426369174351, 59.92508437022249], [10.834217931017122, 59.92495380909048], [10.833960781547106, 59.92427151192677], [10.833845029314157, 59.92398660354233], [10.833757734907394, 59.923796015318], [10.833699466473503, 59.92366811409818], [10.832938701293422, 59.923640351509576], [10.832871224075852, 59.923739816495285], [10.832753567142133, 59.923759649764435], [10.832726487812371, 59.92376418737738], [10.832671306224976, 59.92377430969495], [10.832528260179071, 59.92379234994655], [10.832279166032192, 59.92378914024302], [10.832117046681741, 59.92378364821897], [10.83200424665364, 59.92377764945806], [10.831933445607445, 59.92377379029924], [10.831675383034796, 59.92375501042867], [10.831480719847464, 59.923736259241366], [10.831134813447285, 59.92370813429751], [10.83085818241663, 59.92368319063536], [10.8306882872701, 59.92366261507381], [10.830418008139148, 59.92362986975861], [10.830118227752333, 59.9235881861911], [10.829988492915447, 59.92357014107118], [10.829915597333262, 59.92355731299121], [10.829386375137489, 59.923472935553114], [10.829103505707925, 59.923416410907684], [10.828845577799925, 59.9233723645925], [10.828432125760914, 59.92329317927735], [10.827531262085781, 59.9231333600344], [10.827233600407634, 59.923087692282415], [10.826911499782717, 59.92303414520078], [10.826721383985841, 59.92301346304133], [10.826250871638573, 59.9229636617521], [10.826070890862812, 59.922945008241115], [10.825839671448795, 59.92292931575797], [10.825401124278015, 59.922908757588736], [10.825116701074366, 59.922898840029895], [10.819005176984003, 59.92323808293477], [10.81860584765629, 59.92326019770719], [10.81787673411533, 59.923295482796156], [10.817386512292439, 59.92330832237221], [10.816001426441423, 59.923314393636275], [10.815982070044852, 59.92331449767251], [10.815645333381642, 59.92331602399577], [10.815312269463133, 59.92332252140781], [10.815091769980741, 59.92331982864251], [10.814809388411206, 59.92331642718918], [10.81439186965444, 59.92329811889108], [10.814174380843024, 59.923288596660356], [10.813765784282655, 59.92327623518518], [10.813243920628626, 59.923254515760874], [10.812618353691125, 59.92321717741903], [10.812407694903225, 59.92320463307667], [10.812201600133958, 59.92318998504822], [10.81192360636396, 59.92317026311222], [10.811737129970362, 59.92315345143151], [10.811156426515476, 59.92310125925341], [10.810634571834987, 59.92305111702653], [10.80984222676593, 59.922960174998344], [10.808263859239652, 59.92270564752263], [10.807660260686413, 59.922633469138496], [10.807591746180952, 59.92289221608665], [10.807548206214362, 59.92301850767846], [10.807492217103599, 59.92320788057138], [10.80742983875116, 59.92337834854484], [10.807292197207971, 59.92362140807587], [10.807091823991914, 59.9238803615152], [10.806935155030121, 59.92405708830735], [10.806880808084523, 59.924117217557125]]]}, "properties": {"FID": 8, "kommunenum": "0301", "BYDEL": "09", "BYDELSNAVN": "Bjerke"}}, {"type": "Feature", "id": 9, "geometry": {"type": "Polygon", "coordinates": [[[10.706889921113339, 59.92931971830235], [10.706879515632396, 59.92929492078213], [10.706847446147307, 59.92912329826193], [10.706872785866974, 59.929006419387676], [10.706570949177365, 59.92882348170255], [10.706269368282223, 59.928602606444805], [10.705986476894513, 59.92851416111221], [10.705835591070112, 59.928438383151075], [10.705779115481471, 59.92836262681452], [10.706036943362871, 59.92812294827381], [10.705921045828415, 59.92794436457918], [10.705776833886771, 59.92777969451766], [10.705514342025985, 59.927608468273085], [10.70520520891538, 59.92723852626545], [10.70482492881979, 59.92675125420673], [10.704536612757424, 59.92657342818013], [10.704056705407604, 59.926328564764944], [10.703610679424765, 59.92611124058596], [10.703269719946785, 59.925907055487755], [10.703072953361133, 59.92572924637033], [10.702692703123025, 59.925459214973905], [10.702168188355182, 59.92526162386252], [10.701538867490518, 59.92505728114576], [10.701030365840657, 59.92491038337653], [10.700832874119007, 59.92485303984855], [10.700631971130584, 59.92481509659729], [10.700317595545046, 59.92472668896641], [10.700116496273566, 59.924600437620406], [10.699852565195005, 59.92452779366208], [10.6995696533487, 59.92449930985673], [10.699353020147829, 59.9243506093803], [10.699142252202227, 59.92422161256468], [10.699054453996446, 59.92416793895813], [10.698838922422514, 59.924016306336846], [10.698731626984715, 59.923944461221595], [10.698535023543268, 59.923791917849485], [10.698445639345147, 59.92370213418892], [10.698284698433163, 59.92365722048327], [10.698105932241292, 59.92360336172397], [10.697998729837968, 59.923594373361], [10.697909348253942, 59.92355845124533], [10.697837700085564, 59.92355844787837], [10.69771259749867, 59.92356730844978], [10.697658951485042, 59.9235942390176], [10.697542501109485, 59.923624783014645], [10.697301175093092, 59.92365691018506], [10.697229704124233, 59.92365691228806], [10.697140329034935, 59.92365686817855], [10.69708677547978, 59.9236568263934], [10.697015127091765, 59.9236568225804], [10.696970444872914, 59.923629824977475], [10.696943650226185, 59.92358506739734], [10.697051111673275, 59.92347743883443], [10.697104762638595, 59.92343252424285], [10.697127000906777, 59.923379838251755], [10.69710483573469, 59.923298006370906], [10.69706626802054, 59.92319900224345], [10.69697981040857, 59.923154363222594], [10.696890432939547, 59.92311844127863], [10.69670917884068, 59.92305478801036], [10.696548264683667, 59.92296554185232], [10.69640989817902, 59.922870919282985], [10.696293360940148, 59.922798590302584], [10.696121952035254, 59.92271430611986], [10.695955537536518, 59.922645381110044], [10.69584471323646, 59.922598056817144], [10.69568727644264, 59.92253724829034], [10.69549632773628, 59.92251661737158], [10.695246102129412, 59.92254836040683], [10.69515192307626, 59.92253565918599], [10.695103014354425, 59.92246257286093], [10.695110846783354, 59.922414631347905], [10.695033185187004, 59.9223284660155], [10.69497808021575, 59.922274151234824], [10.694889641201165, 59.922213079874275], [10.694739633620902, 59.922158538010436], [10.694692044958645, 59.922076683172754], [10.694665377375825, 59.92202545607268], [10.694656585723681, 59.92196896787348], [10.694656503824456, 59.92190611133798], [10.694682212922652, 59.92184463694543], [10.6947266675032, 59.92181677670255], [10.694817699462096, 59.921780548892386], [10.69492052917429, 59.92175279951251], [10.694976094849322, 59.92170003573565], [10.694965068042054, 59.92161937610571], [10.694915326564614, 59.92156928183518], [10.694837625613609, 59.92154417104933], [10.694665670727241, 59.921555272825934], [10.694449648622678, 59.92158021870104], [10.694372089377945, 59.921585774346894], [10.694321908851784, 59.92161083941784], [10.694305373315041, 59.92167477169842], [10.694211094316412, 59.92174704160994], [10.694100166522349, 59.921794397423454], [10.69388376325201, 59.921855388397134], [10.693667656814508, 59.92177746199777], [10.69346597762275, 59.9217167323984], [10.693122302862406, 59.921683278152436], [10.692811761850821, 59.92165261562281], [10.692636377173253, 59.92165425115231], [10.692421981708632, 59.92161837107291], [10.69220550729873, 59.921583322056826], [10.692017127500542, 59.92154433579299], [10.69177308211059, 59.921471965958176], [10.691462838173125, 59.921346624406134], [10.69125981622783, 59.921223172419054], [10.690991894052862, 59.921115400424995], [10.690759779610046, 59.921043598732695], [10.690429936900756, 59.92097129560936], [10.690187743638212, 59.92095365463416], [10.689709961986491, 59.92092820926456], [10.68997864755015, 59.920773621770735], [10.689653726595587, 59.92060004682464], [10.68942148831911, 59.92043274341562], [10.689289432021194, 59.920338048013896], [10.688749286751563, 59.91992147087316], [10.688367909839151, 59.91963804884353], [10.68825315935791, 59.919662435877974], [10.688089713438508, 59.91969080171851], [10.687819371749235, 59.919750645679144], [10.687254168857168, 59.91924871517175], [10.687141047069774, 59.9191572457575], [10.68704064687705, 59.91908777484808], [10.686965588779671, 59.91882886196987], [10.687066618801634, 59.91844704188464], [10.687072975643504, 59.918365062665934], [10.687142095099903, 59.91828936565306], [10.687287054919114, 59.91814412840372], [10.687287093661565, 59.918043238144094], [10.687085995510284, 59.91802100346959], [10.686746479516268, 59.91800825980391], [10.686418657563257, 59.91799922584973], [10.68611474526597, 59.91799915670532], [10.685810854333493, 59.91799890875724], [10.685514616712613, 59.91801419692425], [10.685274454833868, 59.91803482911753], [10.684970342269851, 59.918070720143035], [10.684741442954481, 59.91809288961654], [10.684534136924194, 59.91813078388499], [10.68425108280999, 59.918190652792326], [10.683969178064233, 59.918267824151414], [10.683861890562152, 59.918303690753675], [10.683754529589292, 59.918338747193125], [10.683672643768263, 59.91837346833586], [10.683609768136153, 59.91839559558014], [10.683433706867273, 59.918461759202295], [10.682867610510284, 59.918774012794685], [10.682177156154337, 59.91923118402592], [10.681965487008602, 59.91937135136822], [10.681482445437473, 59.91963147240088], [10.681276413968442, 59.919729650078416], [10.681131781038527, 59.919789558424775], [10.68105307496794, 59.91981080491068], [10.68064963972996, 59.91993946253528], [10.680120206917788, 59.920063265210715], [10.67967612860367, 59.920144996729604], [10.67920494215145, 59.92023132193467], [10.678603867356614, 59.92035366517721], [10.678460450073832, 59.920169025103185], [10.678095967478638, 59.91978541434003], [10.677851117499129, 59.919583414970624], [10.677555787802541, 59.91942246967043], [10.677210400203156, 59.91935294787263], [10.67692759477667, 59.919311738455335], [10.676292825060633, 59.91926112599005], [10.675869296021434, 59.919164575291], [10.675539124634302, 59.91905256737713], [10.675030395123715, 59.918827864205525], [10.67519089701779, 59.91872595220313], [10.675325947073922, 59.91862419187408], [10.665456649961163, 59.91570702161389], [10.657935280865297, 59.91373619584186], [10.647765601334939, 59.90940770835545], [10.642525991667904, 59.91070618788386], [10.642073832169586, 59.911369238134284], [10.642027163180149, 59.91143828327883], [10.64104940022782, 59.91288271458897], [10.64104651808025, 59.91288693571233], [10.640979961534605, 59.9129832874981], [10.640897735118235, 59.913100791952026], [10.640824949498553, 59.9132050303477], [10.640785922581713, 59.91326083856484], [10.64072460685792, 59.91334864132266], [10.640701689069836, 59.91338133435553], [10.640672755262132, 59.913421650066006], [10.640640063436882, 59.91346058362764], [10.640620515236971, 59.91348124838485], [10.640605388431432, 59.91355960999814], [10.64058430209881, 59.913585168892226], [10.64040446969707, 59.913802222017914], [10.640389352408013, 59.913820515347744], [10.640136746245789, 59.91396582728039], [10.640038411803078, 59.914017782799604], [10.640048152995947, 59.91402269109182], [10.639841491326225, 59.914069080326634], [10.639269266459438, 59.914140494312186], [10.638929555387994, 59.91415819433594], [10.638883725468869, 59.914160811800045], [10.638688199180482, 59.91417150777116], [10.63848276220932, 59.91417585117809], [10.638143001346595, 59.91420892381362], [10.638116332476223, 59.91421154630379], [10.637538418782388, 59.9143929219068], [10.637083414108462, 59.91453565568671], [10.63701318153199, 59.91455769650092], [10.63700589962633, 59.914559972947195], [10.63691754638729, 59.91458770826946], [10.636479401951913, 59.91469071328647], [10.63637207636791, 59.914707477001464], [10.63610124991196, 59.914750114024635], [10.636043966985541, 59.91476763861846], [10.635957304182817, 59.91477843352356], [10.635868194010921, 59.91478060445623], [10.635685398099396, 59.91475709742798], [10.635536507679562, 59.9146991056284], [10.635410157466227, 59.9145963591575], [10.635353956135578, 59.91447903260925], [10.635345176760705, 59.91439601154261], [10.635354334291456, 59.91433318942131], [10.635407998770761, 59.91425466659905], [10.635368126365146, 59.914173851733025], [10.635272963195835, 59.91412402527209], [10.6352565386658, 59.91411547772501], [10.635207607981862, 59.91408175223044], [10.635060305800158, 59.91404575313605], [10.634693292792473, 59.91405453290615], [10.634327037661773, 59.91412835126781], [10.633933548898145, 59.91423354874005], [10.633347421047263, 59.914441790401305], [10.633274861369326, 59.91449918286817], [10.633040393156401, 59.91468464909284], [10.632783388790624, 59.915118907165386], [10.632776283788756, 59.91522325332602], [10.632759063925851, 59.91548337149801], [10.632780030756308, 59.91571867859267], [10.632786786135933, 59.915793899520274], [10.632839635756769, 59.91607135922271], [10.632986294796563, 59.916324595077256], [10.633095806570044, 59.91647363580873], [10.633532025644566, 59.91647264134708], [10.633760563457834, 59.91654056239814], [10.633908862910538, 59.916596288619054], [10.634066440569356, 59.91679656064742], [10.634245445309837, 59.91704088638651], [10.634249254119752, 59.91705414121802], [10.634284323583167, 59.917175532787454], [10.63426965637046, 59.917315597572006], [10.634228287889009, 59.917434003778254], [10.634124905470367, 59.91750512116512], [10.633916699821162, 59.91764874766097], [10.633524606595987, 59.917843734520474], [10.633316467879173, 59.91790517143042], [10.633274174170081, 59.91791761700804], [10.63309163935111, 59.91796821310917], [10.633020003481924, 59.91799676967027], [10.63291082471356, 59.91800573708261], [10.632675114516422, 59.91794189366561], [10.632595583729342, 59.91792837389868], [10.632451865366855, 59.91785823033465], [10.632409980271111, 59.91787437531342], [10.632433962533794, 59.917858175383984], [10.632196410741996, 59.91780425209442], [10.631916550182735, 59.91779010884833], [10.631597291425383, 59.91775280512344], [10.631229597693059, 59.91770930833737], [10.630979559001526, 59.91784272861108], [10.63037313283582, 59.91816637756548], [10.630297549813656, 59.91827519417051], [10.63003439298648, 59.91865367094696], [10.630060981089686, 59.91876048412627], [10.630198252438138, 59.91887142168853], [10.630038337927001, 59.9191839941405], [10.629859298488823, 59.9192800231412], [10.62971023658213, 59.919506088974074], [10.629670576452902, 59.919573294987316], [10.629649959477891, 59.91962647501033], [10.629600365928004, 59.91975413933797], [10.62953236646694, 59.919799900941406], [10.62950001750393, 59.91985511916673], [10.629478341472241, 59.9199421650019], [10.629459906724602, 59.92009298563748], [10.629718988593686, 59.92018072061173], [10.629678587750687, 59.92028890700823], [10.629681601790079, 59.92035168411567], [10.62965553952372, 59.92047203610401], [10.629691787188086, 59.92057350558856], [10.629662531148766, 59.92066506567188], [10.629674275357804, 59.92076491155838], [10.62972458733956, 59.92081945747103], [10.629756265402987, 59.92088219730532], [10.629725150301622, 59.92091308737432], [10.629817482153724, 59.92104159656632], [10.629828471443933, 59.92109007135074], [10.629772681763923, 59.92120628944518], [10.629820958072965, 59.921357885045076], [10.629748809895744, 59.92143102593371], [10.629710155972163, 59.921550420780044], [10.629704256371696, 59.92159383865584], [10.629557249621904, 59.92169407851172], [10.629514786318612, 59.92177845606006], [10.62942528071704, 59.92179571753638], [10.629297294618304, 59.92186169864063], [10.629178395842306, 59.92188859442074], [10.629019906483306, 59.92198215881684], [10.62891228918579, 59.92200772047369], [10.628894834102264, 59.92208582445037], [10.628721305046728, 59.92213716336808], [10.628519162238856, 59.922132428546725], [10.628519519008453, 59.92216778122413], [10.628421297919925, 59.92221991217874], [10.628197154548428, 59.92219861964869], [10.628047154653968, 59.92220460857031], [10.627847758131567, 59.9222469944507], [10.627832195235008, 59.922235956529974], [10.627750728663742, 59.922245210579355], [10.62765188854274, 59.92228706963968], [10.627312324678492, 59.92232605755347], [10.627123679172206, 59.922337146773046], [10.626359182451429, 59.92241318216267], [10.62591831458588, 59.92245698327968], [10.6258791795426, 59.92247393821396], [10.625863674567887, 59.92252360036623], [10.62571058896016, 59.922676600558006], [10.625689729400406, 59.922708459776096], [10.625713968972926, 59.92280584367466], [10.625768996047936, 59.92287349751214], [10.625735613938895, 59.92300439647331], [10.625671384042864, 59.923077169741994], [10.625531999003016, 59.923046099727614], [10.62532624350039, 59.92349796562402], [10.62552180329513, 59.923870546403094], [10.62585143047954, 59.92427249124645], [10.625967311384475, 59.92441392575154], [10.626578741986204, 59.924739713539275], [10.627387009387528, 59.92500063684086], [10.62746694757496, 59.92518242059467], [10.627376654385523, 59.92550998333951], [10.62697307007949, 59.92594736715656], [10.626856982945888, 59.92597183701146], [10.626597241187428, 59.92612660024514], [10.626540265365719, 59.926266608092384], [10.625880722714768, 59.926651871647714], [10.625876826351995, 59.92665426018007], [10.62587643278372, 59.926654517403314], [10.625681260613282, 59.92677059915509], [10.625660118769002, 59.92678284515644], [10.62561726229413, 59.92680758939534], [10.625532158876185, 59.9268565574914], [10.625432073586893, 59.92708838431474], [10.626584064932398, 59.92756485987713], [10.627083791349971, 59.927865980835186], [10.627377710935274, 59.92821170053358], [10.627372492622056, 59.92848094027076], [10.627287166715764, 59.92863349466325], [10.627125959883141, 59.92875007720447], [10.627008981005973, 59.928942945907984], [10.626453265942338, 59.92943174807216], [10.626470534460603, 59.92963366237454], [10.626711388448156, 59.92980442671156], [10.627479679695094, 59.930078675673236], [10.628328592268684, 59.93026333551237], [10.628730885564861, 59.93028595501128], [10.629677745635535, 59.930609823328936], [10.630007987803802, 59.9308434374283], [10.63052985706808, 59.931035570402926], [10.631070887270345, 59.93123463224363], [10.632204753151699, 59.931881668002376], [10.632599643594842, 59.932225957151644], [10.632989545084426, 59.93254696937287], [10.63301208437725, 59.93297449574665], [10.633342702862368, 59.933247768768226], [10.633419411925527, 59.93344221036378], [10.633443505684138, 59.933502808776076], [10.633460026845498, 59.93354472134914], [10.633955959486551, 59.93388938969654], [10.634097343322015, 59.934067630517305], [10.63402498989053, 59.934589936911145], [10.634492193876817, 59.93493113152598], [10.634940500860385, 59.93540640430062], [10.63531800779525, 59.93578661663234], [10.635246587568808, 59.93597659533484], [10.634985462474603, 59.936261360013965], [10.634700594311411, 59.93656988620351], [10.634108029620986, 59.9370444610583], [10.633557741175778, 59.93736117921877], [10.633011810648815, 59.93794268656371], [10.63220665703608, 59.93819141790593], [10.63208036415206, 59.9382740051598], [10.631898539374244, 59.9383931474328], [10.631637522488944, 59.9385828605326], [10.631613511751912, 59.93876101235714], [10.631661709520532, 59.93890118412478], [10.631669323110154, 59.938923647917385], [10.631707436215592, 59.93903425989509], [10.631612080143496, 59.93924790319303], [10.631748243324283, 59.93951751531956], [10.631772710306034, 59.939591615245895], [10.632227834193406, 59.93958683897733], [10.632711058258273, 59.939533355140824], [10.63324794020468, 59.93948884369317], [10.63317911800638, 59.93937730381113], [10.633154246740258, 59.93928583596463], [10.633217153340354, 59.93921643288347], [10.63330539190783, 59.939153354959885], [10.633424939729107, 59.93910291552296], [10.633569708153804, 59.93907462371054], [10.633660293180451, 59.93906719610043], [10.633803474755002, 59.939067268236045], [10.633928221453186, 59.93907805858508], [10.634072930203875, 59.939122332967806], [10.634143387487716, 59.939175206942124], [10.634223783753331, 59.939232905460045], [10.634242634701222, 59.93927075921829], [10.634286582651532, 59.93932760882231], [10.634324083608107, 59.939384425132985], [10.635121355670327, 59.93946791842449], [10.635362204463013, 59.93949313960932], [10.636113628749754, 59.9395718273383], [10.636570290046961, 59.939619646658855], [10.636902230042613, 59.93965439812698], [10.637569238012384, 59.93969668989887], [10.63765668424683, 59.93970221703743], [10.638141134262867, 59.939626799232094], [10.638158561555393, 59.93960997300915], [10.638380626086176, 59.939396646726856], [10.638870692306217, 59.93958939806969], [10.639097515503844, 59.93948225781843], [10.63912118167049, 59.93946604278928], [10.639530504655669, 59.93948809297494], [10.640110434825846, 59.939328309006356], [10.640072802466948, 59.939208363602916], [10.640261832726878, 59.93906013440746], [10.640918445565378, 59.93907530751528], [10.640800454026012, 59.93831802463341], [10.640736112934807, 59.93809180503632], [10.640580233860566, 59.93757093424301], [10.64036772809, 59.93711005592445], [10.64110273303825, 59.93738194807554], [10.641479881515853, 59.93745477049857], [10.642045795827451, 59.93747395125274], [10.642251420870085, 59.93760970673631], [10.642560670644718, 59.93775194825547], [10.64264255358898, 59.93775205024031], [10.642774526796325, 59.93777736896421], [10.642918849107767, 59.937944635851274], [10.64300138971898, 59.93761653982167], [10.643586406318285, 59.93746854898721], [10.644058093689253, 59.937456097785905], [10.644184082168811, 59.93741512410023], [10.644542485127948, 59.93744379544431], [10.644498453794755, 59.93738065164973], [10.645328215992837, 59.93752625442121], [10.64576182733543, 59.937668644437544], [10.646359260499437, 59.937627970508736], [10.64622147453868, 59.93796215436295], [10.646632299590468, 59.93818669675436], [10.647849028884185, 59.93807953354153], [10.647956616324933, 59.938025809200106], [10.648099882206646, 59.93790914777824], [10.648252054689731, 59.93770141960141], [10.648409700847157, 59.937540722018234], [10.648598894202696, 59.937360834055475], [10.648788140317007, 59.93715594866477], [10.649008637380865, 59.936947779413586], [10.649141111842479, 59.93681223759512], [10.649311238261896, 59.93664511660743], [10.649399572001117, 59.936553706866874], [10.649481717076476, 59.93646847628917], [10.650214022208301, 59.93668078770772], [10.650166323462265, 59.936787569272376], [10.650593887347986, 59.93684773337704], [10.650857903363516, 59.93689512072226], [10.651107729731313, 59.93694140985002], [10.651335736360332, 59.93701197577199], [10.651624724351663, 59.93711629784317], [10.651679667201888, 59.93710318520626], [10.651794515477324, 59.93710059372789], [10.651876604612164, 59.937103213797236], [10.651995871937638, 59.937103825179015], [10.652102689365883, 59.93711328711], [10.652177929082217, 59.937144906888555], [10.652303601478852, 59.937223781731475], [10.65394638690346, 59.936631470624945], [10.656147344167582, 59.93644646925358], [10.656084472863734, 59.936506442241765], [10.656027224408009, 59.936602838873405], [10.655865918658208, 59.9367822180178], [10.655722524248871, 59.93696164781726], [10.65552971472839, 59.9371120210904], [10.655422445903273, 59.93724138753506], [10.655277826518157, 59.93730432696924], [10.658971440485754, 59.93800906766246], [10.658973151191478, 59.93800941796767], [10.659457652444095, 59.938101847000425], [10.660903462472268, 59.93837706852948], [10.661506938367292, 59.93848779367387], [10.661542149359923, 59.93849481261181], [10.661557254490281, 59.9384978232343], [10.661593611747676, 59.938505071109766], [10.6616387717692, 59.93851407347789], [10.66184011103989, 59.93855420932563], [10.662583236864762, 59.93869330829081], [10.662858343051933, 59.93874479725479], [10.662871086848819, 59.93874718635971], [10.66293125414488, 59.93868237904749], [10.662953040500733, 59.93865885465514], [10.663399391722841, 59.93875690020051], [10.663464913569179, 59.9387741378081], [10.663471675403558, 59.93877591613344], [10.663476623468503, 59.93877721797732], [10.663482926450262, 59.93877887635193], [10.663540961004445, 59.938794144465575], [10.66354664185562, 59.93879563914229], [10.663673142356561, 59.93882891950351], [10.663687134139392, 59.93883260135418], [10.663706015912881, 59.93883756870704], [10.66372157478903, 59.93884166188627], [10.663727652839288, 59.938843260218], [10.663807999349197, 59.93886439801829], [10.663876655745803, 59.93888020648713], [10.663886415935437, 59.93888245350858], [10.663904359180197, 59.93888658574293], [10.663910356556626, 59.93888796684019], [10.66398924767001, 59.93890613124369], [10.663993117378242, 59.93890702275877], [10.663996588698021, 59.93890782230252], [10.664150150319603, 59.93894318125077], [10.66415433510734, 59.93894414512636], [10.66417890774795, 59.938949803116564], [10.6641898727319, 59.938983019268015], [10.664341573180218, 59.939445397108415], [10.664560963767581, 59.93983982445902], [10.665919704422269, 59.939651114191655], [10.66623388213159, 59.93974283352834], [10.666491823536237, 59.93978081661563], [10.666693101892708, 59.93979984900483], [10.666957256277986, 59.93979990933862], [10.667189896933502, 59.93977779942383], [10.667655638792999, 59.93973692253434], [10.66787566618834, 59.939718083774885], [10.6683460559383, 59.939714314524466], [10.668693388314459, 59.939727897603525], [10.66903297123916, 59.939759657970505], [10.669312058517756, 59.939804535919535], [10.66956262454165, 59.9398674484961], [10.6698378822473, 59.93993342046681], [10.670070488756057, 59.94002820307819], [10.670378362063738, 59.94021771920931], [10.670510178184395, 59.94035972279742], [10.67083020085694, 59.940763650481344], [10.670861433132039, 59.94082366539813], [10.670999599576302, 59.94100355449796], [10.671086825897232, 59.94140747216324], [10.671136988591837, 59.94164093907323], [10.671187058261129, 59.94190533495484], [10.672016920700598, 59.94185276082731], [10.672809540372599, 59.94180264402059], [10.673174277500399, 59.94179017008059], [10.673652244532684, 59.94175875490592], [10.673817033387351, 59.941744385616886], [10.673929329297177, 59.94173674464139], [10.674121330406935, 59.941538570500114], [10.674211026522494, 59.941412929433426], [10.67431894861012, 59.941107774977276], [10.67437283957627, 59.94092826336765], [10.674444563872644, 59.940739806337476], [10.67451653585215, 59.94059613831924], [10.674641995110997, 59.94044361643569], [10.674767350254472, 59.94031797753533], [10.674892769256845, 59.94021931648698], [10.675018016753762, 59.94013845474566], [10.67525246345042, 59.94001729738292], [10.675372027775992, 59.93997311597131], [10.67551035218289, 59.939910127391116], [10.675630105328139, 59.93987548412969], [10.675787335694046, 59.93981869193586], [10.675984638305506, 59.93977067788983], [10.676253029569041, 59.93970800352286], [10.676435356790225, 59.93967999984918], [10.676630330603663, 59.93965807534224], [10.67693220051971, 59.93964235913265], [10.677108505759522, 59.93963303935742], [10.677328579192263, 59.939611039850355], [10.67748573158162, 59.939601541012806], [10.677720229963565, 59.939582981328726], [10.677863336183028, 59.93957401007511], [10.67811368112048, 59.93955623963482], [10.678364311832688, 59.939529395800214], [10.678580370750392, 59.939501057799596], [10.678762677377158, 59.93947592784249], [10.678951317153446, 59.93944758794207], [10.679171736485634, 59.939394033340186], [10.679491605819265, 59.93931442826039], [10.679567917755382, 59.9392775467289], [10.679724337856262, 59.9392337613562], [10.679782029082789, 59.93920499071084], [10.679851268232241, 59.93917974630208], [10.679913994710327, 59.93915770579634], [10.680002143151631, 59.939126247921045], [10.680046515462848, 59.939099288578376], [10.680100285263423, 59.93908135963078], [10.680181510067682, 59.93904113160037], [10.680335583298325, 59.93896858412659], [10.68037964659133, 59.9389371191087], [10.68045823432217, 59.93888412529089], [10.68052453523235, 59.93884565621031], [10.680583629091503, 59.93880335321282], [10.68065025948486, 59.938763725774606], [10.68078052862171, 59.93868680003812], [10.680834133189943, 59.93863298732184], [10.680905746089923, 59.93858812753078], [10.68097760773655, 59.938552358065635], [10.681549964382144, 59.9381755672709], [10.681639429033567, 59.93812158171593], [10.681746952887337, 59.938050023887946], [10.681836309231937, 59.93800511604919], [10.681907979527079, 59.937969429326536], [10.68199743030734, 59.9379334268998], [10.682086857743354, 59.937897603435665], [10.682176298372205, 59.93786169082624], [10.682301564093246, 59.937825873555255], [10.682373172339414, 59.937798907282925], [10.682498439352498, 59.937763088906244], [10.68260587432534, 59.93773621871913], [10.682730974953996, 59.93770030524197], [10.682838409533197, 59.93767343486686], [10.682945843892037, 59.93764656350732], [10.683235998896789, 59.9375940304956], [10.68376869361689, 59.93745826706307], [10.684487551795993, 59.937310259786905], [10.685430944750287, 59.937076807274764], [10.689064368707292, 59.9361848330124], [10.690840237469725, 59.93574021641424], [10.691154847505763, 59.93566472740271], [10.691538478445914, 59.93557656983499], [10.691739857411092, 59.93552300180401], [10.691928520369483, 59.935469377446736], [10.692159722736804, 59.935413817611646], [10.692488413792065, 59.935340225663175], [10.692790374902922, 59.93526135188077], [10.692982806306508, 59.935207669533504], [10.693215390254167, 59.93515386209099], [10.693412210750326, 59.93510913459573], [10.693662635542168, 59.935064181862145], [10.693949125730029, 59.93500781990454], [10.694306613011154, 59.934956655224404], [10.694595484225989, 59.934917814321985], [10.694922394517713, 59.93487994608021], [10.695129810281614, 59.93485156860334], [10.69537982683911, 59.93482215548219], [10.695666170808728, 59.93478619626653], [10.695969978852757, 59.93475925989944], [10.696349758594728, 59.93470333385473], [10.696595211530916, 59.93467179195601], [10.69689692142934, 59.93464028828357], [10.697136055920886, 59.934611865942856], [10.697418918907106, 59.934570933415614], [10.697669503644164, 59.9345260688259], [10.698054082682344, 59.934451051821554], [10.698211246809265, 59.93441635234212], [10.698444069932023, 59.93437854885364], [10.69875847495059, 59.9343154445741], [10.699248955434115, 59.93421133276862], [10.69970182014766, 59.93411678133054], [10.702286478941549, 59.93357757514171], [10.702625997487768, 59.93347679657594], [10.702959397764177, 59.933378963860136], [10.703179567384117, 59.93329074412146], [10.703324104249633, 59.933227571742364], [10.703550488867638, 59.93312040131946], [10.703697790978556, 59.933001298384724], [10.703966245569095, 59.93286672595225], [10.70422994923968, 59.932713473899696], [10.704406094828656, 59.93262201824828], [10.70466392515168, 59.9325168607935], [10.705128927475629, 59.93232827133895], [10.705405972008446, 59.93220890336597], [10.705683531681236, 59.93207723178146], [10.70603484943486, 59.93201657467906], [10.706248763468336, 59.93197238614241], [10.706456181622206, 59.93193131251123], [10.706644821020754, 59.93188719889294], [10.70693399513789, 59.93183044751859], [10.707150351428941, 59.93178121160386], [10.707342755349023, 59.93173569115784], [10.707537778961198, 59.931694841830684], [10.708659292402645, 59.931470992751585], [10.708588181024455, 59.931379475416804], [10.708632080197143, 59.93113021052981], [10.708657084723306, 59.931010353841046], [10.708619584535871, 59.93087784935814], [10.708663709720375, 59.93062544522142], [10.70864478551092, 59.93053077287183], [10.708537893213576, 59.93043611041504], [10.708399706259248, 59.930360390798164], [10.708505043039057, 59.930320303046145], [10.708280158803406, 59.9303413874742], [10.70811054028157, 59.93033828563186], [10.707852729488371, 59.93029400388224], [10.707695656964093, 59.9302244109084], [10.707557497454918, 59.93014572353768], [10.707349901207078, 59.930098311749425], [10.70733106373293, 59.930032056880655], [10.707255798313817, 59.92990902053572], [10.70716783953885, 59.92979546212947], [10.707073529575291, 59.929688080624096], [10.707023265520183, 59.92961549472951], [10.706922815817887, 59.92939776160588], [10.706889921113339, 59.92931971830235]]]}, "properties": {"FID": 9, "kommunenum": "0301", "BYDEL": "06", "BYDELSNAVN": "Ullern"}}, {"type": "Feature", "id": 10, "geometry": {"type": "Polygon", "coordinates": [[[10.720068072726827, 59.93308959771233], [10.720646598495144, 59.932846738024644], [10.721275224257365, 59.93258491238972], [10.72147648972921, 59.93249973569964], [10.721709163430516, 59.93239885426622], [10.721954335642815, 59.932288577257076], [10.722218367112509, 59.932175135438364], [10.722520059756185, 59.9319891839986], [10.722891088083262, 59.93173372984563], [10.723123570867774, 59.93159813169912], [10.723814809357114, 59.93107127014629], [10.724826963543295, 59.93034234960201], [10.725587890660877, 59.9297900492803], [10.726612838930643, 59.92898204349918], [10.726929367053248, 59.928730564622605], [10.727468107587297, 59.928347733005964], [10.728052964300582, 59.92800038376114], [10.728229172835405, 59.92789936805026], [10.728323439693753, 59.92781421667887], [10.728379979772452, 59.92774798327269], [10.728467627638432, 59.92759041264203], [10.72881980310726, 59.927145323922225], [10.729008558923697, 59.926902284117475], [10.729285216822511, 59.92663736757112], [10.729429655948989, 59.92650474809092], [10.72961197664014, 59.92633388273003], [10.73000536589388, 59.926073561347536], [10.730680599861666, 59.92560243846801], [10.730810005884523, 59.92553505980197], [10.730827912449634, 59.92543628169362], [10.730827709989132, 59.925337634411896], [10.730837752495272, 59.925185819254686], [10.730843464390068, 59.92513726894588], [10.730850298454026, 59.92507859353956], [10.730862663379163, 59.924971363012205], [10.731051258285595, 59.924617986423044], [10.73117329214681, 59.92436981324165], [10.73144067588822, 59.92382584624159], [10.731660606128695, 59.92342510861164], [10.7318175025644, 59.923153698196764], [10.731936888327894, 59.92295804001118], [10.731971361654105, 59.9228153791376], [10.732037169533552, 59.9224500176341], [10.732037195081098, 59.9223300678728], [10.732068608069742, 59.922172201209996], [10.732096358618886, 59.9220344471186], [10.732319735100333, 59.921661066028115], [10.732381869591165, 59.921549783662144], [10.732489068860717, 59.921379176960485], [10.732596444499922, 59.921208576821805], [10.73273938461056, 59.921065025548266], [10.732828407900277, 59.920984197605115], [10.733007430813947, 59.92091240121278], [10.733311274025938, 59.92082262108731], [10.733739921191496, 59.92066063396084], [10.733991247388381, 59.92056276527167], [10.735098651403451, 59.92018502535912], [10.73536681110098, 59.92007735914245], [10.734812443324767, 59.91963750401099], [10.734722959693382, 59.91954783436943], [10.734597906757813, 59.919511950847905], [10.73409725526639, 59.919054230691536], [10.733990064486633, 59.918982509326106], [10.732821656575288, 59.917883696898066], [10.732615147630932, 59.91769168041876], [10.732162703578222, 59.91728146280273], [10.732062179482844, 59.91743924698849], [10.731986531670856, 59.917609706674874], [10.731892303157547, 59.91778954449532], [10.731778334598136, 59.91802260314329], [10.731728117815072, 59.91814569112357], [10.731690473403837, 59.91829076749917], [10.73164806835557, 59.91849791227349], [10.731684178574469, 59.91860006140926], [10.731608887839391, 59.918723145451644], [10.731451674747458, 59.91881201199365], [10.731094202967572, 59.91897351265881], [10.730897464185496, 59.91906334386545], [10.730414817502178, 59.91926088655416], [10.728347107325103, 59.92010854298197], [10.728045471828473, 59.9202284170829], [10.727894410781749, 59.92031109482396], [10.727161250091932, 59.91982646824431], [10.725194662567413, 59.91849809709791], [10.724470035660971, 59.918020114624895], [10.723335317379027, 59.9172684007676], [10.723138660673863, 59.91713378764537], [10.72306708747277, 59.91708884075497], [10.72301097316273, 59.91703513431599], [10.722959991351821, 59.916972153050985], [10.722916782668099, 59.916883617806214], [10.72291048811577, 59.916826855019416], [10.722872826635285, 59.91669111290229], [10.722697514253682, 59.915883791197764], [10.722640839856814, 59.91569132217697], [10.72260308455323, 59.91554937326681], [10.722578096952045, 59.915416740075166], [10.722578094686492, 59.91526531735048], [10.722772780837008, 59.915274791331946], [10.72326932972235, 59.915300007599726], [10.72378476522157, 59.9153190015199], [10.724264674954261, 59.91533854880082], [10.72481881416888, 59.915329572723834], [10.726399153230767, 59.91530311261828], [10.727714869238866, 59.91528458985378], [10.727375234040299, 59.91497944240679], [10.726928216884762, 59.91462935678331], [10.72644555082793, 59.914360116578194], [10.726177447653747, 59.914126794928464], [10.725748437219908, 59.91386648762273], [10.725534005853849, 59.91375872538726], [10.72662427758897, 59.91329193327188], [10.727172229473092, 59.913141576217], [10.72506660251505, 59.91248837295071], [10.726485649461585, 59.911887582673145], [10.728297084893809, 59.912778580154196], [10.72914478134694, 59.91257383055127], [10.730288782641436, 59.91229551401808], [10.73109326264931, 59.91209663410977], [10.73183478480003, 59.911926369352464], [10.73162931369091, 59.911670903019065], [10.730741018348239, 59.91125193759766], [10.730251744507315, 59.91073216350535], [10.729734595692678, 59.91007426896373], [10.728209064078403, 59.90308882156491], [10.725790881279671, 59.90271024198998], [10.711265345365275, 59.900435831927425], [10.684756861025637, 59.89242475366432], [10.658082484782716, 59.88441048329477], [10.654220543335478, 59.89377250052766], [10.654005344388382, 59.89429422823983], [10.653809345276416, 59.894769020061354], [10.65017459694136, 59.90357447156897], [10.647765601334939, 59.90940770835545], [10.657935280865297, 59.91373619584186], [10.665456649961163, 59.91570702161389], [10.675325947073922, 59.91862419187408], [10.67519089701779, 59.91872595220313], [10.675030395123715, 59.918827864205525], [10.675539124634302, 59.91905256737713], [10.675869296021434, 59.919164575291], [10.676292825060633, 59.91926112599005], [10.67692759477667, 59.919311738455335], [10.677210400203156, 59.91935294787263], [10.677555787802541, 59.91942246967043], [10.677851117499129, 59.919583414970624], [10.678095967478638, 59.91978541434003], [10.678460450073832, 59.920169025103185], [10.678603867356614, 59.92035366517721], [10.67920494215145, 59.92023132193467], [10.67967612860367, 59.920144996729604], [10.680120206917788, 59.920063265210715], [10.68064963972996, 59.91993946253528], [10.68105307496794, 59.91981080491068], [10.681131781038527, 59.919789558424775], [10.681276413968442, 59.919729650078416], [10.681482445437473, 59.91963147240088], [10.681965487008602, 59.91937135136822], [10.682177156154337, 59.91923118402592], [10.682867610510284, 59.918774012794685], [10.683433706867273, 59.918461759202295], [10.683609768136153, 59.91839559558014], [10.683672643768263, 59.91837346833586], [10.683754529589292, 59.918338747193125], [10.683861890562152, 59.918303690753675], [10.683969178064233, 59.918267824151414], [10.68425108280999, 59.918190652792326], [10.684534136924194, 59.91813078388499], [10.684741442954481, 59.91809288961654], [10.684970342269851, 59.918070720143035], [10.685274454833868, 59.91803482911753], [10.685514616712613, 59.91801419692425], [10.685810854333493, 59.91799890875724], [10.68611474526597, 59.91799915670532], [10.686418657563257, 59.91799922584973], [10.686746479516268, 59.91800825980391], [10.687085995510284, 59.91802100346959], [10.687287093661565, 59.918043238144094], [10.687287054919114, 59.91814412840372], [10.687142095099903, 59.91828936565306], [10.687072975643504, 59.918365062665934], [10.687066618801634, 59.91844704188464], [10.686965588779671, 59.91882886196987], [10.68704064687705, 59.91908777484808], [10.687141047069774, 59.9191572457575], [10.687254168857168, 59.91924871517175], [10.687819371749235, 59.919750645679144], [10.688089713438508, 59.91969080171851], [10.68825315935791, 59.919662435877974], [10.688367909839151, 59.91963804884353], [10.688749286751563, 59.91992147087316], [10.689289432021194, 59.920338048013896], [10.68942148831911, 59.92043274341562], [10.689653726595587, 59.92060004682464], [10.68997864755015, 59.920773621770735], [10.689709961986491, 59.92092820926456], [10.690187743638212, 59.92095365463416], [10.690429936900756, 59.92097129560936], [10.690759779610046, 59.921043598732695], [10.690991894052862, 59.921115400424995], [10.69125981622783, 59.921223172419054], [10.691462838173125, 59.921346624406134], [10.69177308211059, 59.921471965958176], [10.692017127500542, 59.92154433579299], [10.69220550729873, 59.921583322056826], [10.692421981708632, 59.92161837107291], [10.692636377173253, 59.92165425115231], [10.692811761850821, 59.92165261562281], [10.693122302862406, 59.921683278152436], [10.69346597762275, 59.9217167323984], [10.693667656814508, 59.92177746199777], [10.69388376325201, 59.921855388397134], [10.694100166522349, 59.921794397423454], [10.694211094316412, 59.92174704160994], [10.694305373315041, 59.92167477169842], [10.694321908851784, 59.92161083941784], [10.694372089377945, 59.921585774346894], [10.694449648622678, 59.92158021870104], [10.694665670727241, 59.921555272825934], [10.694837625613609, 59.92154417104933], [10.694915326564614, 59.92156928183518], [10.694965068042054, 59.92161937610571], [10.694976094849322, 59.92170003573565], [10.69492052917429, 59.92175279951251], [10.694817699462096, 59.921780548892386], [10.6947266675032, 59.92181677670255], [10.694682212922652, 59.92184463694543], [10.694656503824456, 59.92190611133798], [10.694656585723681, 59.92196896787348], [10.694665377375825, 59.92202545607268], [10.694692044958645, 59.922076683172754], [10.694739633620902, 59.922158538010436], [10.694889641201165, 59.922213079874275], [10.69497808021575, 59.922274151234824], [10.695033185187004, 59.9223284660155], [10.695110846783354, 59.922414631347905], [10.695103014354425, 59.92246257286093], [10.69515192307626, 59.92253565918599], [10.695246102129412, 59.92254836040683], [10.69549632773628, 59.92251661737158], [10.69568727644264, 59.92253724829034], [10.69584471323646, 59.922598056817144], [10.695955537536518, 59.922645381110044], [10.696121952035254, 59.92271430611986], [10.696293360940148, 59.922798590302584], [10.69640989817902, 59.922870919282985], [10.696548264683667, 59.92296554185232], [10.69670917884068, 59.92305478801036], [10.696890432939547, 59.92311844127863], [10.69697981040857, 59.923154363222594], [10.69706626802054, 59.92319900224345], [10.69710483573469, 59.923298006370906], [10.697127000906777, 59.923379838251755], [10.697104762638595, 59.92343252424285], [10.697051111673275, 59.92347743883443], [10.696943650226185, 59.92358506739734], [10.696970444872914, 59.923629824977475], [10.697015127091765, 59.9236568225804], [10.69708677547978, 59.9236568263934], [10.697140329034935, 59.92365686817855], [10.697229704124233, 59.92365691228806], [10.697301175093092, 59.92365691018506], [10.697542501109485, 59.923624783014645], [10.697658951485042, 59.9235942390176], [10.69771259749867, 59.92356730844978], [10.697837700085564, 59.92355844787837], [10.697909348253942, 59.92355845124533], [10.697998729837968, 59.923594373361], [10.698105932241292, 59.92360336172397], [10.698284698433163, 59.92365722048327], [10.698445639345147, 59.92370213418892], [10.698535023543268, 59.923791917849485], [10.698731626984715, 59.923944461221595], [10.698838922422514, 59.924016306336846], [10.699054453996446, 59.92416793895813], [10.699142252202227, 59.92422161256468], [10.699353020147829, 59.9243506093803], [10.6995696533487, 59.92449930985673], [10.699852565195005, 59.92452779366208], [10.700116496273566, 59.924600437620406], [10.700317595545046, 59.92472668896641], [10.700631971130584, 59.92481509659729], [10.700832874119007, 59.92485303984855], [10.701030365840657, 59.92491038337653], [10.701538867490518, 59.92505728114576], [10.702168188355182, 59.92526162386252], [10.702692703123025, 59.925459214973905], [10.703072953361133, 59.92572924637033], [10.703269719946785, 59.925907055487755], [10.703610679424765, 59.92611124058596], [10.704056705407604, 59.926328564764944], [10.704536612757424, 59.92657342818013], [10.70482492881979, 59.92675125420673], [10.70520520891538, 59.92723852626545], [10.705514342025985, 59.927608468273085], [10.705776833886771, 59.92777969451766], [10.705921045828415, 59.92794436457918], [10.706036943362871, 59.92812294827381], [10.705779115481471, 59.92836262681452], [10.705835591070112, 59.928438383151075], [10.705986476894513, 59.92851416111221], [10.706269368282223, 59.928602606444805], [10.706570949177365, 59.92882348170255], [10.706872785866974, 59.929006419387676], [10.706847446147307, 59.92912329826193], [10.706879515632396, 59.92929492078213], [10.706889921113339, 59.92931971830235], [10.706922815817887, 59.92939776160588], [10.707023265520183, 59.92961549472951], [10.707073529575291, 59.929688080624096], [10.70716783953885, 59.92979546212947], [10.707255798313817, 59.92990902053572], [10.70733106373293, 59.930032056880655], [10.707349901207078, 59.930098311749425], [10.707557497454918, 59.93014572353768], [10.707695656964093, 59.9302244109084], [10.707852729488371, 59.93029400388224], [10.70811054028157, 59.93033828563186], [10.708280158803406, 59.9303413874742], [10.708505043039057, 59.930320303046145], [10.708399706259248, 59.930360390798164], [10.708537893213576, 59.93043611041504], [10.70864478551092, 59.93053077287183], [10.708663709720375, 59.93062544522142], [10.708619584535871, 59.93087784935814], [10.708657084723306, 59.931010353841046], [10.708632080197143, 59.93113021052981], [10.708588181024455, 59.931379475416804], [10.708659292402645, 59.931470992751585], [10.709002454349918, 59.93187485414151], [10.709134638832934, 59.932035801299946], [10.70933550447345, 59.93227245103638], [10.709775494594235, 59.93244594491242], [10.709989400791617, 59.93253752858168], [10.710372657569977, 59.932695324764616], [10.710490058052828, 59.932743479724216], [10.71096416991809, 59.932927523020815], [10.710905230157557, 59.93296624644757], [10.710672641150678, 59.93311881569859], [10.71103018726849, 59.93335220364361], [10.71129848978557, 59.93353169935318], [10.711530941326766, 59.93367531768705], [10.711730411527373, 59.933821818310136], [10.711874815313587, 59.93394800181887], [10.712076248370101, 59.93409321727667], [10.71230873487337, 59.93429204578172], [10.712396647676062, 59.934364595393326], [10.712562788575722, 59.934541660889025], [10.712805291113396, 59.93449398660196], [10.71299712733352, 59.93461784644389], [10.713247608952877, 59.93477041110012], [10.713426221006781, 59.93488709628385], [10.713647758707628, 59.935033502310425], [10.713837499645892, 59.935165295381516], [10.714012315605535, 59.93526701949649], [10.71410643355438, 59.935333205811155], [10.714263657177801, 59.93543102952416], [10.714496318843835, 59.93543734304937], [10.714854762238211, 59.935295337260236], [10.715546472765462, 59.93500501743614], [10.71594887190357, 59.93482505369712], [10.71635986041047, 59.93465346159234], [10.716470828802908, 59.9346072569745], [10.718269413746059, 59.933837242075576], [10.720068072726827, 59.93308959771233]]]}, "properties": {"FID": 10, "kommunenum": "0301", "BYDEL": "05", "BYDELSNAVN": "Frogner"}}, {"type": "Feature", "id": 11, "geometry": {"type": "Polygon", "coordinates": [[[10.808916333693427, 59.91646519750373], [10.809228697785578, 59.916332809083244], [10.80993458461833, 59.915884671741175], [10.810764689632032, 59.91538006246103], [10.811679720810437, 59.914823753620524], [10.812503578501182, 59.914322801455306], [10.813352998572782, 59.91380638426766], [10.813918218940495, 59.91345760366632], [10.813598335593777, 59.91268604435684], [10.813346639119239, 59.91214763965975], [10.8130230931424, 59.911420918975], [10.812879226731713, 59.91104410057224], [10.812684427925722, 59.910653793282464], [10.812941429604908, 59.91047998434643], [10.813154587980057, 59.91027474951307], [10.81361809172071, 59.90976952380082], [10.813743459235422, 59.909652756776524], [10.813912822369998, 59.90952642052712], [10.814250565651717, 59.90931984108918], [10.81463419772599, 59.90915679973516], [10.815089723481979, 59.90898723185563], [10.81542872901705, 59.908834457884176], [10.81573255975297, 59.90867948654729], [10.81618390627757, 59.908395232004125], [10.816472445011005, 59.90818681422251], [10.816767758528123, 59.90793311399961], [10.81662237658607, 59.9079090719636], [10.816495244759388, 59.907889386731796], [10.816440112352149, 59.90788080024117], [10.816248027343425, 59.90784664141252], [10.81607539448405, 59.90782434039072], [10.814066787542924, 59.90751590965273], [10.812439738903198, 59.90725690139252], [10.810866527401044, 59.907015501019615], [10.809776130741618, 59.90683665867332], [10.808524680829143, 59.9066489017244], [10.807416340428817, 59.90647908825862], [10.806075568572368, 59.9062645446407], [10.80570014948239, 59.90621086157842], [10.805217541594796, 59.906148365249884], [10.804824154773693, 59.906103726882414], [10.804234268502276, 59.90605012642413], [10.803626476557685, 59.90599658065489], [10.803000904365938, 59.90595199646222], [10.802875245409718, 59.90576357576894], [10.802785684445873, 59.90566487152182], [10.802624741657219, 59.90555732662428], [10.802404715077817, 59.905427216714905], [10.802178282687132, 59.905285482933294], [10.8021593270883, 59.9052286820169], [10.80214679404058, 59.905187641313795], [10.802159180636407, 59.905117992983385], [10.802171430949807, 59.905026761034065], [10.802015982022253, 59.90498340994416], [10.801515097834024, 59.90482213071652], [10.801229155632859, 59.9047235435335], [10.800960809127972, 59.90464296052735], [10.800549496825214, 59.90452652483157], [10.800227513065725, 59.90441006142652], [10.800048741822629, 59.90434735153395], [10.799977206393088, 59.904311440205284], [10.799887815363999, 59.90429357151172], [10.799816268616134, 59.9042846346784], [10.799726941481962, 59.90428466083308], [10.799655447270723, 59.904293708839745], [10.79949984858161, 59.90431526686793], [10.799436920700876, 59.9043089425563], [10.79934903233784, 59.90430892456039], [10.799292429562035, 59.904283740499565], [10.799216954989703, 59.904277555035485], [10.799147886579084, 59.90426177326595], [10.799103879803134, 59.90424598167925], [10.799047238309493, 59.90422394339816], [10.798952939544513, 59.90419252048111], [10.798808421719418, 59.904142050349385], [10.799705016416256, 59.90342213334882], [10.799321106904314, 59.90308780709058], [10.798447026594781, 59.90263389007843], [10.798221987395161, 59.90250828774702], [10.79802384021929, 59.90240359466219], [10.797629595614529, 59.90225865223635], [10.797378015726943, 59.902183002377335], [10.79676214466949, 59.90203835203881], [10.796592292280613, 59.90199723080856], [10.796428997583785, 59.90195946621267], [10.796221383805952, 59.901902751640634], [10.796020395027881, 59.90185874702495], [10.794605996861415, 59.90161979024314], [10.794222682399628, 59.90155691809742], [10.792073906933572, 59.90117811122326], [10.79202493868362, 59.901171869347515], [10.791810037911171, 59.90115438784299], [10.791357581337294, 59.901111774948475], [10.790553205206287, 59.90107642660857], [10.789105296509783, 59.901030282538386], [10.789226721472236, 59.900455206392245], [10.7888307084494, 59.900405130035836], [10.787957263842193, 59.90030767083975], [10.787415237624863, 59.90025732214462], [10.786742823188032, 59.900185082511435], [10.785844386490314, 59.90009706004706], [10.785241030491816, 59.90002792317855], [10.783821004955193, 59.89987390635124], [10.783569830498674, 59.89987718735711], [10.783067411727968, 59.899889951541745], [10.78271545675422, 59.8998933280284], [10.782420344534463, 59.899902932321716], [10.782150342379353, 59.89990929355388], [10.781767203155432, 59.89991580522636], [10.781365267535254, 59.899922341723375], [10.780975867504663, 59.899928829736616], [10.780517142232421, 59.899938578560224], [10.78019710772062, 59.89993865642282], [10.779745244239377, 59.900062005535325], [10.779142512869589, 59.90022322445997], [10.778759495497734, 59.90029914589395], [10.77888130832371, 59.90043774591985], [10.778562929114038, 59.900462779604204], [10.77829482997949, 59.90048088381142], [10.778080246292395, 59.90049899655629], [10.77781233696028, 59.90051701548393], [10.777654247084511, 59.900530016562506], [10.777383617536213, 59.90054408080532], [10.777133412181056, 59.90056221704446], [10.776919194986743, 59.9005802492973], [10.776722586765091, 59.90058931554075], [10.77643675815796, 59.90060747623549], [10.775998021937268, 59.900621806886534], [10.775730299541598, 59.90058767670364], [10.775277858754535, 59.90060983829079], [10.77464334156328, 59.90064782105328], [10.773694806337978, 59.900701791353974], [10.772523617704426, 59.90076128058283], [10.771916257950279, 59.9007883441735], [10.771138511369847, 59.90084481643291], [10.770215029280614, 59.90092402403988], [10.769542876793778, 59.9009116791542], [10.768644730796455, 59.90089314256579], [10.767784181001112, 59.90087455003489], [10.767074393085922, 59.90084012144562], [10.766038025165912, 59.90078681887316], [10.765032746269176, 59.900597835578964], [10.764272404037037, 59.90045602320886], [10.76355621895766, 59.90033010387937], [10.763059803538349, 59.90006838002497], [10.762657600335109, 59.899866514390595], [10.762129572064577, 59.89959594642779], [10.762089301298712, 59.89952721229205], [10.762141767872789, 59.89944006462909], [10.762030004642098, 59.89942243734774], [10.761958223158432, 59.89930188622009], [10.762027445299992, 59.89929242648657], [10.761936723049665, 59.899136556421844], [10.76158491382865, 59.89918088324401], [10.761079323102631, 59.898674372438855], [10.760896910734992, 59.89848812371722], [10.760607498624584, 59.897932916775545], [10.760525351284304, 59.89778145881952], [10.760509122085471, 59.89774595796675], [10.760406088383393, 59.89752539950661], [10.76028019025558, 59.89727506192577], [10.760244949702358, 59.89722024607634], [10.760110169159049, 59.89696098979525], [10.759921040779552, 59.89637745165104], [10.759769793861786, 59.895900965440845], [10.75958086373697, 59.89546876171199], [10.759360635730218, 59.8949985940168], [10.759742717730564, 59.894118216161274], [10.760131541620897, 59.893505915971865], [10.759139061426973, 59.893278900364855], [10.758793452043514, 59.89320643716721], [10.758724417264471, 59.89329161053273], [10.758348330711689, 59.893787156441235], [10.757965669131165, 59.89421640025625], [10.757539071827573, 59.8946518692309], [10.757149953011346, 59.89499278533868], [10.756616610340293, 59.895494585539616], [10.756330956457372, 59.895802958457814], [10.756120945685463, 59.89603752133045], [10.755615325313606, 59.89595800100456], [10.747707443536957, 59.894057186891516], [10.751703609434768, 59.890925256502314], [10.742415725965197, 59.88729347632348], [10.7310066395576, 59.877178567163334], [10.718098315026918, 59.876795824130966], [10.712995965395578, 59.876644358031484], [10.688962491894172, 59.875928097673814], [10.660952857930338, 59.883626569521965], [10.658082484782716, 59.88441048329477], [10.684756861025637, 59.89242475366432], [10.711265345365275, 59.900435831927425], [10.725790881279671, 59.90271024198998], [10.728209064078403, 59.90308882156491], [10.744018198607666, 59.89936055442958], [10.745878422810675, 59.89892166701132], [10.75346053601803, 59.904366290948275], [10.753543980629606, 59.90449486711715], [10.75389797513074, 59.90504012551331], [10.754310560224624, 59.90549825520437], [10.754606198777186, 59.90601564298178], [10.75496491984468, 59.90661518003989], [10.755380240882806, 59.9074386360405], [10.755406262870503, 59.907520760167586], [10.755443280341845, 59.90763731746309], [10.75549991841461, 59.90780764783727], [10.75551288180368, 59.908075928141805], [10.755681939724406, 59.90828836803207], [10.75634339730201, 59.909249686528426], [10.75677794283357, 59.909811200430624], [10.757006719962702, 59.91012806897103], [10.757400850745347, 59.91072298379022], [10.757445003451986, 59.910865036382006], [10.75747014516176, 59.91097230834894], [10.757490325609083, 59.911097403751114], [10.757544258453432, 59.91135765248153], [10.757558603585258, 59.91158443500031], [10.75762827559817, 59.911745382921985], [10.757672391485379, 59.91186531543195], [10.757735458350401, 59.9119882860469], [10.757848554915793, 59.91214290037951], [10.7579430337646, 59.91227227884147], [10.75811286441919, 59.912467745774244], [10.758892882678987, 59.91335437159556], [10.758547162498397, 59.913414265926434], [10.758133060689978, 59.91347681107095], [10.758354727518887, 59.91378373636756], [10.758628159666872, 59.914149425474946], [10.758935229316815, 59.914450919156295], [10.75914376294183, 59.91461409285132], [10.759482123912237, 59.914836118117826], [10.759742600392084, 59.91501885715869], [10.759906510673112, 59.91518095120761], [10.76015380168517, 59.91548375305954], [10.760336270756177, 59.915692661794296], [10.76051867537459, 59.91591469579679], [10.760701135975921, 59.91612369308514], [10.760883166239227, 59.91626739688578], [10.761073168283156, 59.9163795273175], [10.76137232918546, 59.91652313600033], [10.761567606600272, 59.91660801099226], [10.76163643892465, 59.91665095950588], [10.761750039218361, 59.91684955528785], [10.761762727498285, 59.91692549395554], [10.761768861292332, 59.91697280729589], [10.761547850775534, 59.91717492687118], [10.761300584009096, 59.91732180053455], [10.760963236845699, 59.91746307619644], [10.760580931725034, 59.917581951577134], [10.760220745070438, 59.91762160392905], [10.759860764025749, 59.917638602144535], [10.759320894653174, 59.91773477556817], [10.759174710945056, 59.91778563493083], [10.75941843324873, 59.91792305589404], [10.759871118663932, 59.918077547911906], [10.760204417402417, 59.9181657018967], [10.761606829309061, 59.91854715023978], [10.762691540492874, 59.917611874236684], [10.762939026873687, 59.91775498394292], [10.763195667761694, 59.91788391204099], [10.763491261254313, 59.9180416081538], [10.763749159352438, 59.91815510974535], [10.764470239055985, 59.9184912205626], [10.764793146260407, 59.91865950301133], [10.764993889285828, 59.91848280195684], [10.76596155244196, 59.917690748259446], [10.766513783194473, 59.91722655892997], [10.767663103113096, 59.91643754896562], [10.768259729080901, 59.91600822990847], [10.769753829692707, 59.915083094519446], [10.771326374144559, 59.91577058587654], [10.772401619916408, 59.91624355269256], [10.772521125955784, 59.91630349805421], [10.772665808965968, 59.9163696469072], [10.77277268134245, 59.91642334193855], [10.772886108057305, 59.916477607087714], [10.772986200748178, 59.91653674880246], [10.773030623842414, 59.91658726875074], [10.773049680221087, 59.916647135617104], [10.773102484062875, 59.91670215124269], [10.773174065376654, 59.91675597122948], [10.773245592147331, 59.916863648671026], [10.774012831243208, 59.91779544089411], [10.774087305780247, 59.917895479879235], [10.774212662714158, 59.91796721052027], [10.77430210293589, 59.91800317054276], [10.774427194128553, 59.91803901621875], [10.774552427561986, 59.918056883357586], [10.774695492967751, 59.91808377477143], [10.774856496673053, 59.918083726975595], [10.774981571628757, 59.91807470428078], [10.775053031588225, 59.91807466006596], [10.77525765875421, 59.91806953815252], [10.775301542303222, 59.91796538582115], [10.775351572599716, 59.917883279363345], [10.775426927462734, 59.91778229488123], [10.776197950525166, 59.916491483684105], [10.776676135021797, 59.91563266829412], [10.776783106446164, 59.91543513922767], [10.777057439890491, 59.91548440285099], [10.777283805216728, 59.91552223515369], [10.777660740054113, 59.915563099676596], [10.778357406928146, 59.91561592580314], [10.778713920767075, 59.91564983806705], [10.77901849100458, 59.91568244388116], [10.779250263208047, 59.91572143573132], [10.779429083616478, 59.91575720173256], [10.779572005458796, 59.91580206628265], [10.779733074595317, 59.91586477539337], [10.779894173186877, 59.915945559248556], [10.780024486690438, 59.916054398358135], [10.780099879504583, 59.91613324324407], [10.78015669785782, 59.9162215629424], [10.780226002826474, 59.916313071297886], [10.780257445833131, 59.9164108274204], [10.7805151141935, 59.91636028256461], [10.78080399027765, 59.91631918993853], [10.781111768480516, 59.916297044715215], [10.781375732890885, 59.916296962074036], [10.781602003198271, 59.91631590285809], [10.781790683506458, 59.91634739465999], [10.781954219846684, 59.91638509460349], [10.782262332283109, 59.916457548303285], [10.782129695405644, 59.91666280105026], [10.781933441726126, 59.9169050372847], [10.781808672719988, 59.91709345789875], [10.781719381934618, 59.917228167132826], [10.781672071037466, 59.91734677719619], [10.781866938047775, 59.9173719045392], [10.784131108829225, 59.91807474113034], [10.784942587580215, 59.91832668252964], [10.787017154847316, 59.918770555967505], [10.78719975198853, 59.91881766970028], [10.788366214229638, 59.91906260687888], [10.788375284684351, 59.91906451546522], [10.790251572061267, 59.91945847360822], [10.7938395404689, 59.9202432937608], [10.794749961456526, 59.920440428818765], [10.796543300332111, 59.92082867641214], [10.798028590024884, 59.92114511551171], [10.798744287093854, 59.921297703126406], [10.79936679780376, 59.921426722881456], [10.799970464254091, 59.92155891512051], [10.800712398376694, 59.92171943208339], [10.800982974566768, 59.92177922348278], [10.802338201442177, 59.92192242565945], [10.803271394313434, 59.92202096073272], [10.80377414264287, 59.92207187287916], [10.804478494014864, 59.922143144462424], [10.805206095266206, 59.92220903824224], [10.805575130738767, 59.922242375845535], [10.805735631382568, 59.92225917829845], [10.806031384961797, 59.92228424478098], [10.806936568261072, 59.92235938325827], [10.806914415838685, 59.9225190831392], [10.80691190902323, 59.92253608731115], [10.806912967743218, 59.922536211118185], [10.807660260686413, 59.922633469138496], [10.808007104261469, 59.921081814325376], [10.808130612839994, 59.92044439333451], [10.808156381936397, 59.92024749385793], [10.808193824940318, 59.920092865117816], [10.80820620009574, 59.92000766212529], [10.808255922315457, 59.919830946255466], [10.808262045738633, 59.919786724006485], [10.808286995070779, 59.91972673681625], [10.808311901682103, 59.919641572094136], [10.80833667565412, 59.919524844258255], [10.808361692585478, 59.91944588698719], [10.808374147844662, 59.91938271472581], [10.80840528451251, 59.919329038431236], [10.808430389333779, 59.919256468547275], [10.808480368083234, 59.91917129307782], [10.808517904177322, 59.91907969757602], [10.808574060108915, 59.91898815559635], [10.808611816686044, 59.91893450968122], [10.80864301211593, 59.91889027666509], [10.80866282966436, 59.91886240523374], [10.808686825217169, 59.91881137850137], [10.808736984923256, 59.91875453199209], [10.808818399800073, 59.91867566217693], [10.808925085165548, 59.91856828556052], [10.809025217474371, 59.91848299830257], [10.80911929558365, 59.91841019583675], [10.809238509673794, 59.91831562543232], [10.809351627916971, 59.918236685727145], [10.809464450596993, 59.918167177963426], [10.80958993287427, 59.91808818151013], [10.809677732971005, 59.91802821687336], [10.809793393679639, 59.91796032785983], [10.80993517053217, 59.91789551655718], [10.810098492800986, 59.917825996613566], [10.810274065297778, 59.91773744597909], [10.810412402898677, 59.91767432320763], [10.81059432961282, 59.91759217767209], [10.810707320133982, 59.91755108608671], [10.81078263200857, 59.91751625927071], [10.811103092820202, 59.91737648103338], [10.81073895949062, 59.91725789607022], [10.810449605038487, 59.9171540989119], [10.810185372765233, 59.917047054225016], [10.809952732607831, 59.916949376014635], [10.809763914606416, 59.91687053560957], [10.809487136082543, 59.916750862109495], [10.809260653684264, 59.91663422694367], [10.808916333693427, 59.91646519750373]]]}, "properties": {"FID": 11, "kommunenum": "0301", "BYDEL": "01", "BYDELSNAVN": "Gamle Oslo"}}, {"type": "Feature", "id": 12, "geometry": {"type": "Polygon", "coordinates": [[[10.77861280807531, 59.93315706099883], [10.778694904945631, 59.93340309339629], [10.778777014448512, 59.933595536510076], [10.77885907199131, 59.93377853711965], [10.778953648203391, 59.93392372461884], [10.779111220755375, 59.93416660103209], [10.77923736182726, 59.93436225353102], [10.77936331466274, 59.934519956196354], [10.779501818531113, 59.93469028894091], [10.779577468968515, 59.934778671870866], [10.779697137567744, 59.934898497791735], [10.779772883815141, 59.93498050065566], [10.779908738648581, 59.935108308072174], [10.779944548295044, 59.935135260583024], [10.780087971822823, 59.93526978443364], [10.780410214931862, 59.93547612545936], [10.780821897625282, 59.93572732151637], [10.781287471580399, 59.93598734658431], [10.782415295214477, 59.93653625734962], [10.782493555386058, 59.936578865963305], [10.782594307952927, 59.93661509183157], [10.782976614678432, 59.93679035084548], [10.784826767469127, 59.93755937147663], [10.785172516230693, 59.93740778220679], [10.785606086262016, 59.93721512417035], [10.787155572595818, 59.93660391840215], [10.788049180893891, 59.936262323332684], [10.788531665519155, 59.936073648200065], [10.789425480239029, 59.93572314990534], [10.790354777226941, 59.935345637616905], [10.791349167655259, 59.93493081607321], [10.79252401317672, 59.934491542818584], [10.793296919523641, 59.93424181703992], [10.793598623405778, 59.93415012157525], [10.795961761164902, 59.9333946889638], [10.795961940437373, 59.933394694605724], [10.79629488588615, 59.93329670778949], [10.798732868767999, 59.93250666227766], [10.799310747774646, 59.932310743571904], [10.799687723692887, 59.93218744791928], [10.799964176860618, 59.932105272966474], [10.800042896038342, 59.93206795248804], [10.800268028490544, 59.93196094191639], [10.800560647798608, 59.9318218264124], [10.800649041598112, 59.931770337073836], [10.800812477278424, 59.931672327717045], [10.800865253928572, 59.931633279965254], [10.800975597589167, 59.931596607512574], [10.801183049385033, 59.93148912184953], [10.801440400813753, 59.93134690148074], [10.801792973184238, 59.931138843421316], [10.8023069312783, 59.93088566660326], [10.802757724389123, 59.930671475312224], [10.802846025962278, 59.930629153183446], [10.803132852797297, 59.93049173659765], [10.803668707562846, 59.93020409613236], [10.804132934236284, 59.929988351010664], [10.804311677190626, 59.92988956724033], [10.804419000914216, 59.92983562204353], [10.804443370989487, 59.929817156562706], [10.804490312087427, 59.929781698035505], [10.804561741262349, 59.929736769215836], [10.804636364741766, 59.9295745143235], [10.805182699778666, 59.92935958344277], [10.805704797230746, 59.929132280383044], [10.805498302160329, 59.92904118304783], [10.80534768426026, 59.929087635802055], [10.805150845141128, 59.92914826086289], [10.804566463212623, 59.92930002846007], [10.804189341396661, 59.92934133070493], [10.803994433925153, 59.92935409170851], [10.803698963054817, 59.92935744293688], [10.803397078997584, 59.92934494430688], [10.803151911417803, 59.92932310371631], [10.802931608105013, 59.92929162499155], [10.802686504328705, 59.92923813610184], [10.8024913441974, 59.929187766874115], [10.802271354890895, 59.92911844340965], [10.801943145819155, 59.928972838735646], [10.802019101349222, 59.92842786517048], [10.802148349932713, 59.92777741197193], [10.8021421184034, 59.92756618589284], [10.802222732328834, 59.927278783005264], [10.802260078893934, 59.927162006989064], [10.80231961455218, 59.92699163011083], [10.802416472954993, 59.92685894794274], [10.802498273016553, 59.92676741584571], [10.802667543251943, 59.9266032349681], [10.802944189366837, 59.926425661752454], [10.803354679528123, 59.92617412999824], [10.803671794363886, 59.92600935550274], [10.80455696260161, 59.925548073537975], [10.805285104482627, 59.92516261583779], [10.805592651669702, 59.92501101866055], [10.805894009656797, 59.92484034149883], [10.806126260377546, 59.924707654826186], [10.806283156215692, 59.9245972028914], [10.806465041913656, 59.92446758656743], [10.806628076186996, 59.92435391282782], [10.806715816508573, 59.92427191939969], [10.806803777011448, 59.924202339936436], [10.806880808084523, 59.924117217557125], [10.806935155030121, 59.92405708830735], [10.807091823991914, 59.9238803615152], [10.807292197207971, 59.92362140807587], [10.80742983875116, 59.92337834854484], [10.807492217103599, 59.92320788057138], [10.807548206214362, 59.92301850767846], [10.807591746180952, 59.92289221608665], [10.807660260686413, 59.922633469138496], [10.806912967743218, 59.922536211118185], [10.80691190902323, 59.92253608731115], [10.806914415838685, 59.9225190831392], [10.806936568261072, 59.92235938325827], [10.806031384961797, 59.92228424478098], [10.805735631382568, 59.92225917829845], [10.805575130738767, 59.922242375845535], [10.805206095266206, 59.92220903824224], [10.804478494014864, 59.922143144462424], [10.80377414264287, 59.92207187287916], [10.803271394313434, 59.92202096073272], [10.802338201442177, 59.92192242565945], [10.800982974566768, 59.92177922348278], [10.800712398376694, 59.92171943208339], [10.799970464254091, 59.92155891512051], [10.79936679780376, 59.921426722881456], [10.798744287093854, 59.921297703126406], [10.798028590024884, 59.92114511551171], [10.796543300332111, 59.92082867641214], [10.794749961456526, 59.920440428818765], [10.7938395404689, 59.9202432937608], [10.790251572061267, 59.91945847360822], [10.788375284684351, 59.91906451546522], [10.788366214229638, 59.91906260687888], [10.78719975198853, 59.91881766970028], [10.787017154847316, 59.918770555967505], [10.784942587580215, 59.91832668252964], [10.784131108829225, 59.91807474113034], [10.781866938047775, 59.9173719045392], [10.781672071037466, 59.91734677719619], [10.781719381934618, 59.917228167132826], [10.781808672719988, 59.91709345789875], [10.781933441726126, 59.9169050372847], [10.782129695405644, 59.91666280105026], [10.782262332283109, 59.916457548303285], [10.781954219846684, 59.91638509460349], [10.781790683506458, 59.91634739465999], [10.781602003198271, 59.91631590285809], [10.781375732890885, 59.916296962074036], [10.781111768480516, 59.916297044715215], [10.78080399027765, 59.91631918993853], [10.7805151141935, 59.91636028256461], [10.780257445833131, 59.9164108274204], [10.780226002826474, 59.916313071297886], [10.78015669785782, 59.9162215629424], [10.780099879504583, 59.91613324324407], [10.780024486690438, 59.916054398358135], [10.779894173186877, 59.915945559248556], [10.779733074595317, 59.91586477539337], [10.779572005458796, 59.91580206628265], [10.779429083616478, 59.91575720173256], [10.779250263208047, 59.91572143573132], [10.77901849100458, 59.91568244388116], [10.778713920767075, 59.91564983806705], [10.778357406928146, 59.91561592580314], [10.777660740054113, 59.915563099676596], [10.777283805216728, 59.91552223515369], [10.777057439890491, 59.91548440285099], [10.776783106446164, 59.91543513922767], [10.776676135021797, 59.91563266829412], [10.776197950525166, 59.916491483684105], [10.775426927462734, 59.91778229488123], [10.775351572599716, 59.917883279363345], [10.775301542303222, 59.91796538582115], [10.77525765875421, 59.91806953815252], [10.775053031588225, 59.91807466006596], [10.774981571628757, 59.91807470428078], [10.774856496673053, 59.918083726975595], [10.774695492967751, 59.91808377477143], [10.774552427561986, 59.918056883357586], [10.774427194128553, 59.91803901621875], [10.77430210293589, 59.91800317054276], [10.774212662714158, 59.91796721052027], [10.774087305780247, 59.917895479879235], [10.774012831243208, 59.91779544089411], [10.773245592147331, 59.916863648671026], [10.773174065376654, 59.91675597122948], [10.773102484062875, 59.91670215124269], [10.773049680221087, 59.916647135617104], [10.773030623842414, 59.91658726875074], [10.772986200748178, 59.91653674880246], [10.772886108057305, 59.916477607087714], [10.77277268134245, 59.91642334193855], [10.772665808965968, 59.9163696469072], [10.772521125955784, 59.91630349805421], [10.772401619916408, 59.91624355269256], [10.771326374144559, 59.91577058587654], [10.769753829692707, 59.915083094519446], [10.768259729080901, 59.91600822990847], [10.767663103113096, 59.91643754896562], [10.766513783194473, 59.91722655892997], [10.76596155244196, 59.917690748259446], [10.764993889285828, 59.91848280195684], [10.764793146260407, 59.91865950301133], [10.764470239055985, 59.9184912205626], [10.763749159352438, 59.91815510974535], [10.763491261254313, 59.9180416081538], [10.763195667761694, 59.91788391204099], [10.762939026873687, 59.91775498394292], [10.762691540492874, 59.917611874236684], [10.761606829309061, 59.91854715023978], [10.760204417402417, 59.9181657018967], [10.759871118663932, 59.918077547911906], [10.75941843324873, 59.91792305589404], [10.759174710945056, 59.91778563493083], [10.759320894653174, 59.91773477556817], [10.759860764025749, 59.917638602144535], [10.760220745070438, 59.91762160392905], [10.760580931725034, 59.917581951577134], [10.760963236845699, 59.91746307619644], [10.761300584009096, 59.91732180053455], [10.761547850775534, 59.91717492687118], [10.761768861292332, 59.91697280729589], [10.761762727498285, 59.91692549395554], [10.761750039218361, 59.91684955528785], [10.76163643892465, 59.91665095950588], [10.761567606600272, 59.91660801099226], [10.76137232918546, 59.91652313600033], [10.761073168283156, 59.9163795273175], [10.760883166239227, 59.91626739688578], [10.760701135975921, 59.91612369308514], [10.76051867537459, 59.91591469579679], [10.760336270756177, 59.915692661794296], [10.76015380168517, 59.91548375305954], [10.759906510673112, 59.91518095120761], [10.759742600392084, 59.91501885715869], [10.759482123912237, 59.914836118117826], [10.75914376294183, 59.91461409285132], [10.758935229316815, 59.914450919156295], [10.758628159666872, 59.914149425474946], [10.758354727518887, 59.91378373636756], [10.758133060689978, 59.91347681107095], [10.757475050924318, 59.91357456299772], [10.756724476605443, 59.913718422927474], [10.753169210448009, 59.91448233874808], [10.753776193336707, 59.91468849833506], [10.754527063952843, 59.9149583714524], [10.75560158383402, 59.91536500898313], [10.756092657779567, 59.915560586567004], [10.756243288527072, 59.91562056201037], [10.756444599563263, 59.91570572960573], [10.756645830638705, 59.915834953008556], [10.757004292273551, 59.91607480631197], [10.755665445366798, 59.916828754002424], [10.754453567396565, 59.91759901377822], [10.753511252454656, 59.91816422698096], [10.753190828022639, 59.918303062213155], [10.753033954565838, 59.91838836780175], [10.752889442133242, 59.918473622012954], [10.75251247147167, 59.91869461354039], [10.752380767152998, 59.91877353652448], [10.751809204671382, 59.91913651984586], [10.75169599137369, 59.919187086236455], [10.7515767028354, 59.91921236959586], [10.751362940726892, 59.919231367032815], [10.749919544845856, 59.919392841677016], [10.747989171095144, 59.91963541251373], [10.748208255565045, 59.91970210401797], [10.748471852748708, 59.91986869113239], [10.748883125104284, 59.92013796721167], [10.749169247016745, 59.920317509918455], [10.74941957926307, 59.920452105914535], [10.749705733295423, 59.92058668950534], [10.750009755219784, 59.92074819524669], [10.750313731843544, 59.9208737319787], [10.75058211473613, 59.92103525420624], [10.750848962912743, 59.921124882665545], [10.751011136709009, 59.921178762474746], [10.75113819317782, 59.92122575359834], [10.751056512827727, 59.921276168184164], [10.75094354753593, 59.921383479876134], [10.750836712150901, 59.921487661755855], [10.750761396507341, 59.921591872277254], [10.750698990659988, 59.92169595983031], [10.750667232345563, 59.92182225751322], [10.750636022233524, 59.92196107074753], [10.750617232228691, 59.922046244379175], [10.750598488104414, 59.92211568458341], [10.750579610122264, 59.92218197407049], [10.750567175334698, 59.92226087957891], [10.75062370097639, 59.92236493904538], [10.750699189681109, 59.92249433845272], [10.750756094431527, 59.92262062013517], [10.75088207966538, 59.92283823926804], [10.750919886015192, 59.92291085344001], [10.750919805828156, 59.92304015151815], [10.750919968403549, 59.92318852028372], [10.750897286506769, 59.923527853397374], [10.7507849166293, 59.923872384952425], [10.750371836214253, 59.925002525733916], [10.75035035735181, 59.92503456208549], [10.750149495810037, 59.92539439991067], [10.75010393108275, 59.925765454430184], [10.750032682546186, 59.92635795507022], [10.749979255488734, 59.926663117249326], [10.7498901381119, 59.927336325908705], [10.749872280511978, 59.92747988700998], [10.749729799877661, 59.928171064122765], [10.749854995873536, 59.92815307633929], [10.750051541199284, 59.9281528570666], [10.751188173240882, 59.92816139735319], [10.751571606448632, 59.928170622917975], [10.754947292765037, 59.92826475834972], [10.755167500717976, 59.92826160741948], [10.755714486459881, 59.92827087938027], [10.75584651016117, 59.92827090878096], [10.756965629263512, 59.92829591858727], [10.759128634038456, 59.928345914679646], [10.759314820528012, 59.92836647807208], [10.759690285220334, 59.928393227494524], [10.761083675861133, 59.92849671981011], [10.76106580676646, 59.92937390748362], [10.761016891672426, 59.930430917180786], [10.76188537022089, 59.93145622449526], [10.762263385939523, 59.931923187437384], [10.763268754093314, 59.93167976716036], [10.763627083428958, 59.931591309426466], [10.763998000891533, 59.93149965915063], [10.764312206702938, 59.93141436651963], [10.764758366883118, 59.93125958608916], [10.765016000953358, 59.93117112299318], [10.765631587622966, 59.93091847468452], [10.766536367631948, 59.9305110257435], [10.766818975451532, 59.930378404709955], [10.768614492953414, 59.92959288684582], [10.768830030475273, 59.92969944067951], [10.769232766959965, 59.92991703028064], [10.769591526720141, 59.93011567230393], [10.769981647535467, 59.93035218593312], [10.770189268648586, 59.930468912124056], [10.770334187635862, 59.930560336460424], [10.770403341937909, 59.93059825389918], [10.770529093187848, 59.93065174695949], [10.770699084308138, 59.93074325730645], [10.77083746197489, 59.93077782358903], [10.770982184888418, 59.93083147550935], [10.77115619534869, 59.93088445009943], [10.771353010192918, 59.93092017276193], [10.771561089782796, 59.930947626328624], [10.771636340893005, 59.93095741562017], [10.771862808051633, 59.93098258108662], [10.772340504140352, 59.93101716132792], [10.772755585947596, 59.931045414362266], [10.773227287747305, 59.93108627281482], [10.773617177774208, 59.93114914068255], [10.774069987323648, 59.93122157950184], [10.774220991225125, 59.931249893738716], [10.774378310565115, 59.93130034934639], [10.774590771779872, 59.93134969718985], [10.774859076327685, 59.931430419042044], [10.77537206083384, 59.93157761569199], [10.775661412750836, 59.931694257918515], [10.775818715584286, 59.93176035694519], [10.776013906679799, 59.93184547490852], [10.777121313529145, 59.93243199539911], [10.778291892352954, 59.93304049233396], [10.77861280807531, 59.93315706099883]]]}, "properties": {"FID": 12, "kommunenum": "0301", "BYDEL": "02", "BYDELSNAVN": "Grünerløkka"}}, {"type": "Feature", "id": 13, "geometry": {"type": "Polygon", "coordinates": [[[10.856231229777988, 59.884291915835334], [10.85602333129925, 59.88410275831771], [10.8558721438681, 59.88397670592286], [10.855689445512358, 59.883837972180196], [10.855658018593719, 59.883768649034856], [10.855676369918319, 59.88371186383902], [10.856190668818018, 59.883528282299835], [10.856221374878437, 59.88336093529642], [10.856213961655074, 59.88308323655633], [10.856865274940764, 59.88264709179617], [10.85688298310953, 59.88153931516145], [10.85701718813188, 59.88131507798465], [10.857348118390075, 59.88084141880644], [10.857347865697577, 59.88075302830469], [10.857297237621939, 59.880689934743195], [10.8569201141776, 59.880564139917176], [10.85692415782734, 59.87839642122704], [10.856941386797633, 59.876455782681525], [10.856395184357462, 59.87644999638718], [10.855522672220477, 59.876447772851826], [10.853984752380473, 59.876446240738176], [10.852277264781442, 59.876444828905235], [10.850105006818287, 59.876434306227864], [10.850154547259775, 59.87601454416341], [10.849150927749177, 59.87576897742319], [10.849118150712703, 59.87541557983675], [10.848830666538891, 59.87482612802458], [10.848571715518231, 59.87441928649436], [10.84844573526832, 59.87429959425227], [10.848444992323584, 59.87411651074182], [10.848618860755177, 59.873602039695], [10.84879933221913, 59.87319791890541], [10.849143280226501, 59.87290100570034], [10.849362744228053, 59.872701584996975], [10.84944579930344, 59.87272245823553], [10.849570278781483, 59.8727452673132], [10.84973617523536, 59.87272424836334], [10.85016304345171, 59.872664079347224], [10.850498504605493, 59.872628448770925], [10.851103293858753, 59.87265292238361], [10.851475120304823, 59.87273001669016], [10.851929932426035, 59.87280990592883], [10.852262844681167, 59.872850614866344], [10.85218117743965, 59.87281288485757], [10.852042821631155, 59.87279089847958], [10.851841935270729, 59.87276271440597], [10.851603142324942, 59.87270294503762], [10.851383098237825, 59.872598989988354], [10.851225680417953, 59.87249188468425], [10.85112474353062, 59.872356351217334], [10.85072630108632, 59.871574049704556], [10.85054277788895, 59.871186136395856], [10.850397050727567, 59.87087080428942], [10.849644945872132, 59.87038501685119], [10.84943234383361, 59.8701199022451], [10.849247839366928, 59.86998784290503], [10.849063263760774, 59.86986351491737], [10.848721914699263, 59.869638571393466], [10.84851794312027, 59.869527834879854], [10.848241392232275, 59.86937974204859], [10.848083562008611, 59.86914009066423], [10.848020456684019, 59.86907695777636], [10.847888418170319, 59.86902028171516], [10.847555789258472, 59.868989099449635], [10.846333152670395, 59.86929629212079], [10.845528434103668, 59.868565426683325], [10.845200932641973, 59.86829433593249], [10.845030920400493, 59.86813665398774], [10.844867333854236, 59.867994819941984], [10.844678366258893, 59.867821433538346], [10.844476888542996, 59.867632276782366], [10.844092371748182, 59.86720662097396], [10.843909236525457, 59.866900797678355], [10.843820555602829, 59.8666704277747], [10.843763464102638, 59.866490597777066], [10.8437373276446, 59.86621616970981], [10.843753669705967, 59.86556608334322], [10.843880403071251, 59.864265825896844], [10.843940614256125, 59.86350212917535], [10.843894129694945, 59.86321456002796], [10.843617400023975, 59.86302553966308], [10.84349717331736, 59.86281737037232], [10.843283411691159, 59.86264094944243], [10.843061833437394, 59.86250564108749], [10.84256766964929, 59.862305608770505], [10.84225450554468, 59.86222368819751], [10.841788251194611, 59.86214366924241], [10.841562324983029, 59.86212186864759], [10.841198270337152, 59.862109546400795], [10.84080301552646, 59.86213516797873], [10.840370275027857, 59.862186037209156], [10.840132413718203, 59.862183907524624], [10.840239546396813, 59.861790423612426], [10.840139304403515, 59.861788601773654], [10.839492344131807, 59.86180131159726], [10.839209700225192, 59.86186564651638], [10.839016563891413, 59.86187185304658], [10.838664249976299, 59.86190718944497], [10.838149471687954, 59.86189503394146], [10.837760528379002, 59.86185449039227], [10.83715176706149, 59.86182335192695], [10.83668753356849, 59.86184587809599], [10.836003713472946, 59.86185596550068], [10.835652418486765, 59.86186884771871], [10.835163135120107, 59.86192294358553], [10.834930995192805, 59.86189796866804], [10.834573012132193, 59.86178152159379], [10.83435344339759, 59.861753256565855], [10.834227934704726, 59.86175332615221], [10.83419588456737, 59.8615324752472], [10.833831411332893, 59.86139082495088], [10.833693736599198, 59.86145093030255], [10.833599741844322, 59.861492008461575], [10.833323408282691, 59.86142597895673], [10.833279509264422, 59.86146387957438], [10.833323947137023, 59.86159008654252], [10.833144882949988, 59.86176936229479], [10.832828470998775, 59.86166933335133], [10.83269865872298, 59.86173373283984], [10.832653323038873, 59.86178309595426], [10.832452632937786, 59.86184956567583], [10.832364985840854, 59.86192842784892], [10.832160024101654, 59.86200330236985], [10.831870030356173, 59.862111896673824], [10.83177556278167, 59.86198266497564], [10.83139262099011, 59.86193563947459], [10.831039560843053, 59.8619326290708], [10.830746145509966, 59.86193870075268], [10.830740467329125, 59.86203391860531], [10.830746878907052, 59.862094003426414], [10.830740898287079, 59.86216025942219], [10.830734720547715, 59.86221383147255], [10.8307348833043, 59.86228954334423], [10.83074151612147, 59.86236213303635], [10.830741877788594, 59.8624505288257], [10.830739647957788, 59.86289903253298], [10.830738667568285, 59.86310795833974], [10.830738545508531, 59.86312890451565], [10.830737987282118, 59.86323318558416], [10.830742440013228, 59.86385372385506], [10.830721910431539, 59.8640346065265], [10.830685535348511, 59.86439751027575], [10.830611860099177, 59.86484257992284], [10.83054327624108, 59.8649846253089], [10.830456243032243, 59.865233891281875], [10.830350517188492, 59.8655053126119], [10.830294813476089, 59.86579558285143], [10.830215060202276, 59.86634466852892], [10.830184270278647, 59.866540331107856], [10.830116240802443, 59.86679910026334], [10.83003921426981, 59.86710254100233], [10.829975634673286, 59.86724025013076], [10.829699585128495, 59.86801427659594], [10.829581241508016, 59.86830777516802], [10.829444575590472, 59.86869600046216], [10.829338640905485, 59.86896750440969], [10.829059791408522, 59.86944427964263], [10.828797167443287, 59.869763143295486], [10.828672290201387, 59.869914731650276], [10.828202976100167, 59.870347341923406], [10.827927351651642, 59.87055591721154], [10.827820968672293, 59.87064128725091], [10.82762338962856, 59.8708121468432], [10.827445354625175, 59.870946942852626], [10.827232696818342, 59.87111822300032], [10.826950897377143, 59.87134881060276], [10.826572757355661, 59.871638829099695], [10.826341411071049, 59.8718634631046], [10.826087158129642, 59.872091056669895], [10.825914224010983, 59.87226773146702], [10.825682924467689, 59.87248337468284], [10.825505306269662, 59.872681660016106], [10.825311487898718, 59.872896424666116], [10.825113456279073, 59.87313901788983], [10.824988827575588, 59.87328269866707], [10.824692356563686, 59.87369533940505], [10.82456092710209, 59.87386892508339], [10.824423508805967, 59.87404888344582], [10.824229824082776, 59.87429521063413], [10.82407361870476, 59.874519349252914], [10.823817142287679, 59.87485404494275], [10.82342397054742, 59.875321516314024], [10.823354317920598, 59.87538763906983], [10.823317132617195, 59.87542026514056], [10.823192532779457, 59.875555044566745], [10.822966462322515, 59.8758013302316], [10.822784922343343, 59.8759750316967], [10.822496884188109, 59.87621197617832], [10.821889374850452, 59.87665411380496], [10.821288077928294, 59.87708367981745], [10.820818305673255, 59.87740592882789], [10.820404834945784, 59.87770281246567], [10.819709547128632, 59.87819250330248], [10.819237906923435, 59.878537886488104], [10.819212565967959, 59.87856018856774], [10.818614304729648, 59.879058892717254], [10.81825031023119, 59.87939582606685], [10.817688241067613, 59.87991231101715], [10.816886941086233, 59.88071205702132], [10.816303853936915, 59.88141363037905], [10.816191301307896, 59.881558857322986], [10.815591035726964, 59.882322730872446], [10.815157356348124, 59.88290281380756], [10.814902885119608, 59.88317201156909], [10.814470627562129, 59.883585797656316], [10.814257820393852, 59.88379113276711], [10.813762669042303, 59.88418286485834], [10.8130669302539, 59.88464724630803], [10.812208032666167, 59.88513987822473], [10.81136773016942, 59.88558553237812], [10.810765909420399, 59.885904714802834], [10.80990678069273, 59.88633762334247], [10.809492935721003, 59.88656199375569], [10.808690253107713, 59.887026544279685], [10.807687244575746, 59.88768044889386], [10.807342280045757, 59.88791734858669], [10.807148256750411, 59.88806257992151], [10.80699190853227, 59.88818572396297], [10.806828634180308, 59.888318358473555], [10.806665566448137, 59.88844794246668], [10.80642137033085, 59.88865325436455], [10.806189505662713, 59.888874245716124], [10.80590121814719, 59.88916797528562], [10.805600589466701, 59.88948999476538], [10.805193802520522, 59.89002352216986], [10.804955971149832, 59.89038656454849], [10.804756014581926, 59.8907401150205], [10.80461238684849, 59.89104007364085], [10.804449747770454, 59.891358757741166], [10.80443762512005, 59.891466088885124], [10.804381561497358, 59.89166489871447], [10.804244356908915, 59.892119355150044], [10.804088843580326, 59.89271592046221], [10.803983284472249, 59.89321445432044], [10.804021734027302, 59.89357731435469], [10.804173369629117, 59.89397489516815], [10.804311989509607, 59.89418935446724], [10.80447566533457, 59.89440380283766], [10.804527748817064, 59.89469561644056], [10.80459464212916, 59.89499059890383], [10.804660732755766, 59.8954449738374], [10.8046799681066, 59.89556472278958], [10.80468640980324, 59.89567525307619], [10.804711743802525, 59.89579204977102], [10.804718395694431, 59.89591508407812], [10.804718814482282, 59.8960633657499], [10.804706532034613, 59.89622436958316], [10.80470693400636, 59.89642947637427], [10.804694861617234, 59.896644076016884], [10.804694293987346, 59.896930523714154], [10.804641248721257, 59.8972357089804], [10.804552812396587, 59.89753203257312], [10.80449994512646, 59.89778336512858], [10.804240639765071, 59.898449907799844], [10.804228548859243, 59.89848098625394], [10.804118243574043, 59.89859947831094], [10.804224160919748, 59.89862377943406], [10.804796142572346, 59.89875497007588], [10.804759915965205, 59.89877786634763], [10.804703288401827, 59.89881739930665], [10.804616423572487, 59.8988841869615], [10.80449570757474, 59.89897700424174], [10.804437796642931, 59.899021530466406], [10.804278961738785, 59.89914365464082], [10.804120611393627, 59.89926540552776], [10.804008805173517, 59.899351368639614], [10.80391212961299, 59.89942524635708], [10.803762978541046, 59.89953911524161], [10.803673017206975, 59.8996095992332], [10.803581829771083, 59.899689756966765], [10.803580777120564, 59.899690687497284], [10.803580506445233, 59.899690938195945], [10.80351409221366, 59.899755155780376], [10.803510344471672, 59.89975913831962], [10.803450937919118, 59.89982225851842], [10.803418892075982, 59.89986004348342], [10.80339500707533, 59.899889176152534], [10.803385840829394, 59.89990141238776], [10.80337294414958, 59.89991709382012], [10.803332842170867, 59.899972160941566], [10.80326090812587, 59.900079846766154], [10.803202548648084, 59.90019679097138], [10.803148433845301, 59.900332806996495], [10.803148286872478, 59.90033329491242], [10.803121569724755, 59.9004568827383], [10.80311295015128, 59.90053075045267], [10.803112946737862, 59.90053078642578], [10.803128122936549, 59.90065571144826], [10.803131432392938, 59.90076407417692], [10.80313503440052, 59.90081346146057], [10.802827484687564, 59.901037609694626], [10.802445073891516, 59.901318712189074], [10.801905668856133, 59.90171034470174], [10.80148573131836, 59.90202621315012], [10.800971502316214, 59.90242098411646], [10.800664443372748, 59.90267355512465], [10.800363435894983, 59.90291364180798], [10.799999787573007, 59.90320738520493], [10.799705016416256, 59.90342213334882], [10.798808421719418, 59.904142050349385], [10.798952939544513, 59.90419252048111], [10.799047238309493, 59.90422394339816], [10.799103879803134, 59.90424598167925], [10.799147886579084, 59.90426177326595], [10.799216954989703, 59.904277555035485], [10.799292429562035, 59.904283740499565], [10.79934903233784, 59.90430892456039], [10.799436920700876, 59.9043089425563], [10.79949984858161, 59.90431526686793], [10.799655447270723, 59.904293708839745], [10.799726941481962, 59.90428466083308], [10.799816268616134, 59.9042846346784], [10.799887815363999, 59.90429357151172], [10.799977206393088, 59.904311440205284], [10.800048741822629, 59.90434735153395], [10.800227513065725, 59.90441006142652], [10.800549496825214, 59.90452652483157], [10.800960809127972, 59.90464296052735], [10.801229155632859, 59.9047235435335], [10.801515097834024, 59.90482213071652], [10.802015982022253, 59.90498340994416], [10.802171430949807, 59.905026761034065], [10.802159180636407, 59.905117992983385], [10.80214679404058, 59.905187641313795], [10.8021593270883, 59.9052286820169], [10.802178282687132, 59.905285482933294], [10.802404715077817, 59.905427216714905], [10.802624741657219, 59.90555732662428], [10.802785684445873, 59.90566487152182], [10.802875245409718, 59.90576357576894], [10.803000904365938, 59.90595199646222], [10.803626476557685, 59.90599658065489], [10.804234268502276, 59.90605012642413], [10.804824154773693, 59.906103726882414], [10.805217541594796, 59.906148365249884], [10.80570014948239, 59.90621086157842], [10.806075568572368, 59.9062645446407], [10.807416340428817, 59.90647908825862], [10.808524680829143, 59.9066489017244], [10.809776130741618, 59.90683665867332], [10.810866527401044, 59.907015501019615], [10.812439738903198, 59.90725690139252], [10.814066787542924, 59.90751590965273], [10.81607539448405, 59.90782434039072], [10.816248027343425, 59.90784664141252], [10.816440112352149, 59.90788080024117], [10.816495244759388, 59.907889386731796], [10.81662237658607, 59.9079090719636], [10.816767758528123, 59.90793311399961], [10.81716922142839, 59.90799065062963], [10.81757097284839, 59.90804306882584], [10.817946455504234, 59.90809654060598], [10.818322059285224, 59.90815900566289], [10.818822758130977, 59.90825736311294], [10.819359164839403, 59.90837357619737], [10.819979269227128, 59.90852463438189], [10.820482310376082, 59.90865992350577], [10.820884850208511, 59.90878581670444], [10.821256005179627, 59.90893067148749], [10.821488608338477, 59.909015650770186], [10.821891047907423, 59.909163745871], [10.822098768155108, 59.90924874289974], [10.822451205801837, 59.90938733606174], [10.822771921819628, 59.90952905787909], [10.823092846529539, 59.909683372810655], [10.823363450639343, 59.90983779837899], [10.823684441708249, 59.91003005755934], [10.824118800081303, 59.91027895993184], [10.824395695972402, 59.91044608086473], [10.82463785209401, 59.9106132680754], [10.82483502355755, 59.91075663946616], [10.825068006972538, 59.91092704169604], [10.82532166161324, 59.91111104561178], [10.825384640752741, 59.911158359140565], [10.825491716279455, 59.91123089767949], [10.825668039082856, 59.911366413842906], [10.825907823410558, 59.911568228988095], [10.826107808572287, 59.911751968929764], [10.826323148695112, 59.91194033066478], [10.826448686655178, 59.91205688142718], [10.826557252896759, 59.91217028745372], [10.826639245565115, 59.91225866332123], [10.826955667768798, 59.91214578431282], [10.827197852164163, 59.91205941365128], [10.827431203857788, 59.9119663793438], [10.827661890907352, 59.91184754402927], [10.82881556209004, 59.91121560885724], [10.829279751844698, 59.9109880932476], [10.829562061876896, 59.91089004283829], [10.829901125599799, 59.910791990732314], [10.830120902681653, 59.91074131962612], [10.830409625701323, 59.910674850355306], [10.830522629114924, 59.910658918523055], [10.830817749909729, 59.91061135212301], [10.831157192196706, 59.91058577888997], [10.831571757294347, 59.91055080530779], [10.831992675915657, 59.91052511268305], [10.832508090615827, 59.91051823563907], [10.832696621693541, 59.91051818054531], [10.833029813345478, 59.91052099690292], [10.833463519083852, 59.91053319774191], [10.833815319521591, 59.91055179543776], [10.8342491143697, 59.91058611521643], [10.834620011963423, 59.91062374753991], [10.835147991185941, 59.91070222497894], [10.835506317144818, 59.91077443236709], [10.835984194098806, 59.91089411870827], [10.8363113652718, 59.91099491993009], [10.836695177502394, 59.91113662408524], [10.836921526081968, 59.91122479387509], [10.83717313960814, 59.91134136510563], [10.837412510133195, 59.91146420239568], [10.83755750545697, 59.911542965106534], [10.837765331109019, 59.911668940516485], [10.837954284952321, 59.911801241382534], [10.838208968988406, 59.91199334334392], [10.8384015375748, 59.912135378729786], [10.838674549310959, 59.91230702082567], [10.839018668638015, 59.912551310275816], [10.839219928227422, 59.912642638430505], [10.83938988053492, 59.91273090927632], [10.83966673929317, 59.912834787293], [10.839949831139311, 59.912926093199445], [10.840207594204571, 59.912995199095015], [10.840578579449254, 59.913073816915905], [10.840767300961007, 59.913105224968824], [10.8413771043017, 59.913189858054686], [10.841703914304968, 59.91323380885409], [10.842131405322947, 59.91329020077759], [10.842345162877086, 59.9133247353325], [10.842703605896684, 59.91339063291727], [10.84291736462591, 59.91342516564058], [10.843206758118013, 59.91348483556646], [10.843462765842329, 59.91354659654652], [10.843590462534333, 59.913579220453904], [10.84371886695604, 59.91348751873016], [10.843896919832124, 59.91331673467077], [10.844116175266157, 59.91310858851664], [10.844241568254665, 59.91299799945469], [10.844435630101842, 59.91283374396497], [10.844636036894947, 59.912663123867056], [10.844840754105721, 59.91250810539859], [10.845093304505474, 59.91233139899039], [10.84528759564628, 59.91220814848345], [10.84548798468059, 59.91206908624465], [10.845701182974084, 59.91193636234666], [10.845795070540904, 59.911870004015135], [10.845926753253655, 59.91177201989713], [10.8460895537585, 59.91166144220378], [10.846246159579598, 59.91154455339649], [10.846459182914785, 59.9113802644608], [10.84667848134524, 59.91121590251424], [10.846890247483962, 59.91104303136462], [10.847016666108319, 59.910959895644936], [10.847176251696013, 59.91103380267832], [10.847641944223085, 59.91130276362606], [10.847929788499245, 59.91147350451455], [10.848087337351698, 59.91155229095229], [10.848238454548696, 59.91163096530063], [10.848477285297209, 59.911649646664536], [10.84862629414464, 59.91166073046276], [10.848892226462326, 59.911690336269494], [10.849091385882494, 59.911714149147514], [10.849451459310197, 59.91174977933948], [10.849709203188878, 59.91177472012956], [10.850117929934266, 59.91181215191082], [10.850520025523643, 59.91184964408989], [10.851472654740455, 59.911947464186184], [10.851540057400102, 59.911882334105606], [10.851629067334295, 59.91184629852009], [10.851737051989941, 59.91180744281631], [10.851825368947734, 59.911666637932186], [10.851860738006845, 59.911549789199526], [10.851914175752453, 59.911433060239595], [10.851967663176866, 59.9113073416529], [10.851994932651678, 59.91118223570827], [10.852007154306307, 59.91103714399328], [10.852019211672456, 59.91090769264911], [10.851999837252984, 59.910800537242395], [10.851980575853165, 59.910668120063136], [10.851929357338513, 59.910450449225955], [10.852000481360674, 59.91044576742476], [10.852125687938432, 59.91043667639473], [10.852255931223834, 59.91040589457408], [10.852425359409999, 59.9103394847359], [10.852594630601644, 59.91022559591884], [10.852732566698734, 59.91014039033895], [10.852939492581847, 59.91003605016487], [10.853203076728889, 59.909941046249216], [10.853391152034128, 59.9098872707049], [10.853836906340012, 59.909754217972456], [10.854124414467401, 59.90966257346032], [10.854401715733696, 59.90958957874736], [10.854608775411615, 59.9095199447565], [10.85477824429344, 59.909466031094375], [10.854916394836623, 59.90940915207758], [10.85504799364143, 59.909345953064324], [10.855064420935491, 59.90926600006348], [10.855076847150436, 59.90921235426336], [10.855114346108884, 59.90914286569508], [10.855145552933273, 59.90908936243226], [10.855209246749508, 59.90895200567027], [10.855251571661404, 59.90888401733872], [10.855351552393804, 59.90875139955498], [10.855477038723649, 59.90869124469761], [10.85558349451648, 59.90858706333651], [10.855755101104275, 59.9085532651743], [10.85596636832938, 59.90846991568808], [10.856173382416543, 59.90840342607461], [10.856316240079353, 59.9080118657326], [10.856466896534485, 59.90795510975456], [10.856541909616926, 59.9078761914406], [10.856421961492254, 59.907734221710776], [10.856572094237748, 59.907551124247156], [10.85679508276818, 59.90755023209877], [10.85680718729983, 59.90748192075758], [10.856599248268354, 59.90731632302071], [10.856501656823294, 59.9072419511256], [10.856406943396427, 59.9071316152875], [10.856280712437952, 59.906958249371854], [10.85613626184484, 59.90697105460155], [10.85593520432921, 59.90698702166658], [10.855847231398771, 59.90697759908505], [10.855949730273485, 59.90688498135007], [10.856031106287205, 59.90671347533617], [10.856249996856828, 59.906253369824476], [10.855935510519705, 59.90634488728117], [10.855984611051886, 59.90581092343977], [10.856019946742984, 59.90542452026889], [10.85559161619251, 59.90543144242686], [10.855025530621324, 59.90544058954112], [10.85442953486993, 59.90544411575083], [10.853901258146053, 59.90545867464621], [10.853550056678264, 59.905464333675354], [10.852984682768346, 59.90547349433774], [10.8524549927306, 59.90548359619232], [10.852656294316606, 59.90507293169985], [10.852812440884437, 59.90477296371116], [10.85285528201231, 59.90450161267362], [10.8528917470476, 59.90432860415795], [10.853007268288742, 59.90363435316085], [10.85342343731422, 59.90353543701633], [10.853523133396829, 59.903349135254146], [10.853650721521232, 59.90315588983056], [10.853352581224746, 59.90312527771191], [10.852817723009121, 59.903088194894835], [10.85318709509955, 59.90294114048481], [10.853421996204952, 59.90208629369035], [10.853454091581373, 59.90177765035905], [10.853426326262397, 59.90108976441756], [10.853939975120856, 59.90072013916046], [10.85395186256842, 59.90048872280316], [10.85389402876408, 59.90016061359215], [10.853973622607322, 59.900150982780055], [10.853973014650624, 59.89998381878559], [10.854173738484885, 59.8993809043403], [10.854273064815173, 59.89909991429323], [10.85307167606836, 59.89898482761987], [10.8530336881516, 59.89852364494929], [10.853140291478164, 59.89852988186682], [10.85348571432852, 59.89850111547189], [10.854297978507558, 59.89850746603503], [10.854956683320411, 59.897495676255346], [10.856171980405819, 59.89731241030328], [10.856474193726415, 59.896728963421005], [10.856159411151863, 59.89627704876022], [10.856316005644935, 59.89619809297309], [10.856372171106306, 59.89609070998054], [10.856359361432908, 59.89598969579717], [10.85655347259364, 59.895822279882154], [10.85677897545438, 59.89569586221451], [10.857030341011667, 59.89568921145248], [10.857029200119994, 59.89542717423987], [10.857085439741244, 59.89536079243518], [10.857034702238945, 59.89519366913129], [10.857040495774969, 59.89509270178375], [10.857015162110578, 59.89505477050914], [10.857090390768473, 59.89500112486025], [10.857114873744818, 59.894877998397206], [10.857133187677316, 59.8947770656515], [10.857158284998372, 59.894679133305395], [10.856950307665244, 59.89449006599635], [10.856949918386064, 59.89438270005375], [10.857049888587698, 59.89429422839199], [10.856956725742933, 59.89417746724074], [10.857059183583951, 59.89401022199102], [10.856970727205919, 59.89383993244877], [10.857020512199279, 59.893742059066824], [10.857164790519864, 59.89370722070032], [10.857254590903594, 59.89367875825462], [10.857875711896757, 59.89351075831898], [10.858017952282491, 59.8934664136022], [10.858061362248847, 59.89336222479243], [10.857981793203418, 59.89330865060128], [10.857585263271458, 59.89311346860042], [10.857571903408065, 59.892902027081405], [10.857545868993252, 59.892687489488885], [10.85752422406582, 59.892542500394], [10.857538764148948, 59.892460330628275], [10.857569333641822, 59.892274007906465], [10.857600174227827, 59.89214146139721], [10.857624722151108, 59.89201204301745], [10.857630666595387, 59.89191413712698], [10.857648928111725, 59.891753321822684], [10.857654345654565, 59.89155775665005], [10.857754458867088, 59.8914407867891], [10.857829503866851, 59.89137131015458], [10.857828741257093, 59.89120090556405], [10.857822073143586, 59.891077876775846], [10.857827620320323, 59.8908884290101], [10.85782654284441, 59.890648782199925], [10.857825743525717, 59.89041840512385], [10.857536885998336, 59.890437633580234], [10.85766833179238, 59.890317604722775], [10.857649282471503, 59.890245076162024], [10.85773660143156, 59.890102978745475], [10.857830254887892, 59.8900018996497], [10.857810997630024, 59.88991668730724], [10.857910975920175, 59.88974621661702], [10.857960598405604, 59.88959789719231], [10.858035314147571, 59.88946214593261], [10.858091423261579, 59.889373732219035], [10.858232656437888, 59.88908326963871], [10.858188231921527, 59.88897604590817], [10.858112896948377, 59.888991926471924], [10.858006283531937, 59.889004664362396], [10.857930884349184, 59.88901101158908], [10.857868147495466, 59.88902054568698], [10.857748871586859, 59.88903009735321], [10.857679863354202, 59.88903970272183], [10.857497706520071, 59.88905563667228], [10.857347142730294, 59.8890621351656], [10.857265221996423, 59.88901172301296], [10.857151944139057, 59.888932990529966], [10.857051237664836, 59.88886679174552], [10.85689378923909, 59.88876922533573], [10.85679924660244, 59.888696656756984], [10.856711274355261, 59.8886273529024], [10.857472410592019, 59.88850656299333], [10.857490972486753, 59.88841507807551], [10.85751543405912, 59.88822892307593], [10.857527679387232, 59.88817518232694], [10.857539995225997, 59.88811514975795], [10.857558690817356, 59.88805846545707], [10.857551996839735, 59.88798587584715], [10.857650241838181, 59.88744608716687], [10.857939038123007, 59.88743000448675], [10.858265581498845, 59.8874139402555], [10.858453831977721, 59.8873978383603], [10.858484815358846, 59.887165044913516], [10.858514683325328, 59.88693401503356], [10.858551708831829, 59.88676039349749], [10.858607466866976, 59.886545552634615], [10.858631768683312, 59.886340511811255], [10.858570442254479, 59.88625838097179], [10.858524316849815, 59.88618922538989], [10.858216529101274, 59.88617692909236], [10.858146946984567, 59.88603186971689], [10.858071115983366, 59.88593408682438], [10.857995106407417, 59.88583629832602], [10.857888314421258, 59.8857701788628], [10.857787649648806, 59.885700834687185], [10.857668095244495, 59.88564096579133], [10.85757990398832, 59.88557489188356], [10.857466468085947, 59.88546450574467], [10.857371890570679, 59.88537934927448], [10.857296312277157, 59.885306838873795], [10.857226980827694, 59.88523443437562], [10.857151299029654, 59.88517136159416], [10.856918225092691, 59.88496019391681], [10.856735538840221, 59.88478684567507], [10.856571574649854, 59.88461975231914], [10.856384233887411, 59.88445650722521], [10.856276538756175, 59.884348907998266], [10.856231229777988, 59.884291915835334]]]}, "properties": {"FID": 13, "kommunenum": "0301", "BYDEL": "13", "BYDELSNAVN": "Østensjø"}}, {"type": "Feature", "id": 14, "geometry": {"type": "Polygon", "coordinates": [[[10.728209064078403, 59.90308882156491], [10.729734595692678, 59.91007426896373], [10.730251744507315, 59.91073216350535], [10.730741018348239, 59.91125193759766], [10.73162931369091, 59.911670903019065], [10.73183478480003, 59.911926369352464], [10.73109326264931, 59.91209663410977], [10.730288782641436, 59.91229551401808], [10.72914478134694, 59.91257383055127], [10.728297084893809, 59.912778580154196], [10.726485649461585, 59.911887582673145], [10.72506660251505, 59.91248837295071], [10.727172229473092, 59.913141576217], [10.72662427758897, 59.91329193327188], [10.725534005853849, 59.91375872538726], [10.725748437219908, 59.91386648762273], [10.726177447653747, 59.914126794928464], [10.72644555082793, 59.914360116578194], [10.726928216884762, 59.91462935678331], [10.727375234040299, 59.91497944240679], [10.727714869238866, 59.91528458985378], [10.726399153230767, 59.91530311261828], [10.72481881416888, 59.915329572723834], [10.724264674954261, 59.91533854880082], [10.72378476522157, 59.9153190015199], [10.72326932972235, 59.915300007599726], [10.722772780837008, 59.915274791331946], [10.722578094686492, 59.91526531735048], [10.722578096952045, 59.915416740075166], [10.72260308455323, 59.91554937326681], [10.722640839856814, 59.91569132217697], [10.722697514253682, 59.915883791197764], [10.722872826635285, 59.91669111290229], [10.72291048811577, 59.916826855019416], [10.722916782668099, 59.916883617806214], [10.722959991351821, 59.916972153050985], [10.72301097316273, 59.91703513431599], [10.72306708747277, 59.91708884075497], [10.723138660673863, 59.91713378764537], [10.723335317379027, 59.9172684007676], [10.724470035660971, 59.918020114624895], [10.725194662567413, 59.91849809709791], [10.727161250091932, 59.91982646824431], [10.727894410781749, 59.92031109482396], [10.728045471828473, 59.9202284170829], [10.728347107325103, 59.92010854298197], [10.730414817502178, 59.91926088655416], [10.730897464185496, 59.91906334386545], [10.731094202967572, 59.91897351265881], [10.731451674747458, 59.91881201199365], [10.731608887839391, 59.918723145451644], [10.731684178574469, 59.91860006140926], [10.73164806835557, 59.91849791227349], [10.731690473403837, 59.91829076749917], [10.731728117815072, 59.91814569112357], [10.731778334598136, 59.91802260314329], [10.731892303157547, 59.91778954449532], [10.731986531670856, 59.917609706674874], [10.732062179482844, 59.91743924698849], [10.732162703578222, 59.91728146280273], [10.732615147630932, 59.91769168041876], [10.732821656575288, 59.917883696898066], [10.733990064486633, 59.918982509326106], [10.73409725526639, 59.919054230691536], [10.734597906757813, 59.919511950847905], [10.734722959693382, 59.91954783436943], [10.734812443324767, 59.91963750401099], [10.73536681110098, 59.92007735914245], [10.735486816715671, 59.92003547899441], [10.735545559982043, 59.91999646912146], [10.735634837258369, 59.91992472953242], [10.735795766832537, 59.91977204722312], [10.736279279440046, 59.919234444606914], [10.736693123801098, 59.918858414830744], [10.736875300236019, 59.91865318739414], [10.736995598539888, 59.918581102798285], [10.737153922285213, 59.91849739176256], [10.737849161915474, 59.91804414963477], [10.73815794559428, 59.917918371604635], [10.73930879125704, 59.91728349274879], [10.740570508200937, 59.916542043351335], [10.740630409726739, 59.916474384767646], [10.740683528443668, 59.9164190960324], [10.740715031698802, 59.91638432876318], [10.740752837642939, 59.91633393947733], [10.740784207831977, 59.91629601966572], [10.740815577997122, 59.91625810074424], [10.74087112179036, 59.916181130145524], [10.740906836229957, 59.916109362067424], [10.7409248054522, 59.91601957713331], [10.740960024352162, 59.91594887179776], [10.741041668142168, 59.915841544958816], [10.741223569533972, 59.91530181081068], [10.741418204590921, 59.914831634636336], [10.74154384118331, 59.914462361832165], [10.741883011417569, 59.91429197099157], [10.742300602448383, 59.914134187422896], [10.74258615626069, 59.914035522302655], [10.743333734946479, 59.913789948763856], [10.743943526069097, 59.91357849016476], [10.744376664784937, 59.913398453674006], [10.7448480207921, 59.91321218778672], [10.745099358458493, 59.91312050486471], [10.745451128871032, 59.912991245228], [10.74592837878685, 59.912817574645985], [10.746129603485242, 59.912820662000975], [10.746285042928205, 59.91286803599373], [10.746424834515278, 59.91290896993819], [10.746550648200108, 59.912949991933516], [10.746726703966896, 59.912972046575184], [10.746889998266484, 59.91297210745244], [10.74705340703507, 59.91295311065231], [10.747229221096658, 59.91293091708467], [10.747411556929, 59.91290254919747], [10.74747428002655, 59.912886772597126], [10.747568568622151, 59.912867788766555], [10.74770058651502, 59.912864590741], [10.747775924867184, 59.91286774401936], [10.749913203220908, 59.91349533916378], [10.751916593677969, 59.91409654703751], [10.752609805915736, 59.91430882202955], [10.753169210448009, 59.91448233874808], [10.756724476605443, 59.913718422927474], [10.757475050924318, 59.91357456299772], [10.758133060689978, 59.91347681107095], [10.758547162498397, 59.913414265926434], [10.758892882678987, 59.91335437159556], [10.75811286441919, 59.912467745774244], [10.7579430337646, 59.91227227884147], [10.757848554915793, 59.91214290037951], [10.757735458350401, 59.9119882860469], [10.757672391485379, 59.91186531543195], [10.75762827559817, 59.911745382921985], [10.757558603585258, 59.91158443500031], [10.757544258453432, 59.91135765248153], [10.757490325609083, 59.911097403751114], [10.75747014516176, 59.91097230834894], [10.757445003451986, 59.910865036382006], [10.757400850745347, 59.91072298379022], [10.757006719962702, 59.91012806897103], [10.75677794283357, 59.909811200430624], [10.75634339730201, 59.909249686528426], [10.755681939724406, 59.90828836803207], [10.75551288180368, 59.908075928141805], [10.75549991841461, 59.90780764783727], [10.755443280341845, 59.90763731746309], [10.755406262870503, 59.907520760167586], [10.755380240882806, 59.9074386360405], [10.75496491984468, 59.90661518003989], [10.754606198777186, 59.90601564298178], [10.754310560224624, 59.90549825520437], [10.75389797513074, 59.90504012551331], [10.753543980629606, 59.90449486711715], [10.75346053601803, 59.904366290948275], [10.745878422810675, 59.89892166701132], [10.744018198607666, 59.89936055442958], [10.728209064078403, 59.90308882156491]]]}, "properties": {"FID": 14, "kommunenum": "0301", "BYDEL": "16", "BYDELSNAVN": "Sentrum"}}, {"type": "Feature", "id": 15, "geometry": {"type": "Polygon", "coordinates": [[[10.73815794559428, 59.917918371604635], [10.737849161915474, 59.91804414963477], [10.737153922285213, 59.91849739176256], [10.736995598539888, 59.918581102798285], [10.736875300236019, 59.91865318739414], [10.736693123801098, 59.918858414830744], [10.736279279440046, 59.919234444606914], [10.735795766832537, 59.91977204722312], [10.735634837258369, 59.91992472953242], [10.735545559982043, 59.91999646912146], [10.735486816715671, 59.92003547899441], [10.73536681110098, 59.92007735914245], [10.735098651403451, 59.92018502535912], [10.733991247388381, 59.92056276527167], [10.733739921191496, 59.92066063396084], [10.733311274025938, 59.92082262108731], [10.733007430813947, 59.92091240121278], [10.732828407900277, 59.920984197605115], [10.73273938461056, 59.921065025548266], [10.732596444499922, 59.921208576821805], [10.732489068860717, 59.921379176960485], [10.732381869591165, 59.921549783662144], [10.732319735100333, 59.921661066028115], [10.732096358618886, 59.9220344471186], [10.732068608069742, 59.922172201209996], [10.732037195081098, 59.9223300678728], [10.732037169533552, 59.9224500176341], [10.731971361654105, 59.9228153791376], [10.731936888327894, 59.92295804001118], [10.7318175025644, 59.923153698196764], [10.731660606128695, 59.92342510861164], [10.73144067588822, 59.92382584624159], [10.73117329214681, 59.92436981324165], [10.731051258285595, 59.924617986423044], [10.730862663379163, 59.924971363012205], [10.730850298454026, 59.92507859353956], [10.730843464390068, 59.92513726894588], [10.730837752495272, 59.925185819254686], [10.730827709989132, 59.925337634411896], [10.730827912449634, 59.92543628169362], [10.730810005884523, 59.92553505980197], [10.730680599861666, 59.92560243846801], [10.73000536589388, 59.926073561347536], [10.72961197664014, 59.92633388273003], [10.729429655948989, 59.92650474809092], [10.729285216822511, 59.92663736757112], [10.729008558923697, 59.926902284117475], [10.72881980310726, 59.927145323922225], [10.728467627638432, 59.92759041264203], [10.728379979772452, 59.92774798327269], [10.728323439693753, 59.92781421667887], [10.728229172835405, 59.92789936805026], [10.728052964300582, 59.92800038376114], [10.727468107587297, 59.928347733005964], [10.726929367053248, 59.928730564622605], [10.726612838930643, 59.92898204349918], [10.725587890660877, 59.9297900492803], [10.724826963543295, 59.93034234960201], [10.723814809357114, 59.93107127014629], [10.723123570867774, 59.93159813169912], [10.722891088083262, 59.93173372984563], [10.722520059756185, 59.9319891839986], [10.722218367112509, 59.932175135438364], [10.721954335642815, 59.932288577257076], [10.721709163430516, 59.93239885426622], [10.72147648972921, 59.93249973569964], [10.721275224257365, 59.93258491238972], [10.720646598495144, 59.932846738024644], [10.720068072726827, 59.93308959771233], [10.718269413746059, 59.933837242075576], [10.716470828802908, 59.9346072569745], [10.71635986041047, 59.93465346159234], [10.71594887190357, 59.93482505369712], [10.715546472765462, 59.93500501743614], [10.716697192843656, 59.935509852464875], [10.717325902198965, 59.93589177530025], [10.717458093936054, 59.93590740411392], [10.71757124044571, 59.935970610792914], [10.71764703543498, 59.93603583875282], [10.717754409283751, 59.936107668919455], [10.717879624968722, 59.9361884410644], [10.718017714305283, 59.93627358906725], [10.718162392702705, 59.9363715393432], [10.718559553212918, 59.93663739435057], [10.718942180307836, 59.93687013563715], [10.719483136008233, 59.93665240376866], [10.72025669358738, 59.93675658616143], [10.721401362631427, 59.936895481069655], [10.722766275980181, 59.937056536657316], [10.722817296425742, 59.93712221558458], [10.723074477918363, 59.93698714945098], [10.72344529466461, 59.93681989509805], [10.723703164763329, 59.93673781148428], [10.723998761011348, 59.936636900536136], [10.724269134517959, 59.93649812357841], [10.724652673544824, 59.936283532798576], [10.725665208207953, 59.936637051734756], [10.72827273767069, 59.937544236882495], [10.729274415635754, 59.93788523506815], [10.730133164484036, 59.93818130778934], [10.730168697722752, 59.938055675272274], [10.730324883378344, 59.93776958546598], [10.730444349365076, 59.93778532791317], [10.730597980834714, 59.937804335759], [10.730705285702577, 59.93781851491329], [10.730758797622343, 59.9378232168037], [10.730865596816047, 59.93783576156485], [10.730947276265397, 59.93786106885313], [10.731085686699727, 59.93789253100257], [10.731186270954202, 59.93792411589229], [10.731393869818563, 59.93811967292695], [10.731626545315418, 59.938517189142615], [10.731778838373886, 59.93877353564904], [10.734507617381098, 59.94005848637388], [10.736690350189686, 59.94117068284347], [10.737504289199777, 59.941537637467476], [10.739533489276154, 59.942438902079054], [10.740697294773796, 59.94298466908489], [10.741018014228542, 59.943003493308474], [10.741093405687579, 59.94294676496693], [10.741263056149016, 59.94286781891487], [10.74134479419242, 59.942782612821254], [10.741709391478668, 59.94235659433798], [10.741994494385121, 59.94221034560067], [10.742256299625268, 59.94211990098702], [10.742584729035332, 59.942057685313856], [10.74399807748886, 59.941787937314785], [10.743589455779794, 59.94131480441583], [10.743432101019499, 59.941157129316764], [10.743604096097393, 59.9411058603685], [10.746619487453012, 59.94026373944293], [10.746707846247775, 59.940544436902414], [10.746745639935474, 59.94068008397857], [10.74680872989214, 59.940923098549334], [10.746877938090856, 59.94112818704214], [10.746928320759787, 59.94124814474545], [10.750072909975524, 59.9408123168457], [10.750115249626079, 59.94072808225922], [10.750191912992564, 59.94057877620297], [10.750189764898389, 59.94037045976736], [10.750185734313385, 59.94003700757338], [10.750096569736463, 59.939253472275006], [10.75003900095633, 59.93842060295445], [10.75002309965021, 59.93812525205244], [10.749937549337305, 59.93746456870419], [10.749937413036914, 59.93733841100646], [10.74989687043195, 59.93691377413266], [10.749854845295681, 59.93645177347473], [10.749842568021592, 59.93633925079637], [10.749823036785289, 59.93580802093238], [10.749778596272266, 59.93524325701804], [10.749753395822193, 59.934981325346875], [10.749734361656074, 59.93476356159587], [10.749671125078006, 59.93440697801207], [10.749658469058204, 59.93423033196313], [10.749620555690024, 59.93396834976115], [10.749608309037885, 59.933529878583535], [10.749554412586981, 59.933206686134525], [10.749464814601948, 59.93297333707909], [10.749303484001514, 59.93274891142646], [10.74922333452763, 59.932595623164964], [10.749160278490901, 59.9324347945509], [10.749070626887855, 59.93216556600899], [10.74899884958962, 59.93186031829822], [10.748945092752184, 59.93162695699766], [10.74890170531899, 59.93132388433696], [10.74890887275422, 59.931205065435876], [10.748908723314711, 59.9310524718683], [10.748907603673047, 59.93074950504291], [10.748920034514942, 59.93068327809933], [10.748962032403872, 59.930486996661934], [10.749033242984817, 59.93019976339011], [10.749122587174853, 59.92982274815544], [10.74935301077064, 59.92919060801001], [10.7494620370808, 59.928889219135556], [10.749640415640464, 59.92840448066592], [10.749729799877661, 59.928171064122765], [10.749872280511978, 59.92747988700998], [10.7498901381119, 59.927336325908705], [10.749979255488734, 59.926663117249326], [10.750032682546186, 59.92635795507022], [10.75010393108275, 59.925765454430184], [10.750149495810037, 59.92539439991067], [10.75035035735181, 59.92503456208549], [10.750371836214253, 59.925002525733916], [10.7507849166293, 59.923872384952425], [10.750897286506769, 59.923527853397374], [10.750919968403549, 59.92318852028372], [10.750919805828156, 59.92304015151815], [10.750919886015192, 59.92291085344001], [10.75088207966538, 59.92283823926804], [10.750756094431527, 59.92262062013517], [10.750699189681109, 59.92249433845272], [10.75062370097639, 59.92236493904538], [10.750567175334698, 59.92226087957891], [10.750579610122264, 59.92218197407049], [10.750598488104414, 59.92211568458341], [10.750617232228691, 59.922046244379175], [10.750636022233524, 59.92196107074753], [10.750667232345563, 59.92182225751322], [10.750698990659988, 59.92169595983031], [10.750761396507341, 59.921591872277254], [10.750836712150901, 59.921487661755855], [10.75094354753593, 59.921383479876134], [10.751056512827727, 59.921276168184164], [10.75113819317782, 59.92122575359834], [10.751011136709009, 59.921178762474746], [10.750848962912743, 59.921124882665545], [10.75058211473613, 59.92103525420624], [10.750313731843544, 59.9208737319787], [10.750009755219784, 59.92074819524669], [10.749705733295423, 59.92058668950534], [10.74941957926307, 59.920452105914535], [10.749169247016745, 59.920317509918455], [10.748883125104284, 59.92013796721167], [10.748471852748708, 59.91986869113239], [10.748208255565045, 59.91970210401797], [10.747989171095144, 59.91963541251373], [10.749919544845856, 59.919392841677016], [10.751362940726892, 59.919231367032815], [10.7515767028354, 59.91921236959586], [10.75169599137369, 59.919187086236455], [10.751809204671382, 59.91913651984586], [10.752380767152998, 59.91877353652448], [10.75251247147167, 59.91869461354039], [10.752889442133242, 59.918473622012954], [10.753033954565838, 59.91838836780175], [10.753190828022639, 59.918303062213155], [10.753511252454656, 59.91816422698096], [10.754453567396565, 59.91759901377822], [10.755665445366798, 59.916828754002424], [10.757004292273551, 59.91607480631197], [10.756645830638705, 59.915834953008556], [10.756444599563263, 59.91570572960573], [10.756243288527072, 59.91562056201037], [10.756092657779567, 59.915560586567004], [10.75560158383402, 59.91536500898313], [10.754527063952843, 59.9149583714524], [10.753776193336707, 59.91468849833506], [10.753169210448009, 59.91448233874808], [10.752609805915736, 59.91430882202955], [10.751916593677969, 59.91409654703751], [10.749913203220908, 59.91349533916378], [10.747775924867184, 59.91286774401936], [10.74770058651502, 59.912864590741], [10.747568568622151, 59.912867788766555], [10.74747428002655, 59.912886772597126], [10.747411556929, 59.91290254919747], [10.747229221096658, 59.91293091708467], [10.74705340703507, 59.91295311065231], [10.746889998266484, 59.91297210745244], [10.746726703966896, 59.912972046575184], [10.746550648200108, 59.912949991933516], [10.746424834515278, 59.91290896993819], [10.746285042928205, 59.91286803599373], [10.746129603485242, 59.912820662000975], [10.74592837878685, 59.912817574645985], [10.745451128871032, 59.912991245228], [10.745099358458493, 59.91312050486471], [10.7448480207921, 59.91321218778672], [10.744376664784937, 59.913398453674006], [10.743943526069097, 59.91357849016476], [10.743333734946479, 59.913789948763856], [10.74258615626069, 59.914035522302655], [10.742300602448383, 59.914134187422896], [10.741883011417569, 59.91429197099157], [10.74154384118331, 59.914462361832165], [10.741418204590921, 59.914831634636336], [10.741223569533972, 59.91530181081068], [10.741041668142168, 59.915841544958816], [10.740960024352162, 59.91594887179776], [10.7409248054522, 59.91601957713331], [10.740906836229957, 59.916109362067424], [10.74087112179036, 59.916181130145524], [10.740815577997122, 59.91625810074424], [10.740784207831977, 59.91629601966572], [10.740752837642939, 59.91633393947733], [10.740715031698802, 59.91638432876318], [10.740683528443668, 59.9164190960324], [10.740630409726739, 59.916474384767646], [10.740570508200937, 59.916542043351335], [10.73930879125704, 59.91728349274879], [10.73815794559428, 59.917918371604635]]]}, "properties": {"FID": 15, "kommunenum": "0301", "BYDEL": "04", "BYDELSNAVN": "St. Hanshaugen"}}, {"type": "Feature", "id": 16, "geometry": {"type": "Polygon", "coordinates": [[[10.92902427972275, 59.93482187155394], [10.928807691461087, 59.93455174957784], [10.928679754722081, 59.934334446590704], [10.92735572126487, 59.93240043172527], [10.927244940975614, 59.932244883134345], [10.927049926519338, 59.93208672929895], [10.925558506046634, 59.93097007348359], [10.92481948189099, 59.93041666551757], [10.92479627383873, 59.93038978380447], [10.924750949286544, 59.93033731399182], [10.923673301798173, 59.929089316499464], [10.923608781159254, 59.92908669017379], [10.92316231977899, 59.92906837402475], [10.922847807564187, 59.929059355106816], [10.922508438726522, 59.92904417252375], [10.922174969200245, 59.92903636341755], [10.921835311354881, 59.92902935143637], [10.921458090487981, 59.92902045636669], [10.920690400396687, 59.929002610771484], [10.920162546349284, 59.928987785588994], [10.917971741329316, 59.928925915343484], [10.915163753481345, 59.928831378604215], [10.914019225432822, 59.928805939800405], [10.91298641585383, 59.92957047047393], [10.911953603541354, 59.93032591280921], [10.91106328899559, 59.931000360653904], [10.91051109134914, 59.93140506067827], [10.910493747752291, 59.93149487978178], [10.910477106634398, 59.93169233966487], [10.910442208993004, 59.931880960940454], [10.910407888478394, 59.93211428454158], [10.910372787750102, 59.932258036346155], [10.91032017474623, 59.93239270251466], [10.910285118435946, 59.93252737389869], [10.910267852246204, 59.932644167883005], [10.910250596875144, 59.93276087188685], [10.91019765999295, 59.932886536586466], [10.910162590033572, 59.93302129883337], [10.910092019151113, 59.93316502720251], [10.910003321595731, 59.93331772327119], [10.909878930184654, 59.93347946987346], [10.909790320963396, 59.93360528544959], [10.909665729649502, 59.933722162361235], [10.90954129151732, 59.93384794421365], [10.909434645720294, 59.93395584774862], [10.90934570047585, 59.934027708580096], [10.909256588094008, 59.934090753401144], [10.909078308370319, 59.934189687968185], [10.908899750743002, 59.93426182181808], [10.908667861603767, 59.9343697897104], [10.908507370873325, 59.9344508454396], [10.908328821587677, 59.93452288944744], [10.908150304443568, 59.934585942824874], [10.907864705631145, 59.93467614700223], [10.907596764704202, 59.934739387647085], [10.907364660206634, 59.934811294237875], [10.907081511617871, 59.93487289273579], [10.906786204994244, 59.934945890102334], [10.906660720552116, 59.934987123883644], [10.906471597172375, 59.93504606909369], [10.905995724263214, 59.935243640034436], [10.905826168376231, 59.93526597089695], [10.905649928223227, 59.93527568615369], [10.905423810593145, 59.935291762433486], [10.905235063198592, 59.93529830133868], [10.90497108548175, 59.935301781604956], [10.904719480644621, 59.93528631601822], [10.904386041879269, 59.93526470885015], [10.90417843211322, 59.935239731068066], [10.903952005175851, 59.935214797397215], [10.903664435988892, 59.93518445510019], [10.903378197778109, 59.935157839287136], [10.903102810415469, 59.935127514856674], [10.902813367180862, 59.93509639299153], [10.902341628956894, 59.93505294557246], [10.902026614452243, 59.93494604303573], [10.901629814944132, 59.934810881235876], [10.901405565171677, 59.93521199561087], [10.90116332527058, 59.93555132252286], [10.9003303288643, 59.935203972661995], [10.899738033900585, 59.93496184201175], [10.899491988511635, 59.93485797906099], [10.899321954662977, 59.934785613214835], [10.89912025985985, 59.93470704669208], [10.898994186506478, 59.93464719761694], [10.898691710564034, 59.934524493613665], [10.898206363623215, 59.93432317821097], [10.897948136269632, 59.93421938272374], [10.89783465953083, 59.9341721521481], [10.897702353473509, 59.934125055019535], [10.89755105332966, 59.934062080891394], [10.897084673596426, 59.933863959119236], [10.89654261977135, 59.933637493421756], [10.896404036806409, 59.93357455427479], [10.896139374900663, 59.93347073470704], [10.896019621997779, 59.93342357668974], [10.895918824450916, 59.933379617510624], [10.895855871543118, 59.9333512221452], [10.895767738402999, 59.933313500973235], [10.895605711521979, 59.933247493936925], [10.89540225084579, 59.933168865533155], [10.895238146205802, 59.93309649916736], [10.894942114230673, 59.932976953685426], [10.894633420795003, 59.93285116928192], [10.89442545008947, 59.93275981143424], [10.894185977229865, 59.93266243708391], [10.893971729642761, 59.93257115343449], [10.893738495949677, 59.932476939196], [10.893587388345068, 59.932413966865546], [10.893392064439748, 59.93232902565447], [10.893234540648136, 59.9322628855625], [10.893127409013191, 59.93222528903439], [10.89290068159879, 59.932127769855555], [10.892780938166934, 59.93208060974029], [10.892680159947865, 59.93203655806158], [10.892560387018658, 59.9319925435994], [10.892491181323726, 59.931961164641024], [10.892302110139962, 59.931879293717216], [10.892296127003899, 59.9319203751778], [10.89198705776459, 59.932130471479], [10.891675726688305, 59.93236603050422], [10.891673592241244, 59.93194644976412], [10.89147815140932, 59.93187408915655], [10.891207446917722, 59.931767193107916], [10.891125553828964, 59.93148538097768], [10.890920099154611, 59.93082722075991], [10.890561726037777, 59.93086557757247], [10.890316963827352, 59.93091952738429], [10.890235676652793, 59.931017508247294], [10.889782370286042, 59.9308634622847], [10.888585448494624, 59.930410358991665], [10.88781094739616, 59.93013362091072], [10.887300744535498, 59.92994164543203], [10.887363149179109, 59.929850088316435], [10.887394172827758, 59.92976168834965], [10.88738727191944, 59.92966706792636], [10.887330515057682, 59.92957871274271], [10.8872732727847, 59.929484139209464], [10.887296875138981, 59.929162282262325], [10.887275393143574, 59.92866369470548], [10.88718437975151, 59.92806421561406], [10.88323013425925, 59.92800403541738], [10.882957867783144, 59.92772543525448], [10.882919731369928, 59.92757085741209], [10.882960135845263, 59.92690175698409], [10.882895739317316, 59.92658640939572], [10.8829985617139, 59.926199507836124], [10.883181828218664, 59.92597695815607], [10.883343586755753, 59.925639012139854], [10.883147296587298, 59.92538049903361], [10.883169666559011, 59.924806138780966], [10.882970659170526, 59.92422458606311], [10.882943602267837, 59.92356937980056], [10.882885843581159, 59.92335790502692], [10.882750096661258, 59.92262602404002], [10.882212401275899, 59.92275342311424], [10.881796114653854, 59.92291123113294], [10.880889635565504, 59.9226535156108], [10.880960451533523, 59.92170358959389], [10.880990313898204, 59.9213721293551], [10.880718307117322, 59.92102852646679], [10.880503117267825, 59.92073219479056], [10.879509861421772, 59.920673420322416], [10.879137666494858, 59.920440233753475], [10.878916942448196, 59.92029531421981], [10.878715980634496, 59.920311410992376], [10.878578003711224, 59.92036831953938], [10.878358465758293, 59.92046331497323], [10.877836276752255, 59.92038816558199], [10.877774096703634, 59.9205081360432], [10.877223403189111, 59.92098530555112], [10.876644536961724, 59.92086611871909], [10.876305107152348, 59.920885337768595], [10.876103961219137, 59.920901425048704], [10.87567033928289, 59.92091769221927], [10.875365070441935, 59.92145451070788], [10.875089331010042, 59.921660037332714], [10.87456309418626, 59.92203942211894], [10.873764528654416, 59.92196153030033], [10.873028754030347, 59.92189288473916], [10.872141990207528, 59.921805654731024], [10.870450617203858, 59.921656142033925], [10.870424461319214, 59.921444662356386], [10.87042367341047, 59.921271111080465], [10.870279028654505, 59.92123033990208], [10.870102741326741, 59.92120206283739], [10.870002183310888, 59.92119270479672], [10.869926799903272, 59.92117388661821], [10.86998239642007, 59.92100345256309], [10.8700258849432, 59.92082670539437], [10.87014346429428, 59.920460413510895], [10.870143150120636, 59.92037516857393], [10.869872856847593, 59.92035976715389], [10.869646570262104, 59.92035050975626], [10.869325806172764, 59.920331994938124], [10.868615574478058, 59.92028867053495], [10.868087546807422, 59.92025771438601], [10.868162226299763, 59.920128249541115], [10.866118784649705, 59.91991907665871], [10.866080103943844, 59.91970774219191], [10.865375470716986, 59.919516133314126], [10.86560028722146, 59.919190705224636], [10.865057057976166, 59.918610715235644], [10.864810901961397, 59.918358607624356], [10.864571896920944, 59.91828627484397], [10.864162906135903, 59.91816688299022], [10.863332158925141, 59.91791852271752], [10.863057931312056, 59.917841483764185], [10.86274341771358, 59.9177471739676], [10.862428617077589, 59.9176465605168], [10.862182936592033, 59.91749857842669], [10.862188650728841, 59.91735651983792], [10.86219446954076, 59.91725240580084], [10.862457892333492, 59.917125909544424], [10.862815226400299, 59.9169298065901], [10.862651587670006, 59.91684482350757], [10.862412202099609, 59.916744062429835], [10.86222334841891, 59.916655948346545], [10.862499644935635, 59.91639454134889], [10.862636143516628, 59.916254794308415], [10.862578843176907, 59.916078117604066], [10.862514757068006, 59.91581940864104], [10.86245080712025, 59.915563941028765], [10.862392979413045, 59.9152895144643], [10.86234833750798, 59.91515063810515], [10.862121744278795, 59.91509100827354], [10.861719008081112, 59.91497782785948], [10.860529795073699, 59.914622514193375], [10.861119187826061, 59.91437886738148], [10.861249608097985, 59.91403798071053], [10.861150116313654, 59.913958518388], [10.861173629185672, 59.913846060211036], [10.861266328574217, 59.91363534665037], [10.861609520787349, 59.9132810093012], [10.8616357395414, 59.9132171884319], [10.861873665888988, 59.91301490678307], [10.862299501228984, 59.912686902244396], [10.86244964036671, 59.91248932215249], [10.862576663979459, 59.91238092666336], [10.862572088553213, 59.91234724601198], [10.86269778741287, 59.9122279293519], [10.862916607922164, 59.91201074997751], [10.863001824439168, 59.91187289825789], [10.863099860605988, 59.911714050086836], [10.863265670361573, 59.91159176776423], [10.86348841755421, 59.911449337205845], [10.863520395764088, 59.91137661529916], [10.864182522982373, 59.91082298224517], [10.864592694609325, 59.9103745394098], [10.86474833391118, 59.910204463355946], [10.864860555950923, 59.91005091524324], [10.864952454214803, 59.90992540998767], [10.865152089395954, 59.90967804357648], [10.865596669170683, 59.909142836159816], [10.865357626129791, 59.90907274949945], [10.864800991114498, 59.909137801030134], [10.86421330399202, 59.909283962554], [10.86388340592863, 59.909378432032014], [10.863587477520452, 59.90946317906654], [10.863335575326683, 59.90953510403674], [10.862985368750888, 59.909608612886096], [10.86251851577492, 59.90976620714993], [10.862386118876723, 59.909742535616424], [10.862273674534668, 59.90972254659469], [10.862169029854865, 59.90970604088268], [10.862001996390397, 59.909619870228944], [10.86184215264854, 59.90957798109916], [10.861727369997283, 59.90954802886642], [10.861393525796458, 59.909543376744644], [10.861326198361553, 59.9095291214293], [10.861201483918459, 59.90950272295483], [10.860915481250613, 59.909433129715524], [10.860797166318735, 59.909408550032225], [10.860552721320952, 59.909357435764846], [10.859950045596854, 59.90923166719362], [10.85881259251485, 59.90899421508334], [10.85889690366623, 59.908621130058144], [10.858502815056884, 59.90862446530055], [10.85833939803341, 59.90889544007096], [10.857735011588137, 59.90877203436158], [10.857276042344875, 59.90868413226232], [10.856565606591204, 59.90852402612489], [10.8563752402347, 59.908602010231014], [10.855835916528383, 59.908873914836995], [10.855647666141406, 59.90897507145852], [10.855497364210713, 59.90904469495587], [10.855340625767376, 59.90913003079502], [10.855064420935491, 59.90926600006348], [10.85504799364143, 59.909345953064324], [10.854916394836623, 59.90940915207758], [10.85477824429344, 59.909466031094375], [10.854608775411615, 59.9095199447565], [10.854401715733696, 59.90958957874736], [10.854124414467401, 59.90966257346032], [10.853836906340012, 59.909754217972456], [10.853391152034128, 59.9098872707049], [10.853203076728889, 59.909941046249216], [10.852939492581847, 59.91003605016487], [10.852732566698734, 59.91014039033895], [10.852594630601644, 59.91022559591884], [10.852425359409999, 59.9103394847359], [10.852255931223834, 59.91040589457408], [10.852125687938432, 59.91043667639473], [10.852000481360674, 59.91044576742476], [10.851929357338513, 59.910450449225955], [10.851980575853165, 59.910668120063136], [10.851999837252984, 59.910800537242395], [10.852019211672456, 59.91090769264911], [10.852007154306307, 59.91103714399328], [10.851994932651678, 59.91118223570827], [10.851967663176866, 59.9113073416529], [10.851914175752453, 59.911433060239595], [10.851860738006845, 59.911549789199526], [10.851825368947734, 59.911666637932186], [10.851737051989941, 59.91180744281631], [10.851629067334295, 59.91184629852009], [10.851540057400102, 59.911882334105606], [10.851472654740455, 59.911947464186184], [10.850520025523643, 59.91184964408989], [10.850117929934266, 59.91181215191082], [10.849709203188878, 59.91177472012956], [10.849451459310197, 59.91174977933948], [10.849091385882494, 59.911714149147514], [10.848892226462326, 59.911690336269494], [10.84862629414464, 59.91166073046276], [10.848477285297209, 59.911649646664536], [10.848238454548696, 59.91163096530063], [10.848087337351698, 59.91155229095229], [10.847929788499245, 59.91147350451455], [10.847641944223085, 59.91130276362606], [10.847176251696013, 59.91103380267832], [10.847016666108319, 59.910959895644936], [10.846890247483962, 59.91104303136462], [10.84667848134524, 59.91121590251424], [10.846459182914785, 59.9113802644608], [10.846246159579598, 59.91154455339649], [10.8460895537585, 59.91166144220378], [10.845926753253655, 59.91177201989713], [10.845795070540904, 59.911870004015135], [10.845701182974084, 59.91193636234666], [10.84548798468059, 59.91206908624465], [10.84528759564628, 59.91220814848345], [10.845093304505474, 59.91233139899039], [10.844840754105721, 59.91250810539859], [10.844636036894947, 59.912663123867056], [10.844435630101842, 59.91283374396497], [10.844241568254665, 59.91299799945469], [10.844116175266157, 59.91310858851664], [10.843896919832124, 59.91331673467077], [10.84371886695604, 59.91348751873016], [10.843590462534333, 59.913579220453904], [10.843462765842329, 59.91354659654652], [10.843206758118013, 59.91348483556646], [10.84291736462591, 59.91342516564058], [10.842703605896684, 59.91339063291727], [10.842345162877086, 59.9133247353325], [10.842131405322947, 59.91329020077759], [10.841703914304968, 59.91323380885409], [10.8413771043017, 59.913189858054686], [10.840767300961007, 59.913105224968824], [10.840578579449254, 59.913073816915905], [10.840207594204571, 59.912995199095015], [10.839949831139311, 59.912926093199445], [10.83966673929317, 59.912834787293], [10.83938988053492, 59.91273090927632], [10.839219928227422, 59.912642638430505], [10.839018668638015, 59.912551310275816], [10.838674549310959, 59.91230702082567], [10.8384015375748, 59.912135378729786], [10.838208968988406, 59.91199334334392], [10.837954284952321, 59.911801241382534], [10.837765331109019, 59.911668940516485], [10.83755750545697, 59.911542965106534], [10.837412510133195, 59.91146420239568], [10.83717313960814, 59.91134136510563], [10.836921526081968, 59.91122479387509], [10.836695177502394, 59.91113662408524], [10.8363113652718, 59.91099491993009], [10.835984194098806, 59.91089411870827], [10.835506317144818, 59.91077443236709], [10.835147991185941, 59.91070222497894], [10.834620011963423, 59.91062374753991], [10.8342491143697, 59.91058611521643], [10.833815319521591, 59.91055179543776], [10.833463519083852, 59.91053319774191], [10.833029813345478, 59.91052099690292], [10.832696621693541, 59.91051818054531], [10.832508090615827, 59.91051823563907], [10.831992675915657, 59.91052511268305], [10.831571757294347, 59.91055080530779], [10.831157192196706, 59.91058577888997], [10.830817749909729, 59.91061135212301], [10.830522629114924, 59.910658918523055], [10.830409625701323, 59.910674850355306], [10.830120902681653, 59.91074131962612], [10.829901125599799, 59.910791990732314], [10.829562061876896, 59.91089004283829], [10.829279751844698, 59.9109880932476], [10.82881556209004, 59.91121560885724], [10.827661890907352, 59.91184754402927], [10.827431203857788, 59.9119663793438], [10.827197852164163, 59.91205941365128], [10.826955667768798, 59.91214578431282], [10.826639245565115, 59.91225866332123], [10.826557252896759, 59.91217028745372], [10.826448686655178, 59.91205688142718], [10.826323148695112, 59.91194033066478], [10.826107808572287, 59.911751968929764], [10.825907823410558, 59.911568228988095], [10.825668039082856, 59.911366413842906], [10.825491716279455, 59.91123089767949], [10.825384640752741, 59.911158359140565], [10.82532166161324, 59.91111104561178], [10.825068006972538, 59.91092704169604], [10.82483502355755, 59.91075663946616], [10.82463785209401, 59.9106132680754], [10.824395695972402, 59.91044608086473], [10.824118800081303, 59.91027895993184], [10.823684441708249, 59.91003005755934], [10.823363450639343, 59.90983779837899], [10.823092846529539, 59.909683372810655], [10.822771921819628, 59.90952905787909], [10.822451205801837, 59.90938733606174], [10.822098768155108, 59.90924874289974], [10.821891047907423, 59.909163745871], [10.821488608338477, 59.909015650770186], [10.821256005179627, 59.90893067148749], [10.820884850208511, 59.90878581670444], [10.820482310376082, 59.90865992350577], [10.819979269227128, 59.90852463438189], [10.819359164839403, 59.90837357619737], [10.818822758130977, 59.90825736311294], [10.818322059285224, 59.90815900566289], [10.817946455504234, 59.90809654060598], [10.81757097284839, 59.90804306882584], [10.81716922142839, 59.90799065062963], [10.816767758528123, 59.90793311399961], [10.816472445011005, 59.90818681422251], [10.81618390627757, 59.908395232004125], [10.81573255975297, 59.90867948654729], [10.81542872901705, 59.908834457884176], [10.815089723481979, 59.90898723185563], [10.81463419772599, 59.90915679973516], [10.814250565651717, 59.90931984108918], [10.813912822369998, 59.90952642052712], [10.813743459235422, 59.909652756776524], [10.81361809172071, 59.90976952380082], [10.813154587980057, 59.91027474951307], [10.812941429604908, 59.91047998434643], [10.812684427925722, 59.910653793282464], [10.812879226731713, 59.91104410057224], [10.8130230931424, 59.911420918975], [10.813346639119239, 59.91214763965975], [10.813598335593777, 59.91268604435684], [10.813918218940495, 59.91345760366632], [10.813352998572782, 59.91380638426766], [10.812503578501182, 59.914322801455306], [10.811679720810437, 59.914823753620524], [10.810764689632032, 59.91538006246103], [10.80993458461833, 59.915884671741175], [10.809228697785578, 59.916332809083244], [10.808916333693427, 59.91646519750373], [10.809260653684264, 59.91663422694367], [10.809487136082543, 59.916750862109495], [10.809763914606416, 59.91687053560957], [10.809952732607831, 59.916949376014635], [10.810185372765233, 59.917047054225016], [10.810449605038487, 59.9171540989119], [10.81073895949062, 59.91725789607022], [10.811103092820202, 59.91737648103338], [10.81078263200857, 59.91751625927071], [10.810707320133982, 59.91755108608671], [10.81059432961282, 59.91759217767209], [10.810412402898677, 59.91767432320763], [10.810274065297778, 59.91773744597909], [10.810098492800986, 59.917825996613566], [10.80993517053217, 59.91789551655718], [10.809793393679639, 59.91796032785983], [10.809677732971005, 59.91802821687336], [10.80958993287427, 59.91808818151013], [10.809464450596993, 59.918167177963426], [10.809351627916971, 59.918236685727145], [10.809238509673794, 59.91831562543232], [10.80911929558365, 59.91841019583675], [10.809025217474371, 59.91848299830257], [10.808925085165548, 59.91856828556052], [10.808818399800073, 59.91867566217693], [10.808736984923256, 59.91875453199209], [10.808686825217169, 59.91881137850137], [10.80866282966436, 59.91886240523374], [10.80864301211593, 59.91889027666509], [10.808611816686044, 59.91893450968122], [10.808574060108915, 59.91898815559635], [10.808517904177322, 59.91907969757602], [10.808480368083234, 59.91917129307782], [10.808430389333779, 59.919256468547275], [10.80840528451251, 59.919329038431236], [10.808374147844662, 59.91938271472581], [10.808361692585478, 59.91944588698719], [10.80833667565412, 59.919524844258255], [10.808311901682103, 59.919641572094136], [10.808286995070779, 59.91972673681625], [10.808262045738633, 59.919786724006485], [10.808255922315457, 59.919830946255466], [10.80820620009574, 59.92000766212529], [10.808193824940318, 59.920092865117816], [10.808156381936397, 59.92024749385793], [10.808130612839994, 59.92044439333451], [10.808007104261469, 59.921081814325376], [10.807660260686413, 59.922633469138496], [10.808263859239652, 59.92270564752263], [10.80984222676593, 59.922960174998344], [10.810634571834987, 59.92305111702653], [10.811156426515476, 59.92310125925341], [10.811737129970362, 59.92315345143151], [10.81192360636396, 59.92317026311222], [10.812201600133958, 59.92318998504822], [10.812407694903225, 59.92320463307667], [10.812618353691125, 59.92321717741903], [10.813243920628626, 59.923254515760874], [10.813765784282655, 59.92327623518518], [10.814174380843024, 59.923288596660356], [10.81439186965444, 59.92329811889108], [10.814809388411206, 59.92331642718918], [10.815091769980741, 59.92331982864251], [10.815312269463133, 59.92332252140781], [10.815645333381642, 59.92331602399577], [10.815982070044852, 59.92331449767251], [10.816001426441423, 59.923314393636275], [10.817386512292439, 59.92330832237221], [10.81787673411533, 59.923295482796156], [10.81860584765629, 59.92326019770719], [10.819005176984003, 59.92323808293477], [10.825116701074366, 59.922898840029895], [10.825401124278015, 59.922908757588736], [10.825839671448795, 59.92292931575797], [10.826070890862812, 59.922945008241115], [10.826250871638573, 59.9229636617521], [10.826721383985841, 59.92301346304133], [10.826911499782717, 59.92303414520078], [10.827233600407634, 59.923087692282415], [10.827531262085781, 59.9231333600344], [10.828432125760914, 59.92329317927735], [10.828845577799925, 59.9233723645925], [10.829103505707925, 59.923416410907684], [10.829386375137489, 59.923472935553114], [10.829915597333262, 59.92355731299121], [10.829988492915447, 59.92357014107118], [10.830118227752333, 59.9235881861911], [10.830418008139148, 59.92362986975861], [10.8306882872701, 59.92366261507381], [10.83085818241663, 59.92368319063536], [10.831134813447285, 59.92370813429751], [10.831480719847464, 59.923736259241366], [10.831675383034796, 59.92375501042867], [10.831933445607445, 59.92377379029924], [10.83200424665364, 59.92377764945806], [10.832117046681741, 59.92378364821897], [10.832279166032192, 59.92378914024302], [10.832528260179071, 59.92379234994655], [10.832671306224976, 59.92377430969495], [10.832726487812371, 59.92376418737738], [10.832753567142133, 59.923759649764435], [10.832871224075852, 59.923739816495285], [10.832938701293422, 59.923640351509576], [10.833699466473503, 59.92366811409818], [10.833757734907394, 59.923796015318], [10.833845029314157, 59.92398660354233], [10.833960781547106, 59.92427151192677], [10.834217931017122, 59.92495380909048], [10.83426369174351, 59.92508437022249], [10.834303159480909, 59.92539770394913], [10.834328452037406, 59.925598559108764], [10.834330052864976, 59.92613502451444], [10.834231476845613, 59.926674705845926], [10.833964667696574, 59.92775096374909], [10.833753803301285, 59.928584160117985], [10.833673278148446, 59.92900707702994], [10.833686711419471, 59.92930376245081], [10.833709123901079, 59.9294733260834], [10.833732882999877, 59.929656419799976], [10.83373287181154, 59.92965650887389], [10.833738392443601, 59.92969813299585], [10.833846292026903, 59.93005139499008], [10.833944561832416, 59.930307337256394], [10.834346486057465, 59.931123866705896], [10.834858694889302, 59.93201958849808], [10.835253221443612, 59.93258574440781], [10.835528703596571, 59.93298143821992], [10.835907400538586, 59.93345124554296], [10.836296454548098, 59.93390285720982], [10.836622683683816, 59.93428127110512], [10.836974205550751, 59.93464951408898], [10.83737640820826, 59.93501657047291], [10.837623983627209, 59.935226697391705], [10.837749967622464, 59.9353335380862], [10.838291076822667, 59.935716040942765], [10.83875728557578, 59.9360387209342], [10.83877667380065, 59.936049853716725], [10.838810621306367, 59.93606917774981], [10.839023091091141, 59.93619079872555], [10.839689352414485, 59.93655854808267], [10.840295776681602, 59.93683350259977], [10.841355285479203, 59.937266171109925], [10.842591067256766, 59.93767796079169], [10.843790927247216, 59.93804490820599], [10.845384386203378, 59.93843837759279], [10.846547953867649, 59.938670635006005], [10.847586250819749, 59.93884022069966], [10.849161230447939, 59.9390541358214], [10.850592930805302, 59.93922323839105], [10.852328930445461, 59.939427981992374], [10.853814434635533, 59.93959694448785], [10.855091852823099, 59.93974774274775], [10.855210509588556, 59.939766132534565], [10.857123935977164, 59.9399696523402], [10.857721941601115, 59.94006686337437], [10.858143640396946, 59.94014531044683], [10.859100418819404, 59.94033993241994], [10.860208399623405, 59.94060385461745], [10.870044667260071, 59.94344901467686], [10.870128278503472, 59.943484183640145], [10.87150760197689, 59.943877532953756], [10.87236747469341, 59.944163871379295], [10.873496502999902, 59.94454845534063], [10.875001973610894, 59.94512122212416], [10.876388366625543, 59.94564456815111], [10.877705389883424, 59.946166897139726], [10.878354399443161, 59.946405865335606], [10.879070513580423, 59.94665151616578], [10.879835045903862, 59.946902811608346], [10.880578290947119, 59.94709760385642], [10.88156051432059, 59.94732368975406], [10.883147543515753, 59.94766900964585], [10.883941360352235, 59.94788262444901], [10.884839715657376, 59.9481797001935], [10.885617999080097, 59.948508532165896], [10.886160509963048, 59.94879187573804], [10.886867017565352, 59.94921834811341], [10.887387865645834, 59.94962157713333], [10.887789647717701, 59.949992046940935], [10.887941391231973, 59.950155922010346], [10.8883081849441, 59.95051522825146], [10.88840306066348, 59.95063183477913], [10.8887760917905, 59.951013181564846], [10.889111052245712, 59.9513315723863], [10.889566048089018, 59.951693895618995], [10.889862756245556, 59.95190167154731], [10.88995122358546, 59.95196161396991], [10.890064841100147, 59.952034118066756], [10.890197234838968, 59.952112783084566], [10.890380279035496, 59.95221667319172], [10.890556935354077, 59.95231425060078], [10.890878501873066, 59.95247487758817], [10.891086765065117, 59.95258503830836], [10.891338839552613, 59.95268883215509], [10.891673052872534, 59.95282413778469], [10.892000913238585, 59.95294998428834], [10.892234101833907, 59.953025406265624], [10.892461093633456, 59.95311034399846], [10.892656451650053, 59.95316993057102], [10.89313518093735, 59.95330506242869], [10.893374532922884, 59.9533582871568], [10.893746182068917, 59.95344620325767], [10.893998099619385, 59.9534964019682], [10.89436960562831, 59.95356525188912], [10.894684427137463, 59.95361848812094], [10.895074939348671, 59.95366850766674], [10.895257587644805, 59.953690381616916], [10.895459000961289, 59.95371850467935], [10.895924754090778, 59.95375881816261], [10.896258477449154, 59.95378683573892], [10.89682481790661, 59.95380816148422], [10.897120590436161, 59.953814046246414], [10.897466615826822, 59.95381367299882], [10.897667816925301, 59.95381022749957], [10.89808318176142, 59.953797087273465], [10.898372448619904, 59.95379035899704], [10.89867444447715, 59.95376478633475], [10.89908936299457, 59.95372627491399], [10.89939143117347, 59.953694318897426], [10.899636458175621, 59.95366553229429], [10.899906845298355, 59.95362737487057], [10.900265282696386, 59.95357010988931], [10.900617192076323, 59.953503288834675], [10.900937854005205, 59.95343981191805], [10.901176504549696, 59.95338573894803], [10.901509505269658, 59.95330655058963], [10.901924214898143, 59.953198614693406], [10.902382929466329, 59.95308125691114], [10.902866545614465, 59.952948039332355], [10.903400627437032, 59.95280533097409], [10.904035177334148, 59.95263724286576], [10.904443556357858, 59.95253251861076], [10.904971303849798, 59.952395991148016], [10.905335638211648, 59.95230095373933], [10.905825724041645, 59.952164510453755], [10.90664244903663, 59.951955139627195], [10.907245387093313, 59.95179019076312], [10.907590844110464, 59.95170130389634], [10.908210129245786, 59.95154180321938], [10.908709041612294, 59.95140625331742], [10.909142412483794, 59.95127307185726], [10.909424929926029, 59.95118429425699], [10.90965726796051, 59.95111140016506], [10.90933455071626, 59.95105534723942], [10.908976250339158, 59.95098407322545], [10.908546308613419, 59.95089492894946], [10.90809846912534, 59.950796866357], [10.907417288054717, 59.95065064509939], [10.90743512574851, 59.950555537463636], [10.907251026852135, 59.950546940616704], [10.907118958865611, 59.950521979125526], [10.906987581028218, 59.950475461064755], [10.906709322028295, 59.950377357463765], [10.90644988620808, 59.95029665026966], [10.906234769826309, 59.950198170245685], [10.90600161145795, 59.95008177677886], [10.905883549798968, 59.95000294450596], [10.905877236704335, 59.949948759555255], [10.905876938567774, 59.94994618698222], [10.905876943766055, 59.94994615277629], [10.905897601768203, 59.94987604680722], [10.905880971959652, 59.949882339914254], [10.905875249941742, 59.94988450546646], [10.9057514815849, 59.94988467866922], [10.905750100682338, 59.949884704008106], [10.905599578338492, 59.94985826786107], [10.905554890169201, 59.94973829044428], [10.905485278162582, 59.94965323233698], [10.905358841788953, 59.94956820548089], [10.90520118917399, 59.94946746301247], [10.905011842782807, 59.94936357816451], [10.904759330705636, 59.9492124150781], [10.9045189668442, 59.949010831020594], [10.904294303702176, 59.94881854599159], [10.904132833390808, 59.9487110312431], [10.904006924291508, 59.948630514282016], [10.903729710904527, 59.94848496469161], [10.903641289057465, 59.948453534428964], [10.903490120411435, 59.94838742726303], [10.903344924248078, 59.948333911565555], [10.903118073516726, 59.94825223295044], [10.902766350607191, 59.94816433272406], [10.902983410667542, 59.9479945944649], [10.903215010470204, 59.947805797727355], [10.90342857815256, 59.947598998056144], [10.90365429628378, 59.947402644537895], [10.903830257628648, 59.947373951771105], [10.904349869337503, 59.946947220834375], [10.9043432580684, 59.94685566862036], [10.90445586920748, 59.946760900551325], [10.904581016377493, 59.946650248477305], [10.904668533034284, 59.94655550932329], [10.904584822663857, 59.94639457935006], [10.904516006636713, 59.94628428029014], [10.904445915643445, 59.94610453250587], [10.90442651428242, 59.94600044581098], [10.904432312427248, 59.9459215970287], [10.904492291758743, 59.9458292378371], [10.904519719010684, 59.9457667954904], [10.904044472015455, 59.94574905186195], [10.9032865055158, 59.94573060619734], [10.902549324780285, 59.94552660218323], [10.902335251600645, 59.945460603547396], [10.902151796000602, 59.94529045465291], [10.901980752159275, 59.945202598355024], [10.90184853564548, 59.94518338050908], [10.901708551432302, 59.94517192252849], [10.901459935286352, 59.94517227869148], [10.90118876213972, 59.94517822644526], [10.900784900703778, 59.94517024462829], [10.900565893685096, 59.945178982663144], [10.900326919580108, 59.945182513837345], [10.900324328875751, 59.94518241912956], [10.900182242174425, 59.94517641393262], [10.900160695057, 59.94517644320949], [10.900138222417372, 59.94517647413939], [10.899760346829813, 59.94509178393596], [10.899571591068893, 59.94507619842359], [10.899620540425301, 59.944938363889584], [10.899745838013358, 59.94470050150878], [10.899870648402725, 59.944517286770385], [10.89993891162353, 59.9443594651308], [10.900026013925569, 59.94418262974808], [10.900144250287829, 59.94393951188228], [10.900256316242597, 59.943721645296165], [10.900382232813184, 59.94347436123705], [10.900468151442812, 59.943314300795095], [10.900541793378393, 59.94318685585999], [10.900605329162016, 59.943112141361304], [10.900630711089743, 59.943088026826636], [10.900666183279942, 59.94304318777834], [10.900724031826895, 59.94298259193121], [10.900799461016609, 59.94293198284877], [10.900897771510593, 59.94285430512701], [10.901022784182956, 59.942782403086305], [10.901218815286084, 59.94265642800766], [10.9013616122509, 59.94257545812398], [10.901557890047215, 59.942476462994115], [10.901718461826361, 59.94238651600573], [10.90186125825434, 59.94230554646119], [10.902021614455155, 59.94222458310267], [10.902182147471544, 59.942143625972484], [10.902368105642232, 59.94204979295673], [10.90242995651319, 59.942014764574694], [10.902624351774305, 59.94191355128562], [10.90283153011671, 59.94182487331257], [10.903000727118563, 59.94175209562641], [10.903253022593775, 59.941675339627636], [10.903449692635238, 59.941612227220965], [10.90371747092741, 59.94151311568048], [10.904056653898701, 59.94139590462329], [10.904342203635531, 59.941287812977826], [10.904467286104566, 59.94124279268261], [10.904592093698733, 59.94117969224946], [10.90469914139914, 59.94111675835573], [10.904734639834876, 59.94106292785056], [10.904787899306939, 59.94100893064502], [10.904805514674978, 59.94094609364516], [10.904823060502903, 59.940901235647694], [10.904823023651941, 59.94086527119476], [10.904804615348098, 59.94080248291542], [10.904804315725007, 59.94073962710906], [10.904768278380232, 59.94069481185697], [10.904732429621657, 59.94064991213766], [10.90469639242178, 59.940605095966994], [10.904624511425443, 59.94056033485245], [10.904552628783213, 59.94051557282587], [10.904462829936321, 59.9404707937294], [10.904355426845944, 59.940435087110124], [10.904276360192682, 59.94041221944915], [10.904131617684024, 59.94038721918503], [10.903892525196714, 59.94037169227279], [10.903496567942453, 59.94040028603208], [10.903371283189259, 59.94040052503335], [10.903207003474272, 59.94037266926529], [10.903144048345927, 59.940360101407784], [10.903102704047303, 59.94033795694782], [10.90303078964783, 59.94030218446792], [10.902958838796701, 59.940230447507254], [10.902940767845822, 59.940176569477906], [10.902940566121757, 59.940131789076936], [10.903075099950499, 59.939612888023795], [10.903290862530069, 59.93962139783897], [10.903517363378576, 59.93962421682577], [10.903850701069898, 59.939623795660864], [10.90408956197593, 59.93962663823022], [10.904422336164853, 59.939609025374786], [10.90472486157734, 59.93960998013013], [10.905084202563135, 59.93959921587121], [10.905370453952655, 59.93958977333967], [10.905656548522822, 59.939571425181086], [10.905957106104712, 59.93955784151897], [10.906472671652857, 59.93952549579587], [10.906805853047917, 59.93950600100141], [10.90710511342319, 59.939479697242255], [10.907391240958027, 59.93945235581542], [10.90773088109185, 59.93944294885485], [10.908088660177851, 59.93942448538236], [10.908499865925144, 59.93939707076215], [10.908805144876366, 59.939396034421684], [10.909238938006354, 59.9393859524424], [10.909585030966495, 59.939382316007595], [10.909886829221685, 59.93938188892285], [10.910169777339535, 59.939384651463776], [10.910414949439547, 59.93938426188509], [10.910710646317922, 59.93940279392202], [10.911106950234474, 59.93941482777205], [10.911402457437442, 59.93943344184886], [10.911635328778168, 59.939445615125514], [10.91186155191026, 59.93945794185107], [10.912283444138703, 59.93949207468933], [10.91256115707648, 59.93952568697694], [10.912865335220834, 59.93956119981778], [10.913151921516484, 59.93960569570394], [10.91340255118395, 59.939632263041155], [10.913818973288198, 59.93969481166128], [10.914315595921899, 59.9397565200477], [10.914681495932037, 59.93981030637656], [10.915103524120141, 59.93988992671344], [10.916166837098368, 59.940016313688474], [10.916356792748445, 59.940049625709484], [10.916732680786039, 59.94008492483714], [10.91705497481617, 59.94012035972793], [10.917412756024977, 59.94015572431848], [10.917699123312977, 59.94016424130217], [10.917967710759319, 59.940181825628144], [10.91833767703105, 59.940186638392866], [10.918507516537549, 59.94019271056226], [10.91874017135788, 59.94018922004573], [10.919287392185213, 59.940182080504655], [10.919774028075604, 59.940134310944636], [10.92032847580951, 59.940097541207216], [10.920846886956278, 59.94006091225151], [10.921436869846445, 59.94000617750674], [10.92202704107407, 59.93995135741979], [10.922545361024591, 59.93988774604961], [10.923115085584577, 59.939822847750584], [10.923749937234064, 59.939758702666765], [10.924032667687065, 59.93972681447878], [10.924466317270673, 59.93967559065338], [10.924837111481786, 59.93963716487646], [10.925107583541935, 59.93961460489786], [10.925143415533096, 59.939327382361625], [10.925167247377289, 59.93911593986672], [10.925179305586685, 59.93901489743919], [10.925215944427384, 59.93885087188728], [10.925234495442083, 59.93880343547915], [10.92525910331327, 59.93870233288767], [10.925277482773378, 59.9386329535688], [10.925327165512947, 59.93855087766353], [10.925377067033336, 59.93846557135559], [10.92545202895196, 59.938364407218074], [10.925564535004412, 59.93827267642318], [10.925594030648945, 59.93821344144245], [10.925700879383838, 59.938141494861576], [10.925795887075433, 59.93806090988009], [10.925914465073193, 59.93797952613724], [10.925985589179076, 59.937925624643206], [10.926092654449993, 59.93784460376735], [10.926217417610255, 59.93777267084773], [10.926378002070644, 59.93770957817226], [10.92652080795573, 59.93765555622758], [10.926663596318818, 59.93761043362249], [10.926788469456943, 59.93756529596244], [10.926967116285798, 59.93751121244013], [10.927226102796917, 59.93744343031844], [10.927556609920043, 59.93736662015219], [10.927860216095556, 59.93729437178135], [10.928111609921658, 59.93726213598884], [10.928344015213451, 59.93722400771076], [10.92871468256187, 59.93715715747955], [10.92909321697242, 59.937086054058184], [10.929307503569493, 59.937040801493865], [10.929531096825109, 59.93698540658903], [10.92973193612154, 59.93693146608828], [10.930045934708227, 59.936848925365695], [10.93027822302482, 59.9367854367772], [10.930529287409149, 59.93670616478531], [10.930811706554763, 59.93660790181017], [10.931050109206634, 59.93652230410567], [10.93152327814295, 59.93634856755269], [10.931467077635606, 59.93631158769737], [10.931429666663902, 59.93628939436571], [10.931422308629346, 59.93628512076327], [10.93139856677883, 59.93627126092277], [10.930398688047381, 59.93567962162543], [10.930310962512612, 59.93562800151162], [10.930137364917506, 59.93552571840298], [10.929971819925175, 59.93546441026027], [10.929620850179699, 59.93519867854921], [10.92926842135919, 59.934949264029704], [10.929111295361707, 59.93484128395011], [10.929034060861545, 59.934834131562134], [10.92902427972275, 59.93482187155394]]]}, "properties": {"FID": 16, "kommunenum": "0301", "BYDEL": "12", "BYDELSNAVN": "Alna"}}, {"type": "Feature", "id": 17, "geometry": {"type": "Polygon", "coordinates": [[[10.679567917755382, 59.9392775467289], [10.679491605819265, 59.93931442826039], [10.679171736485634, 59.939394033340186], [10.678951317153446, 59.93944758794207], [10.678762677377158, 59.93947592784249], [10.678580370750392, 59.939501057799596], [10.678364311832688, 59.939529395800214], [10.67811368112048, 59.93955623963482], [10.677863336183028, 59.93957401007511], [10.677720229963565, 59.939582981328726], [10.67748573158162, 59.939601541012806], [10.677328579192263, 59.939611039850355], [10.677108505759522, 59.93963303935742], [10.67693220051971, 59.93964235913265], [10.676630330603663, 59.93965807534224], [10.676435356790225, 59.93967999984918], [10.676253029569041, 59.93970800352286], [10.675984638305506, 59.93977067788983], [10.675787335694046, 59.93981869193586], [10.675630105328139, 59.93987548412969], [10.67551035218289, 59.939910127391116], [10.675372027775992, 59.93997311597131], [10.67525246345042, 59.94001729738292], [10.675018016753762, 59.94013845474566], [10.674892769256845, 59.94021931648698], [10.674767350254472, 59.94031797753533], [10.674641995110997, 59.94044361643569], [10.67451653585215, 59.94059613831924], [10.674444563872644, 59.940739806337476], [10.67437283957627, 59.94092826336765], [10.67431894861012, 59.941107774977276], [10.674211026522494, 59.941412929433426], [10.674121330406935, 59.941538570500114], [10.673929329297177, 59.94173674464139], [10.673817033387351, 59.941744385616886], [10.673652244532684, 59.94175875490592], [10.673174277500399, 59.94179017008059], [10.672809540372599, 59.94180264402059], [10.672016920700598, 59.94185276082731], [10.671187058261129, 59.94190533495484], [10.671136988591837, 59.94164093907323], [10.671086825897232, 59.94140747216324], [10.670999599576302, 59.94100355449796], [10.670861433132039, 59.94082366539813], [10.67083020085694, 59.940763650481344], [10.670510178184395, 59.94035972279742], [10.670378362063738, 59.94021771920931], [10.670070488756057, 59.94002820307819], [10.6698378822473, 59.93993342046681], [10.66956262454165, 59.9398674484961], [10.669312058517756, 59.939804535919535], [10.66903297123916, 59.939759657970505], [10.668693388314459, 59.939727897603525], [10.6683460559383, 59.939714314524466], [10.66787566618834, 59.939718083774885], [10.667655638792999, 59.93973692253434], [10.667189896933502, 59.93977779942383], [10.666957256277986, 59.93979990933862], [10.666693101892708, 59.93979984900483], [10.666491823536237, 59.93978081661563], [10.66623388213159, 59.93974283352834], [10.665919704422269, 59.939651114191655], [10.664560963767581, 59.93983982445902], [10.664341573180218, 59.939445397108415], [10.6641898727319, 59.938983019268015], [10.66417890774795, 59.938949803116564], [10.66415433510734, 59.93894414512636], [10.664150150319603, 59.93894318125077], [10.663996588698021, 59.93890782230252], [10.663993117378242, 59.93890702275877], [10.66398924767001, 59.93890613124369], [10.663910356556626, 59.93888796684019], [10.663904359180197, 59.93888658574293], [10.663886415935437, 59.93888245350858], [10.663876655745803, 59.93888020648713], [10.663807999349197, 59.93886439801829], [10.663727652839288, 59.938843260218], [10.66372157478903, 59.93884166188627], [10.663706015912881, 59.93883756870704], [10.663687134139392, 59.93883260135418], [10.663673142356561, 59.93882891950351], [10.66354664185562, 59.93879563914229], [10.663540961004445, 59.938794144465575], [10.663482926450262, 59.93877887635193], [10.663476623468503, 59.93877721797732], [10.663471675403558, 59.93877591613344], [10.663464913569179, 59.9387741378081], [10.663399391722841, 59.93875690020051], [10.662953040500733, 59.93865885465514], [10.66293125414488, 59.93868237904749], [10.662871086848819, 59.93874718635971], [10.662858343051933, 59.93874479725479], [10.662583236864762, 59.93869330829081], [10.66184011103989, 59.93855420932563], [10.6616387717692, 59.93851407347789], [10.661593611747676, 59.938505071109766], [10.661557254490281, 59.9384978232343], [10.661542149359923, 59.93849481261181], [10.661506938367292, 59.93848779367387], [10.660903462472268, 59.93837706852948], [10.659457652444095, 59.938101847000425], [10.658973151191478, 59.93800941796767], [10.658971440485754, 59.93800906766246], [10.655277826518157, 59.93730432696924], [10.655422445903273, 59.93724138753506], [10.65552971472839, 59.9371120210904], [10.655722524248871, 59.93696164781726], [10.655865918658208, 59.9367822180178], [10.656027224408009, 59.936602838873405], [10.656084472863734, 59.936506442241765], [10.656147344167582, 59.93644646925358], [10.65394638690346, 59.936631470624945], [10.652303601478852, 59.937223781731475], [10.652177929082217, 59.937144906888555], [10.652102689365883, 59.93711328711], [10.651995871937638, 59.937103825179015], [10.651876604612164, 59.937103213797236], [10.651794515477324, 59.93710059372789], [10.651679667201888, 59.93710318520626], [10.651624724351663, 59.93711629784317], [10.651335736360332, 59.93701197577199], [10.651107729731313, 59.93694140985002], [10.650857903363516, 59.93689512072226], [10.650593887347986, 59.93684773337704], [10.650166323462265, 59.936787569272376], [10.650214022208301, 59.93668078770772], [10.649481717076476, 59.93646847628917], [10.649399572001117, 59.936553706866874], [10.649311238261896, 59.93664511660743], [10.649141111842479, 59.93681223759512], [10.649008637380865, 59.936947779413586], [10.648788140317007, 59.93715594866477], [10.648598894202696, 59.937360834055475], [10.648409700847157, 59.937540722018234], [10.648252054689731, 59.93770141960141], [10.648099882206646, 59.93790914777824], [10.647956616324933, 59.938025809200106], [10.647849028884185, 59.93807953354153], [10.646632299590468, 59.93818669675436], [10.64622147453868, 59.93796215436295], [10.646359260499437, 59.937627970508736], [10.64576182733543, 59.937668644437544], [10.645328215992837, 59.93752625442121], [10.644498453794755, 59.93738065164973], [10.644542485127948, 59.93744379544431], [10.644184082168811, 59.93741512410023], [10.644058093689253, 59.937456097785905], [10.643586406318285, 59.93746854898721], [10.64300138971898, 59.93761653982167], [10.642918849107767, 59.937944635851274], [10.642774526796325, 59.93777736896421], [10.64264255358898, 59.93775205024031], [10.642560670644718, 59.93775194825547], [10.642251420870085, 59.93760970673631], [10.642045795827451, 59.93747395125274], [10.641479881515853, 59.93745477049857], [10.64110273303825, 59.93738194807554], [10.64036772809, 59.93711005592445], [10.640580233860566, 59.93757093424301], [10.640736112934807, 59.93809180503632], [10.640800454026012, 59.93831802463341], [10.640918445565378, 59.93907530751528], [10.640261832726878, 59.93906013440746], [10.640072802466948, 59.939208363602916], [10.640110434825846, 59.939328309006356], [10.639530504655669, 59.93948809297494], [10.63912118167049, 59.93946604278928], [10.639097515503844, 59.93948225781843], [10.638870692306217, 59.93958939806969], [10.638380626086176, 59.939396646726856], [10.638158561555393, 59.93960997300915], [10.638141134262867, 59.939626799232094], [10.63765668424683, 59.93970221703743], [10.637569238012384, 59.93969668989887], [10.636902230042613, 59.93965439812698], [10.636570290046961, 59.939619646658855], [10.636113628749754, 59.9395718273383], [10.635362204463013, 59.93949313960932], [10.635121355670327, 59.93946791842449], [10.634324083608107, 59.939384425132985], [10.634286582651532, 59.93932760882231], [10.634242634701222, 59.93927075921829], [10.634223783753331, 59.939232905460045], [10.634143387487716, 59.939175206942124], [10.634072930203875, 59.939122332967806], [10.633928221453186, 59.93907805858508], [10.633803474755002, 59.939067268236045], [10.633660293180451, 59.93906719610043], [10.633569708153804, 59.93907462371054], [10.633424939729107, 59.93910291552296], [10.63330539190783, 59.939153354959885], [10.633217153340354, 59.93921643288347], [10.633154246740258, 59.93928583596463], [10.63317911800638, 59.93937730381113], [10.63324794020468, 59.93948884369317], [10.632711058258273, 59.939533355140824], [10.632227834193406, 59.93958683897733], [10.631772710306034, 59.939591615245895], [10.631865626184254, 59.939873911090494], [10.632172927950606, 59.94004030177107], [10.632267270580769, 59.94014720370797], [10.632196016347091, 59.940254097259476], [10.632053350697737, 59.94046770026576], [10.632408031374215, 59.94056291408767], [10.632501801894865, 59.94083606509698], [10.632548111772437, 59.94125179018943], [10.63275731713687, 59.94157112407471], [10.632825778120347, 59.94167590762361], [10.632919572237311, 59.941996538744746], [10.633344930826745, 59.94223428456218], [10.633415512338788, 59.94240055621562], [10.633154699958824, 59.942519149496576], [10.632893680221914, 59.94280391508155], [10.63305868107225, 59.943053440034255], [10.633412980834933, 59.94326742650932], [10.63395134085206, 59.943667992551404], [10.634234537646217, 59.943976916398164], [10.634683968375496, 59.944048467095804], [10.634967153662773, 59.944309909778625], [10.635131776754916, 59.94476120769373], [10.635840110576584, 59.94536729745311], [10.635815735179422, 59.94566404716776], [10.635743604681227, 59.94603214170362], [10.63559604668026, 59.94620664936733], [10.635665566667413, 59.94680038051336], [10.635616330681684, 59.94750096266169], [10.635615447556912, 59.947845250102574], [10.635306725999035, 59.94817762874279], [10.635253737433526, 59.948423431606315], [10.635323934221208, 59.9487084783373], [10.634967365074987, 59.94930193674605], [10.63489519838717, 59.94970555049768], [10.634491875079005, 59.950097198320904], [10.634224386253214, 59.95084162222534], [10.63422407252828, 59.95098279182589], [10.634223567407123, 59.95118393452286], [10.634223373460493, 59.95129291509154], [10.634176785784039, 59.95135530672106], [10.634131209956628, 59.95141683258994], [10.634115535419783, 59.95148546399148], [10.634123868026709, 59.951673950538535], [10.633868329417725, 59.95186897700142], [10.633080356571057, 59.95210857941656], [10.633043939272515, 59.95230601275903], [10.633966596927594, 59.952603583636844], [10.634008904892323, 59.95265939031139], [10.634050153779802, 59.95271372281215], [10.634051002238767, 59.952716808105144], [10.634080429843912, 59.9528295584864], [10.634036830886483, 59.95302846327203], [10.633990341453561, 59.95324111983819], [10.633883860953377, 59.9534205849508], [10.633534528203985, 59.95353678691594], [10.632606628397543, 59.95359846508998], [10.632333951242504, 59.95364994195737], [10.63205295442616, 59.95371148394811], [10.631952238551428, 59.95406064479514], [10.631809384260892, 59.95420446190289], [10.63164543820302, 59.95435594103713], [10.631252063261238, 59.95466050579422], [10.631219685262252, 59.9549332501384], [10.631154423171594, 59.95514942017345], [10.63093020564255, 59.95538261916898], [10.630875384980001, 59.95558348902732], [10.630867028682884, 59.95572843918613], [10.63083583582227, 59.956262720940835], [10.631606429183224, 59.9569010187773], [10.631708712414298, 59.957024189373485], [10.631752077174195, 59.95723110298125], [10.631691874034185, 59.95731507387967], [10.631516443968518, 59.957484157590386], [10.63105003995858, 59.95786084735778], [10.630709202699, 59.95805357948153], [10.630306140991832, 59.95820144369347], [10.629956066732401, 59.9585647228462], [10.629793526017103, 59.95901794166187], [10.629729995638913, 59.95930511929276], [10.629631002382014, 59.95952943225928], [10.629433421770988, 59.95978059921274], [10.629110687699589, 59.95994191550498], [10.629012013492746, 59.95996400045698], [10.62859125055082, 59.960058216953264], [10.628125116729237, 59.96031818532225], [10.628120553180963, 59.96037450567979], [10.628106620983205, 59.96054256083865], [10.628016801324236, 59.96070405124608], [10.628018710156807, 59.96104555557522], [10.627955559588115, 59.96130253109479], [10.6279406321067, 59.96136264359191], [10.627845023505868, 59.96143482692205], [10.627578878974493, 59.96163596664541], [10.627225215750386, 59.96173249611861], [10.626834687604775, 59.961741474019675], [10.626625549840991, 59.96170503640148], [10.626455071508268, 59.961862049469374], [10.625988874470265, 59.96213981392835], [10.625326113977703, 59.96231438081364], [10.624340741680378, 59.962511771665724], [10.623570876330838, 59.96266748622986], [10.623292646541074, 59.96292315976332], [10.623435083591737, 59.96319703512834], [10.623846090332194, 59.963462116542914], [10.624175896406388, 59.963857227767036], [10.62440757727311, 59.96427021055386], [10.624460342086335, 59.96453058536528], [10.624441842354031, 59.964826720034196], [10.624110223915634, 59.96491624165125], [10.623680345001716, 59.96496077259344], [10.623469133564505, 59.965075603514194], [10.62204059103582, 59.96557874662523], [10.62051664445853, 59.96634047428479], [10.61919828811011, 59.96869043252478], [10.621076224063735, 59.9686642843544], [10.622423750108647, 59.96865978475158], [10.623417145700577, 59.96867731890251], [10.624576385801662, 59.96866150686445], [10.62560288902132, 59.968645684201405], [10.626529889271364, 59.96861315090009], [10.627159309963828, 59.9685969041528], [10.627689160679994, 59.968580766991835], [10.628152703248077, 59.96854785891901], [10.628815039917555, 59.9684819789714], [10.629444351102782, 59.96843253562227], [10.63000720145139, 59.96841640469971], [10.63047083254629, 59.9684167641958], [10.630967658278117, 59.968417053129386], [10.631530364212393, 59.96846727450495], [10.632159373282782, 59.96855062577529], [10.632887461184751, 59.968683837380375], [10.633449980763972, 59.96881713373631], [10.634012416894194, 59.96900006295889], [10.634409486177432, 59.96909990572064], [10.63480633928802, 59.96929937584149], [10.635070973182675, 59.969432326928406], [10.635952216464434, 59.96971438250307], [10.635825699360469, 59.96992573909655], [10.635724652134597, 59.97007724038932], [10.635579194537597, 59.970364223535384], [10.636587241239305, 59.97002730565589], [10.636765912364893, 59.96997279374007], [10.638376329295232, 59.9694571684326], [10.638489139591528, 59.96965612543152], [10.638457121005613, 59.96988014422586], [10.63819224082605, 59.970116596030046], [10.637965266876835, 59.97023002925838], [10.638215663462747, 59.97025198688929], [10.638394757493613, 59.970260973113206], [10.638846631848782, 59.970243197876805], [10.638921967392273, 59.97031268437613], [10.639053961176787, 59.97041372027269], [10.639204624394074, 59.97054325033481], [10.639289044399261, 59.97062958288464], [10.639480799554248, 59.97080534457854], [10.639628503977908, 59.970926053734935], [10.639753482723687, 59.97105176556381], [10.63995829170725, 59.9712537662622], [10.640090583292173, 59.97115913799862], [10.640097194860864, 59.97107078293271], [10.640154261981321, 59.97085946339298], [10.640223950996015, 59.97070485283054], [10.64041981712543, 59.97043661813135], [10.640476718111906, 59.97036413451868], [10.640867338837262, 59.969796514108594], [10.641106752494835, 59.97003949396245], [10.641395746427978, 59.97036783147204], [10.641691091105137, 59.97058253542194], [10.642093546386157, 59.97078486561385], [10.64249614213943, 59.97093027666671], [10.642955211415673, 59.97103780878174], [10.643741787910013, 59.97118665070364], [10.644113050459236, 59.97125944299394], [10.644130220506515, 59.97145208575156], [10.644150171005966, 59.97163178167327], [10.644180934087396, 59.97187792910865], [10.644179278968615, 59.97255319534421], [10.644208263400154, 59.972804678152286], [10.644315033502005, 59.97310989965744], [10.644297024748589, 59.97332314058814], [10.64428423135006, 59.97342720821095], [10.644290319581106, 59.97353774503299], [10.644264905209914, 59.973635460344866], [10.644201749823468, 59.973745956248955], [10.644157235795827, 59.97386884829537], [10.644119440828028, 59.97393522092064], [10.644094203580895, 59.973982494984554], [10.64405003152778, 59.974045509937135], [10.644037183275064, 59.97411180800463], [10.644024359176877, 59.974196990417376], [10.644043034243797, 59.97426639938282], [10.644061860965559, 59.97431692809512], [10.644074150685269, 59.97439260010718], [10.644093196391685, 59.974421016311254], [10.644143373711309, 59.97449371333834], [10.644180981031557, 59.97453784972547], [10.644212289194533, 59.97457260652937], [10.644275042706429, 59.97465471176506], [10.644312653572058, 59.97470837975898], [10.64438806487775, 59.97476518634471], [10.64441315572788, 59.97480630107266], [10.644468780935433, 59.974849863540925], [10.644499139891318, 59.97487002068503], [10.64443818825597, 59.97489147621204], [10.644494751138131, 59.9749483783549], [10.644481981954048, 59.9750208841405], [10.644387556749034, 59.97507450411804], [10.644280221211792, 59.97512805763035], [10.644198260307956, 59.975197376604186], [10.644216886739637, 59.97529852550304], [10.6442986005093, 59.97536471257516], [10.644374084466515, 59.97539643214554], [10.6445125625889, 59.9754279865461], [10.644461965853056, 59.97547846944148], [10.644417683393849, 59.97554777446416], [10.644367320915364, 59.97560464987213], [10.644316749912928, 59.9756740179299], [10.644278728576595, 59.97573390810755], [10.64425983816374, 59.975806570940065], [10.644240766812308, 59.9758696962545], [10.64422805220079, 59.97593905612331], [10.644221449511763, 59.976017879623804], [10.644221367912756, 59.97610303442679], [10.644227535007532, 59.97616933182671], [10.644246116906848, 59.97621355790152], [10.64427111087179, 59.97627040612637], [10.64428996394581, 59.97633028833385], [10.644340100925598, 59.976406042078864], [10.644409118693783, 59.97646920164474], [10.644346103922157, 59.97653222237216], [10.645048605168459, 59.97782029472774], [10.645338232784253, 59.977858191291965], [10.64542003884764, 59.97786781872917], [10.645558501356678, 59.977880486765926], [10.64570958496432, 59.977899506837915], [10.645917439651718, 59.97793434058217], [10.646175349135271, 59.977969208998466], [10.646464561420565, 59.97823126684471], [10.646464484220965, 59.978275506223184], [10.646523418822744, 59.978487692459176], [10.646576653396654, 59.97863134910813], [10.646647825099231, 59.97883782511522], [10.646758534584714, 59.97905199147173], [10.646826176448295, 59.979223909774504], [10.646915213046373, 59.97942144387625], [10.647004248888338, 59.97961897703253], [10.647109552401286, 59.979774694825544], [10.647228805179171, 59.979938965451666], [10.647316330769979, 59.98011252952226], [10.647450400445948, 59.980292396721964], [10.647482646937236, 59.98040604491289], [10.647479399840279, 59.980486688496185], [10.647454043086938, 59.980541692921875], [10.647424170422624, 59.98061192464414], [10.64738437831813, 59.98070574876886], [10.647560212564052, 59.98085732048199], [10.64763562790983, 59.98097428276135], [10.648057038890743, 59.98116058115804], [10.64825203064273, 59.98117331401791], [10.648384076101843, 59.98125536771273], [10.648572989213196, 59.981287052574906], [10.648579309849906, 59.981315407044214], [10.648629438034288, 59.98141319010651], [10.648742534968799, 59.981571140844125], [10.648880640846757, 59.98175725473399], [10.64918215548881, 59.982066740767586], [10.649194577899928, 59.982104648565155], [10.649370701830343, 59.982180422470286], [10.649584333409326, 59.98240769472476], [10.649672173669199, 59.98253396767102], [10.649665877947621, 59.98257503449206], [10.649885415207592, 59.98292533524168], [10.649973557238248, 59.982963314185554], [10.65003633816511, 59.98303588570229], [10.650115447352347, 59.98313848991771], [10.650142878801395, 59.98319056099817], [10.650111322755235, 59.98330093404364], [10.650287199151817, 59.98352201312759], [10.650751541409775, 59.98423540437233], [10.651499821901867, 59.984702872759115], [10.651788399028218, 59.98509753140884], [10.653906576888625, 59.98468487056482], [10.654793432146551, 59.984518350928155], [10.654724913144394, 59.98424066018004], [10.654624350776114, 59.98405120490325], [10.654417373694509, 59.98382074422067], [10.654958602744612, 59.98372645528528], [10.654845743953574, 59.98360331848352], [10.654727050504782, 59.98319934125562], [10.654591457412481, 59.98274642815742], [10.654495893851829, 59.98243556394398], [10.654439674550563, 59.982214569588784], [10.654377292002811, 59.98195578430107], [10.654358455852151, 59.98188331520307], [10.654664976237997, 59.98184891067018], [10.654897743030364, 59.98181315239862], [10.65514856153637, 59.981768367642964], [10.655327746074924, 59.981741632883534], [10.655580362828644, 59.98171048419351], [10.65572193240786, 59.9816968966356], [10.65613383559654, 59.98167027826206], [10.656527818760201, 59.98170637259138], [10.65674252133133, 59.981760387983066], [10.65699312259829, 59.98181432695187], [10.65728608834775, 59.98191327349183], [10.65753131779091, 59.98199859620921], [10.65781646915105, 59.98207507364144], [10.658246088772191, 59.98211998033356], [10.658633074081619, 59.98210961863769], [10.65888492784802, 59.98207196365942], [10.659199901621257, 59.98198675173986], [10.65952759669999, 59.981838741774624], [10.659729297795279, 59.98173469006371], [10.659858893131073, 59.98166324372459], [10.660031880926857, 59.98158657151111], [10.660235266321083, 59.981492915974236], [10.660396735653197, 59.981430162549806], [10.660557926651219, 59.981376390899854], [10.660756427568646, 59.981296691644474], [10.662306305419062, 59.98072940969599], [10.662728472135464, 59.980606532880834], [10.664016392236325, 59.98029201238454], [10.663912696330355, 59.9801590239064], [10.664177459889634, 59.98008977256358], [10.664321216856237, 59.98004981080237], [10.664914790313402, 59.97968941824389], [10.665267876080325, 59.97947182211665], [10.665816304259476, 59.97920390827004], [10.66604334926085, 59.979043042265644], [10.66621365089855, 59.978822219700604], [10.666258375512943, 59.978579284346196], [10.666283832563812, 59.978434178175256], [10.666420801596919, 59.978040329543994], [10.666618867599402, 59.97758266766548], [10.666720672695071, 59.97732991880373], [10.667349620427235, 59.977563622728276], [10.667740300435382, 59.97746289566806], [10.66803651412523, 59.977201070159346], [10.66817564187725, 59.976955032470386], [10.668471861548172, 59.97676577297783], [10.668579083140143, 59.976696370707046], [10.668742956838448, 59.97651346090119], [10.669297648160786, 59.976106542267395], [10.66980189220089, 59.975784828127125], [10.670948806484454, 59.97495512893598], [10.671761797312072, 59.97434636103696], [10.671894222537116, 59.974175993308734], [10.672391036825484, 59.973581295518294], [10.672569102543434, 59.97319481679744], [10.672660532256755, 59.973060779370265], [10.673042037497636, 59.97258908187238], [10.67314315584681, 59.97250715687502], [10.67335725180575, 59.97234315627649], [10.67363777592347, 59.972101846938365], [10.673823656697923, 59.97199311983848], [10.673899330223106, 59.97198373484725], [10.673718927157328, 59.97172378476419], [10.673647737952512, 59.971571189608234], [10.673598042640661, 59.97137766571024], [10.673591850147817, 59.97118206335766], [10.673144988966229, 59.971194547549494], [10.672899516340856, 59.971147101263405], [10.672824687419967, 59.97107729303693], [10.672824737358752, 59.97100553701305], [10.672896752314468, 59.97089783851253], [10.67293271298004, 59.97079012456939], [10.67292549369001, 59.97070536158398], [10.672861374965974, 59.97060164557106], [10.672646976472683, 59.97042213502372], [10.672324901445172, 59.970233423969304], [10.672092423478144, 59.97011680355373], [10.671931298502795, 59.97007185601204], [10.671805850037028, 59.97004489478469], [10.671609194742398, 59.970035737983935], [10.671397308886991, 59.970058001439895], [10.671019237470565, 59.97010834602392], [10.67091882839898, 59.96993788310895], [10.670718364786266, 59.96947080970183], [10.670655757473565, 59.96930347760419], [10.670417027185627, 59.96898783265011], [10.670423897532002, 59.9687637938583], [10.670298871328676, 59.968280944216325], [10.670148107621078, 59.968066293725215], [10.67005386795644, 59.96792417764537], [10.669978639006771, 59.967823242280105], [10.669966338890411, 59.967671769963765], [10.669544367271735, 59.967763109329475], [10.669021734236807, 59.967867055577535], [10.668347714844739, 59.9680244719755], [10.667869258361506, 59.968134811066264], [10.667163982691356, 59.96827329955805], [10.66608702156608, 59.9685188851442], [10.665549902893385, 59.96841129460412], [10.66533180750823, 59.96842075578953], [10.664953923263697, 59.96853412423719], [10.664770947614466, 59.96882745286874], [10.66420412707513, 59.968943954871904], [10.663624921667788, 59.9690919665624], [10.663404836371805, 59.9689782572768], [10.663323202891045, 59.968927732302085], [10.663272972485297, 59.96888669352081], [10.663052976607798, 59.96871615404519], [10.66282095391064, 59.96828687300495], [10.662934356551903, 59.96813863845458], [10.663255435080606, 59.96811665508791], [10.663469815104087, 59.96793694364633], [10.663470234699968, 59.96772555157666], [10.66348498001571, 59.9675458334306], [10.663467348727641, 59.96735722694324], [10.66349080479011, 59.966668568453045], [10.663403455606145, 59.96620151653853], [10.663176884751122, 59.96620457962313], [10.662742602026006, 59.96622967060259], [10.662686421091873, 59.96594240900261], [10.66263612150498, 59.965822505208294], [10.662573523834526, 59.96563628471056], [10.66251096719471, 59.96544700826467], [10.662460849062112, 59.96528601674479], [10.662366924476443, 59.96502403923743], [10.662247992839264, 59.964746221285516], [10.662172670571975, 59.96452846894039], [10.662028329490772, 59.964329664980355], [10.661896648093512, 59.96411500141293], [10.66186527385379, 59.964051921925005], [10.661827664393934, 59.96393513436711], [10.66176519878966, 59.9637520642412], [10.661872190525113, 59.96371431340052], [10.662325370359216, 59.9637144872743], [10.662602504256165, 59.96354430760132], [10.66297419157467, 59.963392976439955], [10.663037347276603, 59.963235263722055], [10.663824103014127, 59.96322303453583], [10.664494548803795, 59.96342665088298], [10.665824370908485, 59.96381723369757], [10.666044538534345, 59.96392464913249], [10.666245484126895, 59.964117307743734], [10.666327460516971, 59.96408565391023], [10.665360509695933, 59.96279143273639], [10.664895533740049, 59.962393696368665], [10.664864206685415, 59.96228637823007], [10.664927351514052, 59.962191700111696], [10.665047057615967, 59.962112910935964], [10.6652359339184, 59.96206876944202], [10.665393152087702, 59.96207196390443], [10.66556952474958, 59.962087748761256], [10.665732940200463, 59.96215732912009], [10.665839727362666, 59.962277291140616], [10.665921384355302, 59.96237826164248], [10.665996815215884, 59.96244458756011], [10.666116365765076, 59.962479363140346], [10.666242108564566, 59.962498337025075], [10.66637583361607, 59.96250291550152], [10.666501101658447, 59.96249399770824], [10.666698232254928, 59.96244023429159], [10.66684146824942, 59.96239539880187], [10.666949070169036, 59.96229669674338], [10.667038733121487, 59.96219803440705], [10.667128536658035, 59.96205441567943], [10.667149405947981, 59.96187705692472], [10.66711205533031, 59.96164985602369], [10.66713119990944, 59.961495280132446], [10.667200607062714, 59.961400627708585], [10.667326084885962, 59.961291363859644], [10.667477754813751, 59.96129032660771], [10.667666758454981, 59.96129177666951], [10.6678280650351, 59.96128287362419], [10.668024778811398, 59.961282957574575], [10.668221683629987, 59.96128295798553], [10.668347173894814, 59.96131891650701], [10.668472305778018, 59.96133705801987], [10.668654375311084, 59.96137919302672], [10.668811669307267, 59.961451715613094], [10.668874592028617, 59.96147383629937], [10.669012854683345, 59.961546542762434], [10.669226804818225, 59.9617138158787], [10.66935235293743, 59.96181793566734], [10.669591029734823, 59.96201695385354], [10.669830016390172, 59.96220950841504], [10.670063732271593, 59.96245062604006], [10.672894607496088, 59.962352732196635], [10.677665075802453, 59.962171496641766], [10.67828170971302, 59.96214334894625], [10.678488901976706, 59.96213737621187], [10.679119182231045, 59.96184377579045], [10.679245309037052, 59.96150927042465], [10.679415489157217, 59.96138006051888], [10.679629452920349, 59.96131388204609], [10.67993790958041, 59.961301426820796], [10.680120058728466, 59.96133617420901], [10.68187513807924, 59.96183837004208], [10.682384934014935, 59.96180706067123], [10.682730972752047, 59.96170303288737], [10.68279405819917, 59.9616840584345], [10.682599212278516, 59.961377968142855], [10.682657793574062, 59.961293114464674], [10.68288138328753, 59.96133326263004], [10.68311414194736, 59.9613512301371], [10.68356154296811, 59.96135141259142], [10.683794218132407, 59.96134249010869], [10.684002639445465, 59.961321532913644], [10.684152082639299, 59.96129765391357], [10.684367093852064, 59.96126189535376], [10.68458185260374, 59.96121704614588], [10.6847892832936, 59.96117339573974], [10.68501153869482, 59.96114533665517], [10.685351448320352, 59.96110062855432], [10.685566352334103, 59.96110973433975], [10.685799026329423, 59.96111870256737], [10.686067459685946, 59.96113675515467], [10.68628218568442, 59.96118164247399], [10.686514828412168, 59.96124456114407], [10.68667575549405, 59.961307378539125], [10.686854765671136, 59.96138832316286], [10.687015694130407, 59.96146903528891], [10.687176864570121, 59.961576820822685], [10.687601254227344, 59.962007223791645], [10.687896789237122, 59.96218082188659], [10.68830592677032, 59.96231659452378], [10.688664581518607, 59.96237041491078], [10.688544688547081, 59.962572318312766], [10.688531911356314, 59.96267324075057], [10.68858848687777, 59.9628089834287], [10.688468984836348, 59.96287835788267], [10.688336813535841, 59.9629761816879], [10.688191683648208, 59.963174921977654], [10.689330950738961, 59.96318783378436], [10.689853297344893, 59.9631910763187], [10.690677882910062, 59.96281898338753], [10.69064840193421, 59.963067638229965], [10.69058310725465, 59.963184915930746], [10.69050477541296, 59.9633638130984], [10.690486822178212, 59.963489383784626], [10.690544981671252, 59.96355099292312], [10.69058913606241, 59.96361412326204], [10.6906771604744, 59.96372463620443], [10.690765123049237, 59.96385079434384], [10.690941160222785, 59.96406228918582], [10.690802695917837, 59.9641064971409], [10.691865667476069, 59.964662076987324], [10.691324321550924, 59.96478815724342], [10.691630674843928, 59.965347677171984], [10.691845373055711, 59.965643970336025], [10.69188985906939, 59.96571286557746], [10.691833131773523, 59.965858029498904], [10.691864572216208, 59.965898982440834], [10.692040699746798, 59.965974788535796], [10.692991399827852, 59.965691059565344], [10.693154977702402, 59.96581096512692], [10.693331006355159, 59.96593721227035], [10.694029684084331, 59.96573228038907], [10.69460932613075, 59.965117106420635], [10.694760546226803, 59.96494994142858], [10.6948864995728, 59.96481432145584], [10.695094354077478, 59.96460602460428], [10.695258026771004, 59.964445110761915], [10.695566836306467, 59.96410442190693], [10.695642262001558, 59.96412019473814], [10.695686440094583, 59.96406040275488], [10.695774651180711, 59.96395295250712], [10.695875378774057, 59.96382370096175], [10.696127510996634, 59.96348295855991], [10.696498918951928, 59.96299711473806], [10.696807731708843, 59.96259959450953], [10.697164702502068, 59.96214466008139], [10.698453707407475, 59.962414159555145], [10.698463134727547, 59.96234432999661], [10.699186733779754, 59.96241066547432], [10.699212270695973, 59.962051010753754], [10.699237692169156, 59.961665995243514], [10.69845109140557, 59.961615406986716], [10.698501480386062, 59.961460771612494], [10.698514198692981, 59.961416676856764], [10.69852670544827, 59.96135351127161], [10.698533109398781, 59.96126829705344], [10.698526819789071, 59.96113581966288], [10.698533307704215, 59.96110105222958], [10.698542621643872, 59.96105693662373], [10.698596169165851, 59.96096220072185], [10.69867186247122, 59.96083914373104], [10.698728577049277, 59.96072553863153], [10.698923215279168, 59.96118625777363], [10.699036589260219, 59.961161094615605], [10.69922432301269, 59.96111291218966], [10.699408130640396, 59.961050753083995], [10.699489897345627, 59.96102869456823], [10.699761395105135, 59.96102316957051], [10.699994244315862, 59.96101422430194], [10.700209067454109, 59.96099632841884], [10.700334242459407, 59.96099627733558], [10.700490470504525, 59.9609877077688], [10.700531307191952, 59.960906584316106], [10.700559854069388, 59.96087730295699], [10.70060409219413, 59.9607920644232], [10.700656722004041, 59.960718158980356], [10.700711145970743, 59.96062489008155], [10.700874733883966, 59.96062177651816], [10.700978958281755, 59.96061043055564], [10.701170515425773, 59.96060598070625], [10.701365768840834, 59.96059652614512], [10.701551695260658, 59.960592611777045], [10.701641169768124, 59.9606106375019], [10.701784373858228, 59.960673397601596], [10.701931879208486, 59.960729284373706], [10.702114425533978, 59.960795665379784], [10.702339128143754, 59.960897861249215], [10.702485579028801, 59.96094391123712], [10.702589735456911, 59.96099667425046], [10.702643445483139, 59.96104158822636], [10.702732761099831, 59.96109539584908], [10.702806208671603, 59.9611333101148], [10.702900541194733, 59.961199599753385], [10.70299503536449, 59.961256364375465], [10.703064185741436, 59.96131634801049], [10.703198142597632, 59.961418638579154], [10.703315959908297, 59.961483626979], [10.703430569452944, 59.96158025108323], [10.703863174655561, 59.96186870350527], [10.704665282025383, 59.962343284538186], [10.705064815866969, 59.96258821220959], [10.705434878741372, 59.96273821187131], [10.705750465159793, 59.96287546432715], [10.706140675258139, 59.96298907165648], [10.708412317041422, 59.963506657829704], [10.709607986364391, 59.963696124320066], [10.71015805603695, 59.963632119033676], [10.71097368849523, 59.96354483592215], [10.710873032536057, 59.963298687947194], [10.710697425260005, 59.96295415584985], [10.710432657614195, 59.96266112219436], [10.710250195908475, 59.9624055664027], [10.710089090532389, 59.96208344526051], [10.710011310148305, 59.96195430688582], [10.71047078785347, 59.96167981862243], [10.710313369141211, 59.96155357183986], [10.710168664658598, 59.961496706871166], [10.710181328157864, 59.96139892758375], [10.710376187963954, 59.961305282085995], [10.710401573113222, 59.96123804048174], [10.71045811012417, 59.961178106419524], [10.710609132449376, 59.961130780496504], [10.710628055152531, 59.961102352728865], [10.710769603920118, 59.961024325568204], [10.710936610679559, 59.9608909279793], [10.710949108966698, 59.96081517380721], [10.711005855697346, 59.96076468780812], [10.711043495952886, 59.960685885373], [10.711119061333934, 59.96067009170534], [10.711307894727351, 59.96063541607938], [10.711446399931788, 59.96059748339158], [10.711534576503295, 59.96056600440431], [10.711646660028569, 59.96053962019822], [10.711682668731102, 59.960467867504], [10.711646785315795, 59.960431990989235], [10.711539409962793, 59.96033336159177], [10.71146786297346, 59.96027932935354], [10.711339490415806, 59.9602251548201], [10.711358298686982, 59.960180987766904], [10.711352133065535, 59.960139963849656], [10.71132673083112, 59.96010209038641], [10.711342665253362, 59.96002887551776], [10.711295519409965, 59.95990963671947], [10.711201086270222, 59.95989388403616], [10.711217355762718, 59.95984855451233], [10.711220073233287, 59.9597707734197], [10.711271263615936, 59.95968701710616], [10.711245364096547, 59.9596225114985], [10.711145811609368, 59.95960614169676], [10.711056484242624, 59.95960359349459], [10.710930703534679, 59.95957513081168], [10.710855132661509, 59.95945523567248], [10.710716282623752, 59.959426617124365], [10.71067258878671, 59.95935415834244], [10.710608979837554, 59.959247151549256], [10.710515407506367, 59.959111204683], [10.710433669725274, 59.95904173311719], [10.710301556417036, 59.958970801176136], [10.710236453921793, 59.95891688864474], [10.710150734868535, 59.9588587966445], [10.710161602468192, 59.95876239766772], [10.710150500323623, 59.95870412799819], [10.710179565407886, 59.958627834038765], [10.710233431948842, 59.95854695248341], [10.71028927239651, 59.95848960420167], [10.71034077377582, 59.95840343002904], [10.710440202282735, 59.95832241402856], [10.710412457576862, 59.95827771981992], [10.710459048496501, 59.958230860286875], [10.710537752935569, 59.95817002982049], [10.710616563202732, 59.95812359048969], [10.71070455149535, 59.95806998627242], [10.710692081991851, 59.95801949511952], [10.710761315952274, 59.957984702882705], [10.71079898568693, 59.95791534303793], [10.710842244672804, 59.95779311224538], [10.71084222077097, 59.9577212665168], [10.71080659295906, 59.95764052839721], [10.710788455822735, 59.957568721733196], [10.71072365581666, 59.95746401438709], [10.710761502657855, 59.95739466033045], [10.710824234867733, 59.957335287854846], [10.71084239286132, 59.95725459238633], [10.710860323954032, 59.957218579212864], [10.710914164911056, 59.957155859680746], [10.710967674864323, 59.95711093371183], [10.711021548075001, 59.957101987555255], [10.711164740048272, 59.957128860013334], [10.711271421315274, 59.957123340523104], [10.711334158606295, 59.957079165013106], [10.711365817305186, 59.95703820373441], [10.7114286300431, 59.95697820391099], [10.711460141885054, 59.95686773000385], [10.711510657358668, 59.956814075081304], [10.711549755392975, 59.95671149072541], [10.711677412271378, 59.95665612011676], [10.711906932240232, 59.95676681891657], [10.711969957512805, 59.9567952165014], [10.71211454812731, 59.95685837047746], [10.712315892142543, 59.95694989713595], [10.71252362950089, 59.95703497814654], [10.712756348809839, 59.95712653610263], [10.7129578069342, 59.95719918248583], [10.713159052735277, 59.9572748795858], [10.7132785716476, 59.95732534660823], [10.71349256387942, 59.95741062872059], [10.713731736424139, 59.95751471456189], [10.713838523520408, 59.95756521622595], [10.714084027425837, 59.95768830002865], [10.714461351530186, 59.95791233432884], [10.71476966259508, 59.957827139350066], [10.714901904701785, 59.95778621176892], [10.715052938394091, 59.95774832336699], [10.715229017296629, 59.957691466672394], [10.715380218057073, 59.95765367271483], [10.715493496794336, 59.95762210890907], [10.715506184720413, 59.95755589167058], [10.715531235503075, 59.95750221597955], [10.71558783075567, 59.9574264563907], [10.715669791279067, 59.957344508429294], [10.715757876363092, 59.95728452005144], [10.715846001431936, 59.95719926571621], [10.715818406309213, 59.95713812223239], [10.715800436232493, 59.95706632207178], [10.71572039296463, 59.957022536236], [10.715657344338103, 59.95697210951754], [10.715588123591898, 59.95689315749333], [10.715512798107474, 59.956814276725986], [10.715411973829083, 59.95676064343866], [10.715305128536626, 59.95671337797706], [10.715154163930336, 59.956656494850016], [10.71512268622724, 59.95657130659639], [10.71516663553841, 59.956467171593594], [10.715198321764467, 59.95637882260319], [10.715147740826485, 59.956299937003884], [10.715084943985607, 59.95622263282356], [10.715003264340963, 59.95618319864082], [10.714965568858165, 59.956129460256044], [10.71489627210263, 59.95603171275424], [10.714839887384146, 59.95594643322867], [10.714751708211928, 59.955886556548336], [10.714562809508115, 59.95581387186175], [10.714569265377566, 59.9557223643413], [10.714537976993519, 59.95565930259012], [10.714548203929628, 59.955630142040626], [10.714494639491292, 59.95553137708681], [10.714475103062005, 59.95547310323649], [10.714412237978452, 59.955365853200746], [10.714405980419286, 59.95529641185193], [10.714418460433164, 59.9552553657838], [10.71446268545463, 59.955144944979025], [10.71451270976071, 59.95508255009281], [10.71452555577707, 59.954977673446535], [10.714530820769625, 59.954912024266555], [10.714513199065859, 59.95481676647289], [10.714495166861562, 59.95475935055143], [10.714405564686428, 59.954696639684336], [10.714286740122771, 59.95465887418695], [10.714173065755148, 59.95457991437434], [10.714173432336686, 59.95453271902018], [10.714186229183131, 59.95446012104024], [10.714179979512519, 59.954412799688114], [10.714226918103622, 59.95434652823313], [10.714328777850186, 59.954329700266776], [10.714441670269927, 59.95429273013112], [10.71462068399949, 59.95426573298387], [10.71476394034343, 59.95428370192721], [10.714882728146677, 59.954298176184814], [10.715234880945081, 59.95421611561258], [10.715279195742022, 59.95416873148188], [10.715247729944748, 59.95410566410974], [10.71521620581609, 59.95402362173272], [10.715191071129881, 59.95395734294413], [10.715172277437643, 59.95384064674449], [10.715175659417719, 59.95374517343902], [10.715139953599975, 59.95369131942779], [10.715121969969651, 59.953584989718834], [10.715128240428985, 59.953528184808235], [10.715122074432312, 59.95342197000964], [10.71509075355512, 59.95332311999128], [10.715071755331405, 59.95328842239765], [10.715034069171685, 59.95319997556097], [10.715002657838276, 59.953099053807264], [10.715027754934123, 59.95304223229215], [10.715078155900928, 59.952960247547736], [10.714996254151151, 59.95291289296853], [10.714914512176632, 59.95289063190062], [10.71481789791786, 59.95286554905815], [10.714725808223081, 59.95282766462687], [10.714587451992108, 59.95276768290744], [10.714495018823786, 59.952693640351875], [10.71444907852489, 59.95262884249069], [10.714424325960982, 59.952569320643924], [10.7144048988546, 59.95253101264977], [10.714298045481616, 59.952474213795256], [10.71417209110777, 59.952423717353476], [10.714138000943297, 59.952344918902774], [10.714084289719978, 59.95230000955518], [10.713977308512506, 59.95219015490171], [10.713933261096507, 59.95215230411274], [10.713870306541917, 59.9520513455248], [10.713820038404325, 59.95195349580131], [10.713801015193969, 59.951874647936954], [10.713794519967438, 59.95180843572349], [10.713725720452407, 59.95172634912739], [10.713618787484648, 59.95166325307387], [10.713499231200792, 59.951593812121], [10.713442642973114, 59.95155591299694], [10.713467902002328, 59.95142023808816], [10.713436370480892, 59.95135078364368], [10.713368672835166, 59.95127682503504], [10.71339230115633, 59.951211953179076], [10.713279414844683, 59.951106221672724], [10.713243535651815, 59.95105236134781], [10.713189803354018, 59.950953589995336], [10.713136171771916, 59.9508997814456], [10.713010919152895, 59.95083698748076], [10.712903513218453, 59.95078313700938], [10.712849995350133, 59.95073814474135], [10.712903557052737, 59.95068440737681], [10.712992998189948, 59.95064847393588], [10.713100361307445, 59.950612583436566], [10.71317221124094, 59.95055881235156], [10.713225806642495, 59.95050480676652], [10.713315307075158, 59.95044207922212], [10.713261615958649, 59.95041506460471], [10.71308268690617, 59.950379208539246], [10.713028897024746, 59.950361272542594], [10.712903391206218, 59.95030737239689], [10.712796348191334, 59.9502715175202], [10.71272472423031, 59.950244547804026], [10.712562134615398, 59.9502085031639], [10.712505625191621, 59.95015478112712], [10.712467923782638, 59.950123340999454], [10.712461620697752, 59.95005704540398], [10.712361035496363, 59.950012857903836], [10.712266718680546, 59.94996869494994], [10.712223905500519, 59.94992135229912], [10.712241709119866, 59.94984055510997], [10.71222384637763, 59.949795733908616], [10.712223976296116, 59.949670031332325], [10.712188275981807, 59.949598192285215], [10.712152491797909, 59.94955332704621], [10.712080851065338, 59.949490479496916], [10.712045154949935, 59.94943662457304], [10.712045027536757, 59.9493558732976], [10.712203790702256, 59.949299536845686], [10.712248025496134, 59.94923335769419], [10.712279443263366, 59.94917341536664], [10.712259856246263, 59.94912251283694], [10.71230467720371, 59.94905041813458], [10.712273246701335, 59.948974672492675], [10.712235561606478, 59.948886314709625], [10.712241781356182, 59.94881053483697], [10.71229858857947, 59.948709517352825], [10.712292236436598, 59.948611748202055], [10.712260870353758, 59.948520269122774], [10.712392946098673, 59.94843186157045], [10.712499887560632, 59.94831188385833], [10.712512581962216, 59.94813200979848], [10.712525157947065, 59.94799322416985], [10.71262580893379, 59.9479426396315], [10.712701390680886, 59.94788907985184], [10.712789353160774, 59.94785759436479], [10.712883763197105, 59.947781808199096], [10.712927730711913, 59.94772182487646], [10.712959250323571, 59.94762088303678], [10.71294039644538, 59.947554628263624], [10.712758156219115, 59.94745994582699], [10.712672074311518, 59.94736326840948], [10.71258259858917, 59.94725542090575], [10.71253799266972, 59.94714435752399], [10.712481297733323, 59.94709071873964], [10.712412250735486, 59.94700232803754], [10.712349938956743, 59.94686047560666], [10.712336735127302, 59.946800429855415], [10.712254869037858, 59.946683657409125], [10.712078819614614, 59.946560580969376], [10.711959241699775, 59.946516404425914], [10.711902713053398, 59.94647535956652], [10.711751774969777, 59.94637432124067], [10.711625874464213, 59.94631114560651], [10.711545950410782, 59.94627221569577], [10.711594525074766, 59.9462639064041], [10.711758116582239, 59.946244954463516], [10.712236120935481, 59.94615657073885], [10.712940923769207, 59.9460178395951], [10.713349645439111, 59.945957859460854], [10.713909643197418, 59.945863235835866], [10.714255693275133, 59.94580966519383], [10.714375043165122, 59.94580015128295], [10.714708456059626, 59.94575282224788], [10.715004242509108, 59.94572755742806], [10.715553154296742, 59.94571169534378], [10.715911102713468, 59.94571164976069], [10.716483509694276, 59.94572064659221], [10.717073949992928, 59.9457745572282], [10.717525786940184, 59.94583303980282], [10.7169487957035, 59.9448052991817], [10.716465858457767, 59.94388078360036], [10.71596475861458, 59.94294722221973], [10.715588980005895, 59.94222014309505], [10.715445834399707, 59.94196874882825], [10.715302701707703, 59.94175332184687], [10.715052078442438, 59.94159167611966], [10.714752553430761, 59.94141045495946], [10.714664619123386, 59.94132540772492], [10.714604964968103, 59.94115190108416], [10.714570596563947, 59.940817453217605], [10.714362940336583, 59.94074496506599], [10.714416694012218, 59.940727022204726], [10.71530020875523, 59.9405398754477], [10.716212132502601, 59.94029088377372], [10.717256292543325, 59.9400100397006], [10.717117830103009, 59.93983334246469], [10.717011033266576, 59.939694541040645], [10.71689150978075, 59.939533565879756], [10.716696565355605, 59.93929055854245], [10.716564095238875, 59.93909805012909], [10.71631299704519, 59.93887084018513], [10.71639470589586, 59.93877935263567], [10.716463872173257, 59.9387225256378], [10.71655199200376, 59.938634124967066], [10.71662125781476, 59.93853629850199], [10.716564743030464, 59.93842583770207], [10.716495402253257, 59.93835641255388], [10.716325835305495, 59.938163955601674], [10.716218830851425, 59.93802820455205], [10.71605543928396, 59.937842062536696], [10.715911969406168, 59.93768758985819], [10.71578655845279, 59.93755285752801], [10.715661406942298, 59.9374272153297], [10.715554096000565, 59.937310516308614], [10.715433139408653, 59.937163520061674], [10.715375419663312, 59.93708601985541], [10.715256925709145, 59.93696158312052], [10.715137570418573, 59.93682578799189], [10.715043216854383, 59.93670591311658], [10.714963992934141, 59.93659237537839], [10.714911299326955, 59.93651342020957], [10.714841972665512, 59.93640928651714], [10.71480434076889, 59.936317783416484], [10.714779170363867, 59.93625465024309], [10.714747745053842, 59.93617890504433], [10.714716315084255, 59.93606854037867], [10.714710085005812, 59.93598642134757], [10.714710110703917, 59.93590441587681], [10.714713705393015, 59.935829451188226], [10.714697444095401, 59.93575285048855], [10.714606393133636, 59.93567678294001], [10.714481175795498, 59.9355960967036], [10.714263657177801, 59.93543102952416], [10.71410643355438, 59.935333205811155], [10.714012315605535, 59.93526701949649], [10.713837499645892, 59.935165295381516], [10.713647758707628, 59.935033502310425], [10.713426221006781, 59.93488709628385], [10.713247608952877, 59.93477041110012], [10.71299712733352, 59.93461784644389], [10.712805291113396, 59.93449398660196], [10.712562788575722, 59.934541660889025], [10.712396647676062, 59.934364595393326], [10.71230873487337, 59.93429204578172], [10.712076248370101, 59.93409321727667], [10.711874815313587, 59.93394800181887], [10.711730411527373, 59.933821818310136], [10.711530941326766, 59.93367531768705], [10.71129848978557, 59.93353169935318], [10.71103018726849, 59.93335220364361], [10.710672641150678, 59.93311881569859], [10.710905230157557, 59.93296624644757], [10.71096416991809, 59.932927523020815], [10.710490058052828, 59.932743479724216], [10.710372657569977, 59.932695324764616], [10.709989400791617, 59.93253752858168], [10.709775494594235, 59.93244594491242], [10.70933550447345, 59.93227245103638], [10.709134638832934, 59.932035801299946], [10.709002454349918, 59.93187485414151], [10.708659292402645, 59.931470992751585], [10.707537778961198, 59.931694841830684], [10.707342755349023, 59.93173569115784], [10.707150351428941, 59.93178121160386], [10.70693399513789, 59.93183044751859], [10.706644821020754, 59.93188719889294], [10.706456181622206, 59.93193131251123], [10.706248763468336, 59.93197238614241], [10.70603484943486, 59.93201657467906], [10.705683531681236, 59.93207723178146], [10.705405972008446, 59.93220890336597], [10.705128927475629, 59.93232827133895], [10.70466392515168, 59.9325168607935], [10.704406094828656, 59.93262201824828], [10.70422994923968, 59.932713473899696], [10.703966245569095, 59.93286672595225], [10.703697790978556, 59.933001298384724], [10.703550488867638, 59.93312040131946], [10.703324104249633, 59.933227571742364], [10.703179567384117, 59.93329074412146], [10.702959397764177, 59.933378963860136], [10.702625997487768, 59.93347679657594], [10.702286478941549, 59.93357757514171], [10.69970182014766, 59.93411678133054], [10.699248955434115, 59.93421133276862], [10.69875847495059, 59.9343154445741], [10.698444069932023, 59.93437854885364], [10.698211246809265, 59.93441635234212], [10.698054082682344, 59.934451051821554], [10.697669503644164, 59.9345260688259], [10.697418918907106, 59.934570933415614], [10.697136055920886, 59.934611865942856], [10.69689692142934, 59.93464028828357], [10.696595211530916, 59.93467179195601], [10.696349758594728, 59.93470333385473], [10.695969978852757, 59.93475925989944], [10.695666170808728, 59.93478619626653], [10.69537982683911, 59.93482215548219], [10.695129810281614, 59.93485156860334], [10.694922394517713, 59.93487994608021], [10.694595484225989, 59.934917814321985], [10.694306613011154, 59.934956655224404], [10.693949125730029, 59.93500781990454], [10.693662635542168, 59.935064181862145], [10.693412210750326, 59.93510913459573], [10.693215390254167, 59.93515386209099], [10.692982806306508, 59.935207669533504], [10.692790374902922, 59.93526135188077], [10.692488413792065, 59.935340225663175], [10.692159722736804, 59.935413817611646], [10.691928520369483, 59.935469377446736], [10.691739857411092, 59.93552300180401], [10.691538478445914, 59.93557656983499], [10.691154847505763, 59.93566472740271], [10.690840237469725, 59.93574021641424], [10.689064368707292, 59.9361848330124], [10.685430944750287, 59.937076807274764], [10.684487551795993, 59.937310259786905], [10.68376869361689, 59.93745826706307], [10.683235998896789, 59.9375940304956], [10.682945843892037, 59.93764656350732], [10.682838409533197, 59.93767343486686], [10.682730974953996, 59.93770030524197], [10.68260587432534, 59.93773621871913], [10.682498439352498, 59.937763088906244], [10.682373172339414, 59.937798907282925], [10.682301564093246, 59.937825873555255], [10.682176298372205, 59.93786169082624], [10.682086857743354, 59.937897603435665], [10.68199743030734, 59.9379334268998], [10.681907979527079, 59.937969429326536], [10.681836309231937, 59.93800511604919], [10.681746952887337, 59.938050023887946], [10.681639429033567, 59.93812158171593], [10.681549964382144, 59.9381755672709], [10.68097760773655, 59.938552358065635], [10.680905746089923, 59.93858812753078], [10.680834133189943, 59.93863298732184], [10.68078052862171, 59.93868680003812], [10.68065025948486, 59.938763725774606], [10.680583629091503, 59.93880335321282], [10.68052453523235, 59.93884565621031], [10.68045823432217, 59.93888412529089], [10.68037964659133, 59.9389371191087], [10.680335583298325, 59.93896858412659], [10.680181510067682, 59.93904113160037], [10.680100285263423, 59.93908135963078], [10.680046515462848, 59.939099288578376], [10.680002143151631, 59.939126247921045], [10.679913994710327, 59.93915770579634], [10.679851268232241, 59.93917974630208], [10.679782029082789, 59.93920499071084], [10.679724337856262, 59.9392337613562], [10.679567917755382, 59.9392775467289]]]}, "properties": {"FID": 17, "kommunenum": "0301", "BYDEL": "07", "BYDELSNAVN": "Vestre Aker"}}, {"type": "Feature", "id": 18, "geometry": {"type": "Polygon", "coordinates": [[[10.845182469431574, 59.8167685022157], [10.844740650357757, 59.81670229013014], [10.844345713117596, 59.816656710759396], [10.843982628626355, 59.81661483516913], [10.843292915238852, 59.81653511145201], [10.843239157507323, 59.81652810612852], [10.842873378333705, 59.81648065701206], [10.841457922776398, 59.81628813462905], [10.840977809102151, 59.81623418434231], [10.840263698537832, 59.81614692898356], [10.839703449096827, 59.816205794464494], [10.839183080564261, 59.816212602877414], [10.838548212356399, 59.8161513141872], [10.838144105221255, 59.816082048098686], [10.837748608180027, 59.816035352128424], [10.836861007143265, 59.81624226007937], [10.836314846174623, 59.81653407185316], [10.836162822433504, 59.8166634027768], [10.83601414436202, 59.81696169631993], [10.83552436392769, 59.81698078868198], [10.835010148062597, 59.816993979481126], [10.834964168407339, 59.81699189210357], [10.834338448134154, 59.81691019433042], [10.833805797778883, 59.816882334697254], [10.833704278337951, 59.81690465028569], [10.83330441731206, 59.816992761772525], [10.832690510102795, 59.81712497331801], [10.832389287819966, 59.817165229888424], [10.831904872269323, 59.81728554132518], [10.831433099362476, 59.817330455237254], [10.828775136033311, 59.81747537142753], [10.827300719180517, 59.8175600042788], [10.826627626254238, 59.81759428069869], [10.825820822580953, 59.81763842281493], [10.824270544815846, 59.81772276924106], [10.822459332312778, 59.8178219984632], [10.821140687197857, 59.817894253001], [10.82003580305822, 59.81795468231766], [10.819306282690032, 59.81799458956465], [10.817347093218036, 59.81810180839631], [10.817260101744656, 59.81812915941452], [10.817129473628986, 59.81835904691778], [10.81681864793356, 59.818805462103455], [10.816468527893734, 59.81928605287421], [10.816387020810874, 59.81940052499816], [10.816233024701049, 59.81961734857721], [10.815984395898555, 59.819966389649814], [10.815881600676727, 59.82011102400754], [10.815789228419392, 59.820240884977856], [10.815572856770471, 59.820516413560156], [10.815441844528443, 59.82070654496464], [10.815404378908541, 59.82088257132376], [10.815372900742092, 59.82104647054692], [10.81538647059432, 59.82149143704315], [10.815353806123849, 59.82202016915544], [10.81534385502461, 59.82222305744361], [10.815266130316129, 59.82251487029432], [10.815227343422935, 59.822695710107965], [10.81515965662338, 59.82286636899007], [10.815097851031915, 59.82300727374677], [10.814994517120951, 59.82312194890458], [10.814955311461468, 59.823165387337774], [10.8147397144273, 59.82341036922167], [10.814569342864559, 59.823600954329294], [10.814459641287476, 59.82370517677349], [10.814243876183822, 59.82391023089876], [10.814241103870476, 59.82391239060694], [10.814184427439466, 59.823958419286804], [10.813916545493207, 59.82417601850671], [10.813679482802012, 59.82436861385984], [10.813444430294464, 59.8245593847072], [10.813229257429771, 59.82473406524949], [10.812900141730546, 59.82500114296735], [10.812456031125048, 59.8253618412747], [10.81201286871298, 59.82534421026224], [10.811658017060152, 59.82533011330072], [10.811548788114768, 59.825323934103245], [10.811461014356638, 59.82531897827352], [10.810958030077236, 59.82528145357039], [10.81037385537309, 59.825237742740775], [10.810152171156927, 59.82522123295028], [10.810029574007832, 59.82521201913955], [10.80950997483236, 59.82517315015955], [10.809430529817863, 59.825167289855884], [10.80941919169225, 59.82516656914627], [10.809252950890318, 59.82515650149083], [10.809206851713135, 59.82515386237625], [10.808340863743346, 59.825103221772004], [10.808187339275634, 59.82509427767672], [10.808116251721573, 59.825090121436546], [10.806787904493191, 59.825012670562806], [10.80601323803267, 59.8250196870705], [10.805903464785297, 59.82502067897667], [10.80569803424733, 59.825012682342376], [10.805444365174209, 59.824999190287144], [10.80542042119341, 59.82499788593089], [10.805385116808058, 59.82499603955594], [10.805271754906743, 59.82499008342178], [10.805081145226094, 59.824956573845405], [10.804706470502353, 59.824891472425364], [10.804676585428801, 59.824886292075796], [10.804592676067255, 59.824860594715076], [10.804512719756941, 59.82484320595835], [10.803915469943847, 59.82471345028189], [10.803674026454136, 59.82466105184823], [10.803568001352819, 59.82463797426355], [10.80332362268987, 59.82458620103328], [10.803142397261544, 59.82454768391309], [10.803021513515905, 59.824522063794994], [10.802861492045242, 59.82448817952261], [10.802542020075808, 59.82443148779631], [10.802539574018446, 59.824431050662405], [10.802217302464522, 59.82429028916997], [10.801902863111714, 59.82417810002263], [10.801535688130507, 59.82401818845783], [10.8011048107988, 59.82382108431044], [10.800320306494768, 59.82347429640383], [10.79982137449037, 59.82329020772919], [10.799156972713172, 59.823085810590456], [10.798741328712373, 59.822979099747045], [10.798528134332928, 59.822980374771525], [10.7984453712136, 59.822981055097856], [10.798282402002632, 59.82299328711807], [10.798095628183223, 59.82300736572678], [10.798086099794327, 59.823007869570574], [10.797897166863086, 59.823017832349485], [10.797672112407108, 59.82302960685855], [10.796536518997463, 59.82305280543098], [10.796153573408901, 59.82306060474837], [10.796047584513463, 59.823062787978685], [10.79578463424086, 59.82313853480919], [10.795366464178025, 59.82317640539963], [10.794972786399338, 59.82321829487009], [10.794881283660535, 59.82322453776212], [10.794347047026983, 59.82326093807017], [10.792283350139197, 59.823267607049544], [10.790411981757385, 59.82349746025415], [10.790331709034016, 59.823476995545455], [10.789972560776373, 59.82338546332997], [10.789212389733036, 59.82342916965823], [10.788692603601985, 59.82357858501942], [10.788440254731542, 59.82364233862403], [10.788164479165365, 59.823711994890864], [10.787872996076658, 59.8238296114246], [10.787574285802444, 59.823894215088515], [10.787385762819538, 59.823924856273464], [10.787192293508221, 59.82398474130214], [10.786843750873832, 59.824103044234896], [10.786777308058495, 59.82412572968384], [10.78563274407386, 59.82426175082268], [10.785277551050171, 59.82429423648718], [10.784599789614306, 59.8244005343613], [10.784307549014137, 59.82446470864085], [10.783667750268272, 59.824601172706686], [10.783582596277155, 59.82461930046254], [10.783229048314176, 59.824744536035354], [10.782621131582815, 59.824940822567164], [10.782435379639352, 59.825042579748754], [10.782345753869876, 59.82509176383546], [10.78219202898551, 59.825176116027386], [10.78213716919369, 59.825201778599364], [10.781950596108224, 59.82528885220786], [10.781362651103324, 59.825617770938685], [10.780922754076386, 59.82588175616437], [10.77961204412344, 59.82592310556489], [10.779205027465913, 59.825935927541195], [10.777522807020459, 59.8262396546306], [10.77734862054555, 59.82623028094931], [10.777023279141615, 59.826212991265976], [10.776763923582365, 59.82619926026077], [10.776622666662595, 59.826110469070855], [10.77591157468889, 59.82566509563567], [10.775665627484003, 59.825499206008125], [10.775575470509708, 59.82545251809069], [10.775392569397738, 59.82533307365836], [10.775309666435426, 59.82529255328345], [10.775222900511944, 59.82523320647484], [10.775226759471565, 59.8251830674356], [10.77511532637677, 59.82511546419399], [10.774921356956447, 59.82508189184436], [10.774872421341389, 59.82500308060272], [10.774863932203292, 59.824915139169214], [10.774771573303097, 59.824881598095885], [10.77476207273718, 59.824818530561224], [10.774550683586797, 59.824646376994956], [10.774476911297763, 59.82455642651298], [10.774385069188199, 59.824513190620976], [10.774254105878393, 59.824495400797936], [10.774202768356464, 59.82442990913536], [10.774159667854603, 59.82440928102357], [10.77413540740856, 59.824382335389345], [10.774118012175737, 59.82437727973718], [10.774057663421695, 59.824285693026624], [10.77406692920339, 59.82422250986161], [10.774036874362173, 59.824204639231354], [10.774050089114949, 59.82419337504382], [10.773911536220393, 59.82413406992273], [10.773824576607922, 59.82405376530611], [10.773732917300396, 59.82400208198124], [10.77361620439471, 59.823956427046866], [10.773516551570296, 59.8239213011753], [10.773440299419486, 59.82387766681003], [10.77335505013266, 59.82386413433857], [10.773227972182166, 59.82380870393133], [10.773080490343334, 59.82379164123216], [10.772753884172294, 59.8237268238821], [10.772748507372908, 59.8237255724267], [10.772552010747885, 59.82368526126333], [10.772540086966789, 59.82368352945392], [10.772453623175576, 59.82367112648775], [10.772302265084464, 59.82364944199579], [10.772106129342786, 59.82363162159902], [10.772016893967027, 59.823600246057715], [10.771892348693049, 59.82358679723454], [10.771847662259034, 59.82354633585251], [10.771747785246475, 59.82353269124813], [10.771553297353602, 59.82350611141933], [10.77123307361995, 59.823910139614085], [10.77114402464785, 59.8240897142122], [10.770716966827683, 59.82459244812377], [10.770824133982735, 59.82484829269872], [10.770782647437413, 59.82492185721276], [10.770770905388016, 59.824942610085714], [10.770774818961522, 59.82497789292529], [10.770788935453512, 59.825108636171954], [10.770655509004609, 59.82521853531163], [10.770598066071441, 59.82526587076667], [10.770576102247114, 59.82528413582762], [10.770521880386172, 59.82532860767747], [10.770032001465227, 59.8256339293621], [10.769755994738453, 59.82592572438546], [10.769524527029908, 59.82613676880058], [10.769417853042674, 59.8262848433889], [10.768873581769796, 59.82656826895556], [10.768615978556777, 59.826702401310946], [10.768544900333426, 59.82681907212084], [10.76836661934832, 59.82689533457092], [10.76806397716985, 59.82709293513507], [10.768072755359754, 59.827182684534066], [10.767680819116249, 59.827286053315895], [10.767084128319189, 59.8277512131297], [10.766692100146054, 59.8280744220774], [10.766460610167199, 59.82830785128698], [10.766237962362098, 59.82846045893473], [10.765614282907537, 59.82871191074199], [10.765151149241072, 59.82910251021269], [10.764793289245882, 59.829542987497106], [10.761597093898645, 59.8305197456349], [10.74401966765589, 59.839283203284396], [10.741253064771028, 59.8473480646969], [10.7736290012964, 59.84280281703238], [10.774926797290084, 59.84217035004162], [10.775053596250348, 59.84202723285844], [10.77535642980007, 59.84189786706531], [10.775569525964908, 59.84171391453862], [10.775807615098817, 59.84161600515713], [10.776283816753372, 59.84148330664613], [10.77670335719851, 59.841233873647006], [10.7767895663442, 59.84121767209383], [10.776958678834527, 59.84110711408414], [10.777096606646813, 59.84100292717994], [10.777616788976228, 59.84080087384157], [10.777811291496818, 59.84081971041868], [10.778005561561889, 59.84082909759198], [10.778181385438735, 59.84084166886015], [10.778475849612857, 59.84081615005515], [10.778814061662532, 59.840579474225514], [10.779127449785776, 59.84027645162394], [10.779318028246465, 59.840019028275705], [10.779531468354394, 59.83951641958413], [10.77954814289393, 59.83895084564687], [10.779440346989325, 59.83844826122837], [10.779407957519302, 59.838307762090864], [10.779828476034133, 59.838496870979135], [10.780047881078263, 59.8385883467433], [10.780617282068945, 59.83877701774035], [10.780976382560379, 59.83890669524052], [10.78135909108075, 59.83903901712487], [10.781553584611181, 59.83911143802957], [10.781879953239901, 59.83928798668902], [10.782152816505565, 59.8395061577674], [10.782277958647079, 59.83959577334419], [10.782509992879502, 59.83977522704797], [10.782617143407634, 59.83984610237615], [10.782721261682049, 59.83991553132932], [10.7829658484188, 59.84002273574533], [10.783399175152567, 59.84032544659849], [10.78353742179707, 59.84050207000496], [10.783653309715962, 59.840690204429286], [10.783487983704955, 59.84081761621274], [10.783547019499343, 59.84105823636333], [10.783644261379115, 59.841094534731525], [10.783904220917503, 59.84125537049375], [10.783833118816661, 59.841425997140576], [10.784654212650892, 59.84171299760743], [10.784494454005634, 59.84216185793374], [10.783746656749495, 59.842473976418916], [10.78394275195209, 59.84264678963641], [10.784199655423498, 59.84320288513536], [10.784525865717411, 59.843275299396076], [10.784776821558307, 59.84330987236135], [10.784971137124213, 59.843344426997604], [10.785316183392268, 59.84339793175138], [10.785761682597993, 59.84348927328809], [10.786037551540627, 59.843558540581526], [10.786213272985007, 59.843593216351], [10.786276207611461, 59.843738289732315], [10.78611992313903, 59.84393397091168], [10.786126238871208, 59.84400970190962], [10.786176444091698, 59.84406337217794], [10.7864428718997, 59.84418044130161], [10.786785239595135, 59.844359647032924], [10.787024071257772, 59.844567723294084], [10.787155717749465, 59.84462454311753], [10.787318884271794, 59.84463705596417], [10.78752573259598, 59.84453596578815], [10.787676090783577, 59.844545190586636], [10.787833052446226, 59.8446462499253], [10.787757834432197, 59.84471253473881], [10.78778936456385, 59.84480085322583], [10.787946510702637, 59.84487647213291], [10.788278797078423, 59.8449773042953], [10.788831063975458, 59.84511899138009], [10.78910716068836, 59.84526711531493], [10.789170441494802, 59.84556352428858], [10.789333468074968, 59.845639330222056], [10.789685071145026, 59.84569914665559], [10.789829257758488, 59.845714824525295], [10.790205464302387, 59.84575249943589], [10.790468851361664, 59.84578080584539], [10.790525831871138, 59.845985838065126], [10.790570062233451, 59.846127792243976], [10.790656231410308, 59.84620661969808], [10.79073330190622, 59.84626978023516], [10.7908705431868, 59.84637712742414], [10.791049337646765, 59.84649362818829], [10.791245706745423, 59.84660116032873], [10.791493107213245, 59.84670789714752], [10.791727778040281, 59.84681638484205], [10.791844758798165, 59.84692856768286], [10.79193276833028, 59.847016894326224], [10.792108424306882, 59.8471271780136], [10.792190238905878, 59.84722492704338], [10.791876952192103, 59.847278827781366], [10.791789314804971, 59.84733878301883], [10.791720423355724, 59.84742712194246], [10.791720653874837, 59.847518573518826], [10.791934057484399, 59.847638428296285], [10.792022204645331, 59.84777090679128], [10.792085094962564, 59.84784026652541], [10.792122714926057, 59.84788759695302], [10.792185623704748, 59.84792854384943], [10.792267150851387, 59.84796639994711], [10.792405182438763, 59.847988441545546], [10.792568211554515, 59.84798520778209], [10.792729318188963, 59.84799153311684], [10.79292593795657, 59.848016617791245], [10.793157605183723, 59.84808112847934], [10.793402746009965, 59.84818041629407], [10.793597473663276, 59.848253004551644], [10.793791972552425, 59.848344377173554], [10.793786122442661, 59.84847690478521], [10.793830170221133, 59.848593585201606], [10.793949668364945, 59.848760873905334], [10.794113078301342, 59.84889324162099], [10.794213418646509, 59.84892792202938], [10.79433693850455, 59.84893331253589], [10.794497215623075, 59.848888267521055], [10.794790139727898, 59.84880466648626], [10.794934520918517, 59.84882034433047], [10.795122662686062, 59.84886448636812], [10.79543020225183, 59.848949492086106], [10.795605920661613, 59.84898730194895], [10.795668844073406, 59.849040924636505], [10.79573846163907, 59.84921129203496], [10.795859257875959, 59.84928070357768], [10.796147958492812, 59.84934370451046], [10.796514372500182, 59.849336180257374], [10.796792149565995, 59.849324381422896], [10.797130836786815, 59.84932415063525], [10.797419436647639, 59.849339850973855], [10.798172780913252, 59.84896417085154], [10.797594527615278, 59.848450077006554], [10.795963195581184, 59.84812268749291], [10.796225067470125, 59.84768499539664], [10.796384468508466, 59.84716436052557], [10.796048658782663, 59.847119364515244], [10.796211070813845, 59.84676588858653], [10.7951259184479, 59.846646481779814], [10.79530101778685, 59.846403377543105], [10.795348085185852, 59.84636604020272], [10.795601388605396, 59.84613191136241], [10.79581392779383, 59.845936131104594], [10.795453836170303, 59.84582741582973], [10.795637351624016, 59.845541692371455], [10.796276553063072, 59.845282590257696], [10.796433009108872, 59.84506388591321], [10.79657529525254, 59.844875298942874], [10.796628631168089, 59.84478547115291], [10.79634286956378, 59.84463300826644], [10.796395605524197, 59.84426496563053], [10.796480072492226, 59.84369517942604], [10.79641709061421, 59.84364775800544], [10.796732569105888, 59.84335825046799], [10.796732173483615, 59.84323262754392], [10.796760903983074, 59.84315226266038], [10.796735395596182, 59.84299769329814], [10.79560696132142, 59.84302670152748], [10.795656576119788, 59.84281213366007], [10.795781646783343, 59.8426353147335], [10.795881494143948, 59.842515325468085], [10.795950356221878, 59.842414306001096], [10.796094474171895, 59.84242053363093], [10.796364044973343, 59.842439315637236], [10.797204639588655, 59.84253039528025], [10.79772961644647, 59.84257685180326], [10.798107747738122, 59.84259622327606], [10.798302156067122, 59.84259614350079], [10.79849640444156, 59.84260864714527], [10.798657101964181, 59.842612345252086], [10.798995952566903, 59.842656982830796], [10.799424082154367, 59.84271058796105], [10.799709735744978, 59.84282707495779], [10.799811512987482, 59.84287150791954], [10.800245132181264, 59.8430600667185], [10.80054881793296, 59.8432305366761], [10.801066698967173, 59.84349056967728], [10.801513346179945, 59.843795531000616], [10.801665940402744, 59.843938603539605], [10.801835273960737, 59.844100552607706], [10.80203074890942, 59.844361253709806], [10.802093643765476, 59.8444590213936], [10.802238309766867, 59.84467350107225], [10.802300505777922, 59.8447824855658], [10.80233636158378, 59.8448453118756], [10.802390023456894, 59.84494404382891], [10.802443928906131, 59.84506067560021], [10.802551311162865, 59.84527612261229], [10.80265900490261, 59.84547350672135], [10.802766449955538, 59.84567996474791], [10.802849472437531, 59.84582503957882], [10.802937839523114, 59.8460269319933], [10.802981915742697, 59.84617337093651], [10.803017837781159, 59.84630795076951], [10.803045430880967, 59.8464589886224], [10.803072232904572, 59.84662196047691], [10.803090286442599, 59.84672962443749], [10.803108449255287, 59.84687325850542], [10.803090997950704, 59.84697196632051], [10.80307341696371, 59.84711562828877], [10.803035113230106, 59.847276251242064], [10.802931811657237, 59.84752857894501], [10.802896314105894, 59.84762725093814], [10.802825302831824, 59.84771705574221], [10.802771979115127, 59.84780688594845], [10.802700843577732, 59.847914670093665], [10.80257644955633, 59.84807632080155], [10.802469691398752, 59.84816615318309], [10.802291673583461, 59.84832788929281], [10.802184975823478, 59.848408732641545], [10.802095977000368, 59.84848951056682], [10.801989088185971, 59.84857043719621], [10.801905718422834, 59.84861650820927], [10.801927872615712, 59.84867179343408], [10.801937267909498, 59.8487673133318], [10.801974741403942, 59.8487422553129], [10.802055506639626, 59.84870832899726], [10.802115135539855, 59.84868047166298], [10.802254090107557, 59.84864426670469], [10.802371883826758, 59.84863130485951], [10.802497507667024, 59.84863135971985], [10.802642292963876, 59.84864101755954], [10.802720152494748, 59.848661306260055], [10.802772766619357, 59.84871172024762], [10.802804249690515, 59.84878231888179], [10.802848932565675, 59.84892113487318], [10.802980353912787, 59.84895032726921], [10.80314474129248, 59.84895476631664], [10.803366700863117, 59.84891221931387], [10.803533847837985, 59.848893367419535], [10.803713388782679, 59.848891006510684], [10.803917521492666, 59.84889203758844], [10.804291903898328, 59.84896441006133], [10.804382976865671, 59.84897486948479], [10.804512181032774, 59.84898906351219], [10.80478152851933, 59.84906959074943], [10.804877023583531, 59.84922926826353], [10.805248209871264, 59.849209373596864], [10.805665922796905, 59.849187545495376], [10.806138653891928, 59.84916450321378], [10.80637945978925, 59.84915105546291], [10.806602674900933, 59.84914531872501], [10.806840872202063, 59.8491483307236], [10.806997855261503, 59.849157653827994], [10.807146602865195, 59.84916851249005], [10.807414269808133, 59.84917731898458], [10.80759258067381, 59.84918615277661], [10.807775792568284, 59.849217081333], [10.807945019941098, 59.849261140697074], [10.808309188149119, 59.849393417928965], [10.80886021732867, 59.849553229930265], [10.809106389315218, 59.84968309160403], [10.809407985239083, 59.84988799924214], [10.809540024526141, 59.85000460082344], [10.80970347740039, 59.85012436135442], [10.809816669265805, 59.85019054886302], [10.80992330571999, 59.85023782563917], [10.810073787841949, 59.850266179573254], [10.81027136401467, 59.850288121349585], [10.810549191342567, 59.85032278024625], [10.810676376436382, 59.85034454696442], [10.810949601026731, 59.85037743965406], [10.81125339350062, 59.85041310513456], [10.8114730147095, 59.85042603677974], [10.811636156583315, 59.85042907680074], [10.811924660176182, 59.85041300191646], [10.812075287841745, 59.850387679683095], [10.812294716730218, 59.85033397742668], [10.812470250951499, 59.85026125409582], [10.812549021098016, 59.85022608861947], [10.812626464496999, 59.850178743322644], [10.812645396570035, 59.850090781810856], [10.812839455353776, 59.85003698961045], [10.813033580353864, 59.84999830611171], [10.81336627547065, 59.84995765089489], [10.81374295350925, 59.849935298965946], [10.814094179834859, 59.84993200643795], [10.81443306727938, 59.84995718256135], [10.815072819750329, 59.8500072211154], [10.815342484393295, 59.85002578575586], [10.815631143245318, 59.85009512641838], [10.815675393956354, 59.8501582152779], [10.816164835091072, 59.85025246720754], [10.816422961253844, 59.850536266726415], [10.816718813251775, 59.85087683319242], [10.816562025097825, 59.85090852845184], [10.816251288874696, 59.85102892470425], [10.816543827958983, 59.85110728772975], [10.81675695341914, 59.85110085216238], [10.81692677024309, 59.851242744991254], [10.817159004724811, 59.85132458220968], [10.817416128374463, 59.85133069470848], [10.81757228584838, 59.85140498587623], [10.817773874054271, 59.85143774423944], [10.818107493108451, 59.85144952561486], [10.818444829384715, 59.8514530625903], [10.818564167079897, 59.8515003762315], [10.818790404446242, 59.85164846618718], [10.818941147728578, 59.85171467068232], [10.819085451492414, 59.85172402534419], [10.819304828242936, 59.851761752188494], [10.819687479903815, 59.851720421305394], [10.819863208498784, 59.851789758048064], [10.819782323217728, 59.85195703230402], [10.8197511229735, 59.852023295884166], [10.819719689921973, 59.85206437526646], [10.81968267074653, 59.85222531191545], [10.819576344339216, 59.85233899888716], [10.819463857312096, 59.852459052707204], [10.819430444644793, 59.85249881121365], [10.819396019657646, 59.85263339550299], [10.819377705133697, 59.85270519327554], [10.819270804261127, 59.85282200815271], [10.819195362865642, 59.85296724737715], [10.819128874711167, 59.85308246993089], [10.819145724499075, 59.853150350789605], [10.818968669979066, 59.85323517360699], [10.818882707131035, 59.85327353018307], [10.81872638415097, 59.8534408326695], [10.81864837288342, 59.85351972325418], [10.818576264744198, 59.853611389562296], [10.818551642864145, 59.8537660667582], [10.818451519585908, 59.853854503897786], [10.818445504885739, 59.85393649381822], [10.818421021016917, 59.85419529575078], [10.818094963740053, 59.85428382952986], [10.817982862292219, 59.854574191239884], [10.817707086965443, 59.854643733107274], [10.817631841352387, 59.85471623747984], [10.81766974972216, 59.85478577770729], [10.817713870927305, 59.85484571514393], [10.817751570874368, 59.854905538230454], [10.817670764174249, 59.85496824491124], [10.817688866339157, 59.85507590744344], [10.817702252300228, 59.855205448936196], [10.817809125015016, 59.85529372672227], [10.817840926702615, 59.85543887024696], [10.817878672812396, 59.85555237269237], [10.817886844488115, 59.85574900311143], [10.817986642546485, 59.85601301648393], [10.817905476364663, 59.85611410524796], [10.817880678027011, 59.85624027404782], [10.817987750899201, 59.8563696492042], [10.818044392467854, 59.85644517924823], [10.818076230956645, 59.856543118883245], [10.81820200490827, 59.85669152026301], [10.818359904613835, 59.85700386633971], [10.818767461695591, 59.85693410720803], [10.819823235877653, 59.85723345268302], [10.81989740568872, 59.85725446867506], [10.820026137318266, 59.85729096489439], [10.820176000859151, 59.857335059302514], [10.820354518037036, 59.857390095918824], [10.820366631599814, 59.85737356109144], [10.820585606129578, 59.857075711845], [10.82106888770773, 59.85662649113901], [10.821319347229341, 59.85648105937381], [10.821613362096612, 59.85620942433171], [10.821600651477116, 59.856152644470086], [10.821242461163578, 59.85591629774074], [10.821229672341603, 59.855837396982565], [10.821273408434315, 59.85578376042501], [10.821411161706548, 59.85574578976575], [10.821605778762066, 59.85576456191732], [10.82186321046478, 59.85584961909697], [10.822095701797567, 59.855972455791694], [10.822183431739742, 59.85604816288102], [10.822396962513828, 59.85607005284869], [10.822341662103486, 59.856439277628944], [10.822248642958083, 59.856735913249416], [10.822136196508405, 59.85695379654714], [10.821955334297694, 59.8571969291231], [10.821742414379349, 59.85738644405438], [10.82159242605519, 59.85753174320478], [10.821398839464234, 59.857806389930296], [10.821286752010984, 59.85808110904173], [10.82119305031422, 59.858229365516635], [10.820917463484625, 59.85845375223853], [10.820786332972743, 59.85862104894693], [10.820749115481176, 59.8588262170745], [10.820761853076364, 59.85889558537556], [10.82078714454913, 59.85894611071716], [10.820812336365405, 59.859005984690675], [10.820894696261275, 59.85911308161777], [10.821018119075486, 59.8591821910576], [10.82128374024137, 59.85932748077968], [10.821503829725208, 59.85942825508949], [10.821698387182806, 59.859481821444604], [10.821949522977002, 59.85952900370196], [10.822288294359007, 59.85952870168138], [10.822433202928972, 59.859521837122955], [10.82275271265298, 59.85950670223668], [10.822851462073336, 59.85950202371148], [10.822924346382381, 59.85949857081741], [10.822965824609483, 59.859496606228575], [10.822973067194715, 59.85949718857144], [10.823084993244244, 59.85950617993949], [10.823092881495294, 59.85950681351397], [10.823261371043406, 59.85952035583453], [10.823274711669468, 59.859521424063935], [10.823520625762452, 59.85954118353543], [10.823638135964005, 59.85955062972041], [10.824132914462968, 59.85959036016894], [10.824321272038993, 59.85964066918021], [10.824954642348338, 59.85952663155917], [10.825581244333426, 59.85922005115926], [10.826653444917435, 59.85905196177237], [10.827355889130686, 59.85903550250872], [10.827423520521528, 59.85904214450467], [10.828159238651448, 59.859113862468746], [10.828560882043647, 59.85916400908876], [10.829228895586288, 59.85926818894053], [10.829461046290408, 59.859312865993154], [10.829671953077826, 59.8593872601626], [10.830098915448486, 59.85953207339267], [10.830928543269563, 59.85997000129759], [10.830860773827514, 59.86037093129659], [10.830824058635226, 59.86067385199781], [10.830774516290388, 59.860897962120426], [10.830756393335768, 59.861140960477115], [10.830763072165546, 59.861254552011104], [10.830746145509966, 59.86193870075268], [10.831039560843053, 59.8619326290708], [10.83139262099011, 59.86193563947459], [10.83177556278167, 59.86198266497564], [10.831870030356173, 59.862111896673824], [10.832160024101654, 59.86200330236985], [10.832364985840854, 59.86192842784892], [10.832452632937786, 59.86184956567583], [10.832653323038873, 59.86178309595426], [10.83269865872298, 59.86173373283984], [10.832828470998775, 59.86166933335133], [10.833144882949988, 59.86176936229479], [10.833323947137023, 59.86159008654252], [10.833279509264422, 59.86146387957438], [10.833323408282691, 59.86142597895673], [10.833599741844322, 59.861492008461575], [10.833693736599198, 59.86145093030255], [10.833831411332893, 59.86139082495088], [10.83419588456737, 59.8615324752472], [10.834227934704726, 59.86175332615221], [10.83435344339759, 59.861753256565855], [10.834573012132193, 59.86178152159379], [10.834930995192805, 59.86189796866804], [10.835163135120107, 59.86192294358553], [10.835652418486765, 59.86186884771871], [10.836003713472946, 59.86185596550068], [10.83668753356849, 59.86184587809599], [10.83715176706149, 59.86182335192695], [10.837760528379002, 59.86185449039227], [10.838149471687954, 59.86189503394146], [10.838664249976299, 59.86190718944497], [10.839016563891413, 59.86187185304658], [10.839209700225192, 59.86186564651638], [10.839492344131807, 59.86180131159726], [10.840139304403515, 59.861788601773654], [10.840239546396813, 59.861790423612426], [10.840470370268866, 59.86179448910183], [10.840596881884483, 59.86174921865653], [10.840773297428969, 59.8617466170806], [10.84113645866535, 59.861800361519045], [10.841517897008243, 59.861806580213816], [10.841974107707898, 59.861823884471534], [10.842169079412722, 59.86186592394196], [10.842335456928987, 59.86186354243635], [10.842962200066983, 59.86190673368099], [10.843307291312428, 59.861881947892954], [10.84348933148262, 59.861890130077164], [10.843561330591879, 59.861936282623056], [10.84370306648177, 59.86208246400669], [10.844125757795346, 59.86217063006311], [10.844217065618421, 59.86243569907021], [10.844334278077776, 59.862529224596706], [10.844569605565741, 59.862650400378016], [10.84523878606162, 59.862793375626985], [10.84562723549686, 59.862839454914834], [10.845827956888604, 59.86285128005754], [10.846071604403937, 59.862865810218366], [10.846303756686849, 59.862875032104505], [10.846467554975899, 59.86291482131706], [10.846932689400617, 59.86304405966679], [10.847258032939306, 59.863153147904384], [10.847911883072568, 59.86316561227632], [10.84813108301039, 59.86319842728442], [10.847306240992019, 59.862473497868486], [10.846694240187267, 59.861808153939144], [10.846385002597383, 59.861200832136106], [10.846258863027126, 59.86085095750505], [10.846131765640862, 59.86024965798184], [10.84598268463176, 59.8585174715175], [10.845926725442354, 59.85785332325556], [10.845978104358384, 59.85730585493416], [10.846242048908353, 59.85629135586936], [10.846381530218313, 59.855384595298005], [10.846450631533143, 59.854801002081835], [10.846268433468495, 59.85381367865042], [10.845870270678637, 59.85227007892275], [10.84563466787581, 59.851309927685975], [10.845705607207762, 59.85118404431348], [10.845901472830615, 59.85108530646322], [10.846293012856439, 59.85079773094388], [10.846298598490057, 59.84960900239861], [10.846515361244252, 59.84891462848357], [10.846577255054859, 59.84867786737298], [10.84675704884252, 59.848134995150694], [10.846924468005572, 59.84761106273369], [10.84702983271014, 59.84729223744342], [10.846859431715624, 59.84700525035599], [10.846854101799401, 59.8465797089734], [10.84737819172098, 59.846512467508795], [10.848255779571353, 59.84640756672758], [10.848368556588841, 59.84639161692931], [10.848348553150501, 59.84609499582811], [10.848330882346621, 59.844725350557724], [10.848112254649381, 59.843207746557084], [10.84852496162731, 59.84293288407747], [10.848529561253452, 59.84246908416447], [10.847477121280228, 59.842554255163385], [10.847969180366103, 59.84015341663233], [10.847934889902387, 59.839374056450445], [10.84796004945648, 59.838526262741745], [10.847936943029188, 59.838200141977076], [10.847884804406036, 59.838072438788004], [10.847814908091074, 59.83789804870742], [10.847617455648976, 59.837566149884786], [10.84738451196737, 59.83722521746083], [10.847115560335839, 59.83686651293456], [10.84672915695496, 59.83644268615579], [10.846587983759074, 59.836266942320556], [10.84627967756718, 59.835951768021424], [10.845958720197311, 59.83562063827882], [10.84627700131545, 59.83520712221688], [10.846420403990903, 59.8350112402056], [10.84706301654276, 59.83418700474027], [10.848076892845782, 59.83371274456298], [10.848535256070196, 59.8339332119658], [10.849389299083352, 59.83434267230445], [10.850173680607718, 59.83453440767806], [10.85481480693832, 59.83506317307325], [10.853859510522101, 59.83437308967292], [10.853355598162368, 59.83378652203947], [10.853214959737612, 59.833079874960106], [10.853578318102274, 59.83301635360809], [10.853947951468784, 59.83296552666473], [10.85451194701487, 59.8329302703395], [10.855635789102976, 59.83333938699453], [10.856438283272087, 59.83338276262687], [10.856595387281596, 59.83347097366146], [10.85655951966442, 59.833833894422185], [10.85718641718275, 59.833861659455415], [10.857192519917636, 59.833826965468056], [10.85838345102759, 59.83380345121671], [10.85822513866958, 59.83340608864262], [10.858563687010049, 59.833418466101186], [10.85982974723253, 59.83336664650263], [10.860803383853192, 59.83384525184677], [10.861919505462307, 59.833847311533006], [10.862804825574514, 59.83384955874571], [10.862809891421529, 59.83390941926194], [10.862804090920326, 59.83401362332967], [10.86292250354579, 59.83411292648445], [10.863143129537654, 59.83414576574798], [10.86331492802877, 59.834157557200605], [10.86343157157769, 59.834151787550944], [10.863644616417645, 59.83414212885667], [10.863826292202953, 59.83411035347237], [10.86399234276695, 59.834085010079036], [10.864170501570575, 59.83407578084452], [10.864313464879306, 59.83410257761194], [10.864456305762484, 59.8341562541251], [10.864704888596119, 59.83427035046609], [10.864836143636415, 59.834226018281804], [10.865011446513577, 59.83417219220782], [10.865192854396025, 59.8340835834057], [10.86547444372999, 59.833947684988686], [10.865605842189646, 59.83389067929013], [10.865856347324025, 59.83382096686885], [10.865969340842412, 59.83379565908965], [10.866269808985606, 59.83374792651859], [10.866470262053268, 59.8337130527826], [10.86668963181355, 59.83371284892484], [10.866897414564939, 59.83371389856464], [10.867147120565315, 59.83372256072701], [10.867486113234174, 59.8337530002305], [10.867950302616299, 59.83382819516029], [10.868339320632206, 59.833916130248966], [10.868697149146566, 59.83399777875755], [10.868966756974146, 59.8340605597947], [10.869217184808942, 59.83411527394461], [10.869502773462766, 59.83416875615218], [10.869823981098602, 59.83420438504281], [10.870020226381921, 59.834222149954066], [10.870144931979576, 59.83422193273301], [10.87029651046345, 59.83419801480919], [10.87041226721798, 59.83414896439804], [10.870500085154987, 59.83387147207815], [10.870513461201796, 59.8336454969059], [10.870300341748942, 59.833645723406875], [10.870024400268782, 59.83362392590654], [10.869880227005632, 59.833624160055614], [10.869711033926363, 59.83364320900891], [10.869734205303287, 59.83320148711317], [10.870057321459349, 59.83257642224872], [10.870849336452876, 59.831587835833], [10.870912756418054, 59.830394916176296], [10.871013631063366, 59.82908853653413], [10.873251347970127, 59.82905443943312], [10.873721272903373, 59.82902235212801], [10.873950961501727, 59.828555105778534], [10.87423784997968, 59.828217148526974], [10.874711446849323, 59.82758861764792], [10.872283548703777, 59.827096002083316], [10.871216960437755, 59.82687629019707], [10.871287340894167, 59.826420856180015], [10.871251696102842, 59.826238746390366], [10.871368310447801, 59.82565808073651], [10.871403841100534, 59.82519417914516], [10.871457099973691, 59.824493560515585], [10.87147476563391, 59.824212694905746], [10.871480441879333, 59.82408331203027], [10.872438156620301, 59.823788822091416], [10.87277289377733, 59.823672652483936], [10.873026502435698, 59.82361462328782], [10.873320852615134, 59.823560660788466], [10.873806016534095, 59.823474117490925], [10.874316305609307, 59.823325964343034], [10.874572582093297, 59.82317423913112], [10.8746973304239, 59.82304787594005], [10.874730289668625, 59.82285380456201], [10.874720191441247, 59.822577732189686], [10.874719720336502, 59.82245462961958], [10.874728030521391, 59.82236012509646], [10.874709209214313, 59.82213574737575], [10.87468605380099, 59.82190889491555], [10.874671937984356, 59.82180370620291], [10.874672615776353, 59.82172901218133], [10.874672344348593, 59.821672089766196], [10.874691237520713, 59.8216247608956], [10.874690554783223, 59.8215711532658], [10.874721596429346, 59.82147331591982], [10.87475892738649, 59.821406874946646], [10.874808575238367, 59.82130584616393], [10.874883366603749, 59.82120794404907], [10.874964451413478, 59.82110682291491], [10.875032634307201, 59.821024806827374], [10.875095108406482, 59.82092687801336], [10.875140536338948, 59.82084549691881], [10.87518823431971, 59.82073424652441], [10.875206697493367, 59.82066154896233], [10.875236707292695, 59.82058211119052], [10.875254170254356, 59.82051028115317], [10.875305745890657, 59.820431160232594], [10.87534322439258, 59.82038369568705], [10.875393104921681, 59.8203269098964], [10.875430658266835, 59.820304801921345], [10.87554944705266, 59.82025098766224], [10.875680804608066, 59.82019082535275], [10.875818334196113, 59.82013705983673], [10.87596219621314, 59.82007684021591], [10.876062338139233, 59.82004527721218], [10.876214336386886, 59.819988549318815], [10.876350167519531, 59.81994704796946], [10.876525311609315, 59.819899497850855], [10.876766118504936, 59.81982631517058], [10.877122178329746, 59.819745150157004], [10.877478278125187, 59.819654994512895], [10.877745379898544, 59.81958281529524], [10.878030281197892, 59.81951973609933], [10.878226185778075, 59.81947463220111], [10.878493203360783, 59.81942043080017], [10.878724673995858, 59.81936637267067], [10.878991770726522, 59.81929419094409], [10.879187535300225, 59.819240091318015], [10.879525772777162, 59.819149909400565], [10.879810609728484, 59.819059850958446], [10.88011299269179, 59.81896072092683], [10.880362113213835, 59.818870709969694], [10.880555560699143, 59.8187934285468], [10.88071793383103, 59.818701776278616], [10.88085998818986, 59.81860984571883], [10.880936458140265, 59.81853429162381], [10.881048824422761, 59.81842686484808], [10.88115496166446, 59.81833515734151], [10.881286063730919, 59.81826248380617], [10.881404898350047, 59.818202372504665], [10.881642875096716, 59.81813889374885], [10.881755403835312, 59.818116795710075], [10.881962056271702, 59.81809441200197], [10.882256423911514, 59.81808457739304], [10.882443697282074, 59.818096200826126], [10.882764726246682, 59.81814078672542], [10.88417413805455, 59.818390299113396], [10.884423784763605, 59.81842599171396], [10.884633311204066, 59.818488748011404], [10.884834350474733, 59.81854215773398], [10.885104024980572, 59.8186238809754], [10.88521091284006, 59.81866481054634], [10.885424062096682, 59.8187401773018], [10.885593818273298, 59.81879683115146], [10.885712843875961, 59.81883778127757], [10.885913702096751, 59.81887535955584], [10.886114359446609, 59.81889719690779], [10.886261917093998, 59.818899389225194], [10.886458159036845, 59.818899149830315], [10.886600546869982, 59.81888104041336], [10.886761012666337, 59.81885387560204], [10.886903260648312, 59.818826770671585], [10.887045763519435, 59.81878169090559], [10.887170363167812, 59.81874567185796], [10.887312575121326, 59.81868269051131], [10.887529217316398, 59.818608283266684], [10.88789796849948, 59.81844998544802], [10.888160553438485, 59.8183360153772], [10.888385768911096, 59.81822537181872], [10.888646596356077, 59.81811548220393], [10.889161521009806, 59.817971914438324], [10.88935844488786, 59.81790821614031], [10.889561872631004, 59.81786414125594], [10.889862383400425, 59.817794331421304], [10.890225283239728, 59.81769923052633], [10.890357525143324, 59.81765184871933], [10.890324729262083, 59.81762825555027], [10.890253452567018, 59.817576485653056], [10.890176100808683, 59.817529111629945], [10.889472602372587, 59.8169031805172], [10.888801185302786, 59.81638641056942], [10.88877225699529, 59.81635898191092], [10.888672412735307, 59.81626387934449], [10.888353040730129, 59.81595997058117], [10.887872351455245, 59.81578290866297], [10.887059070398397, 59.81561898990498], [10.886052254302749, 59.81521524009172], [10.885906740591945, 59.81517202221278], [10.885379587320296, 59.815015793541605], [10.884816439557556, 59.814873540593894], [10.88385660470843, 59.81467659882599], [10.88331531910462, 59.81465370512372], [10.88323140437088, 59.814608998019125], [10.883198408594634, 59.814591420290945], [10.883150720361582, 59.814552613038266], [10.88286146654906, 59.814407155820355], [10.88273322648186, 59.81431376579894], [10.882411558828652, 59.81400446357086], [10.882340828068262, 59.81364647304921], [10.882348648788819, 59.813474809294014], [10.882284757763632, 59.81333164818164], [10.882252011616986, 59.81323837427573], [10.882238181782167, 59.81310325512948], [10.882273304203874, 59.81294467540667], [10.88217112397821, 59.812855698479574], [10.88209967483805, 59.81285462792072], [10.88216675309413, 59.812703253504964], [10.882045572795121, 59.81253545988011], [10.881313544945378, 59.811927196263184], [10.881134987664451, 59.8118063328359], [10.88057705018201, 59.811517040189464], [10.880296889032532, 59.811389303679555], [10.880201374943002, 59.81129990487028], [10.880013986219057, 59.81100505636105], [10.879945701021866, 59.81101307405556], [10.879362901327243, 59.81108101893185], [10.879554576646164, 59.811424913860456], [10.879588642330914, 59.811485772671716], [10.87941068928362, 59.8116286332266], [10.879411241182119, 59.81166892985918], [10.879363565304317, 59.81166473739693], [10.879311887773376, 59.81171022982142], [10.879280796554621, 59.81171482901463], [10.879195782771925, 59.8117657484449], [10.879210064762335, 59.81179460808266], [10.879167848847077, 59.8118761812346], [10.879123870577367, 59.81192002679171], [10.87903824590731, 59.811970117723966], [10.879056782695478, 59.81199920132907], [10.878932838340798, 59.8120459324077], [10.878901412978042, 59.81205321827739], [10.87883277977387, 59.8120553814431], [10.878674654722142, 59.81206381747086], [10.878657156570146, 59.81217790403491], [10.87852349762656, 59.812174700222144], [10.87828875793575, 59.81210116154786], [10.878249280423063, 59.81209129092353], [10.877458622341509, 59.812077451360416], [10.877403681243985, 59.81211465796571], [10.877434717021865, 59.812189898350546], [10.877097971040163, 59.81228731258235], [10.876921764285349, 59.8122947299609], [10.876866196687118, 59.812381727456575], [10.876751138569363, 59.81240418989715], [10.876549172925522, 59.812387511146184], [10.876404636584983, 59.81242460314133], [10.876338323373995, 59.81248159244941], [10.876215067725749, 59.81251548583417], [10.876146391578782, 59.81249777574822], [10.876040526044312, 59.81249211526801], [10.875888724786243, 59.81254318372943], [10.87586244085924, 59.8125680728207], [10.87577911391933, 59.81260097157917], [10.875671646220416, 59.81262699932477], [10.87563351749004, 59.81273171680048], [10.875576972275585, 59.812728502692096], [10.875552209677315, 59.812754068818876], [10.875508390739363, 59.81279225403574], [10.875413455310584, 59.81277614665675], [10.875351171783587, 59.812793342084284], [10.875251746020487, 59.8127774530896], [10.875171601788903, 59.812790401302934], [10.875055830827966, 59.812782540533746], [10.875024256291963, 59.81274342711408], [10.874975674230713, 59.81272347016673], [10.874957214838245, 59.812686566175785], [10.874894823337344, 59.81264549647054], [10.874859261832329, 59.81257946450884], [10.874734128064553, 59.81254487564401], [10.874608615150773, 59.81258112418781], [10.874502616983374, 59.812727945494444], [10.874423430958382, 59.81275189319566], [10.87440311515929, 59.81279054612898], [10.874266676209004, 59.81278671022686], [10.874153065969866, 59.812827738662506], [10.874138741489231, 59.81287134503895], [10.87406763377904, 59.81293097027873], [10.873726321968599, 59.812975725124424], [10.873584188285474, 59.81291839353088], [10.873471629118155, 59.81295091222074], [10.87322546347596, 59.81293364883963], [10.873154335103171, 59.812922783084986], [10.872978307180114, 59.81294890187149], [10.872892430648324, 59.812937482489296], [10.87282556322747, 59.812983034918545], [10.87280694319521, 59.81300942292447], [10.872762671183139, 59.8130252945446], [10.872702301260833, 59.813019801947256], [10.872504544402865, 59.813042630363164], [10.872423565320446, 59.81305941684962], [10.872272253668012, 59.81300269412062], [10.871392954809362, 59.81312062934193], [10.870693882419294, 59.81320592100147], [10.87030564122809, 59.813253328201334], [10.869668512095584, 59.813216125309495], [10.868900240771662, 59.81305314724578], [10.86718178206145, 59.81268863466371], [10.865809884086248, 59.812702202737746], [10.864816725279447, 59.81267876670231], [10.864451544698847, 59.812587790057], [10.863693202588147, 59.812467350894316], [10.863152819668757, 59.81232679734452], [10.862936219822153, 59.81216775651966], [10.86261180666393, 59.81196557957783], [10.862483858381301, 59.81185023974335], [10.862371564433216, 59.81180435499124], [10.861937652816158, 59.81161149408952], [10.860739234749751, 59.811346712220846], [10.86035951689191, 59.8112968047148], [10.860206704001294, 59.8111302387427], [10.86002025392097, 59.811047668737025], [10.859867756546798, 59.811028026785806], [10.859651195110718, 59.81093785400039], [10.859302602320602, 59.81086015193788], [10.858986187248282, 59.810825182613584], [10.858895276913461, 59.810536848182615], [10.85736423328125, 59.809986059854864], [10.856965115950015, 59.80966588499666], [10.85690506451165, 59.80961768638684], [10.856833049709365, 59.80955517427923], [10.856835023941628, 59.80951774327768], [10.856733507814221, 59.80945133355804], [10.85674594636043, 59.80942879856312], [10.856717606397881, 59.809402639233994], [10.856630956944212, 59.80938606020104], [10.85652219246466, 59.80933344815802], [10.856402169644177, 59.809341260449294], [10.85629951093438, 59.8093113184822], [10.856232276350958, 59.8093439040272], [10.856047314382005, 59.809433285773274], [10.855241991575628, 59.809536451351526], [10.85409370823891, 59.80970764168429], [10.853810624079923, 59.809743483667965], [10.853500887382207, 59.809795566107674], [10.85281320346572, 59.8099314729944], [10.852192350054716, 59.810172884462716], [10.85122054935711, 59.8105162296811], [10.850810176220437, 59.81076724951552], [10.850264648000019, 59.81095393789009], [10.850018962612177, 59.81110217415644], [10.84938592960369, 59.811323498179426], [10.84869154359196, 59.81167046585771], [10.84791139650899, 59.8119219297761], [10.847885750517172, 59.81229830079178], [10.847665307685329, 59.81253031872845], [10.847442354583105, 59.81279390670434], [10.84717766581962, 59.81312594695284], [10.846848209306314, 59.81367973106692], [10.846755208796194, 59.81393465815615], [10.84649437538676, 59.814239936160334], [10.846215827139556, 59.8146958843396], [10.84600956754866, 59.81525356145816], [10.84604302400308, 59.81570984447612], [10.846170447604454, 59.81587059055029], [10.846065444157828, 59.81654682670621], [10.84592574775876, 59.816879760498686], [10.845680026741844, 59.816843038475824], [10.845182469431574, 59.8167685022157]]]}, "properties": {"FID": 18, "kommunenum": "0301", "BYDEL": "15", "BYDELSNAVN": "Søndre Nordstrand"}}]}